t,dist_m,true_x,true_y,true_yaw_deg,est_x,est_y,est_yaw_deg,err_along,err_cross,err_dist,err_yaw_deg,m2o_x,m2o_y,m2o_yaw_deg,o2b_x,o2b_y,o2b_yaw_deg,speed,yaw_rate,enc_dist,dr_err,fit_true,fit_est,fit_ratio
0.000,0.000,-1.7946,6.0646,62.122,-2.0477,5.6111,63.298,-0.5192,0.0117,0.5194,1.176,-2.1149,5.4981,2.642,0.0672,0.1267,62.122,-0.005,-0.0001,0.143,0.0000,0.0111,0.2540,22.8353
0.050,0.000,-1.7947,6.0644,62.117,-2.0499,5.6217,63.974,-0.5106,0.0185,0.5110,1.857,-2.1149,5.4981,2.642,0.0672,0.1267,62.117,-0.004,-0.0001,0.143,0.0002,0.0112,0.2403,21.4138
0.100,0.000,-1.7948,6.0642,62.117,-2.0504,5.6247,64.163,-0.5080,0.0204,0.5084,2.046,-2.1149,5.4981,2.642,0.0672,0.1267,62.117,-0.003,-0.0001,0.143,0.0004,0.0112,0.2359,21.0234
0.150,0.001,-1.7948,6.0641,62.115,-2.0504,5.6247,64.160,-0.5079,0.0204,0.5083,2.046,-2.1149,5.4981,2.642,0.0672,0.1267,62.115,-0.002,0.0000,0.143,0.0005,0.0113,0.2356,20.9070
0.200,0.001,-1.7949,6.0640,62.113,-2.0504,5.6247,64.159,-0.5078,0.0204,0.5082,2.046,-2.1149,5.4981,2.642,0.0672,0.1267,62.113,-0.002,0.0000,0.143,0.0007,0.0115,0.2353,20.5263
0.250,0.001,-1.7949,6.0640,62.112,-2.0504,5.6247,64.157,-0.5078,0.0204,0.5082,2.046,-2.1149,5.4981,2.642,0.0672,0.1267,62.112,-0.001,0.0000,0.143,0.0007,0.0116,0.2351,20.3160
0.300,0.001,-1.7949,6.0640,62.112,-2.0504,5.6247,64.157,-0.5078,0.0204,0.5082,2.046,-2.1149,5.4981,2.642,0.0672,0.1267,62.112,-0.001,0.0000,0.143,0.0007,0.0116,0.2351,20.3160
0.350,0.001,-1.7949,6.0639,62.111,-2.0504,5.6247,64.157,-0.5077,0.0204,0.5081,2.046,-2.1149,5.4981,2.642,0.0672,0.1267,62.111,-0.001,0.0000,0.143,0.0008,0.0115,0.2351,20.4009
0.400,0.001,-1.7950,6.0639,62.110,-2.0511,5.6253,64.279,-0.5074,0.0212,0.5079,2.169,-2.1140,5.5007,3.214,0.0672,0.1267,62.110,-0.001,0.0000,0.143,0.0008,0.0117,0.2328,19.9505
0.450,0.001,-1.7950,6.0639,62.110,-2.0536,5.6277,64.752,-0.5065,0.0245,0.5071,2.642,-2.1140,5.5007,3.214,0.0672,0.1267,62.110,-0.001,0.0000,0.143,0.0008,0.0117,0.2241,19.2050
0.500,0.001,-1.7950,6.0638,62.124,-2.0536,5.6277,64.766,-0.5064,0.0247,0.5070,2.642,-2.1140,5.5007,3.214,0.0672,0.1267,62.124,-0.000,0.0000,0.143,0.0009,0.0117,0.2239,19.0828
0.550,0.001,-1.7950,6.0638,62.124,-2.0536,5.6277,64.766,-0.5064,0.0247,0.5070,2.642,-2.1140,5.5007,3.214,0.0672,0.1267,62.124,-0.000,0.0000,0.143,0.0009,0.0118,0.2238,18.9985
0.600,0.001,-1.7950,6.0638,62.124,-2.0536,5.6277,64.766,-0.5064,0.0247,0.5070,2.642,-2.1140,5.5007,3.214,0.0672,0.1267,62.124,-0.000,0.0000,0.143,0.0009,0.0117,0.2238,19.0780
0.650,0.001,-1.7950,6.0638,62.124,-2.0536,5.6277,64.766,-0.5064,0.0247,0.5070,2.642,-2.1140,5.5007,3.214,0.0672,0.1267,62.124,-0.000,0.0000,0.143,0.0009,0.0117,0.2238,19.1577
0.700,0.001,-1.7950,6.0638,62.124,-2.0536,5.6277,64.766,-0.5064,0.0247,0.5070,2.642,-2.1140,5.5007,3.214,0.0672,0.1267,62.124,-0.000,0.0000,0.143,0.0009,0.0117,0.2238,19.1577
0.750,0.001,-1.7950,6.0638,62.124,-2.0536,5.6277,64.766,-0.5064,0.0247,0.5070,2.642,-2.1140,5.5007,3.214,0.0672,0.1267,62.124,-0.000,0.0000,0.143,0.0009,0.0117,0.2238,19.1577
0.800,0.001,-1.7950,6.0638,62.124,-2.0537,5.6285,64.913,-0.5058,0.0252,0.5064,2.789,-2.1140,5.5007,3.214,0.0672,0.1267,62.124,-0.000,0.0000,0.143,0.0009,0.0117,0.2213,18.9431
0.850,0.001,-1.7950,6.0638,62.124,-2.0540,5.6309,65.338,-0.5038,0.0265,0.5045,3.214,-2.1160,5.5021,3.891,0.0672,0.1267,62.124,-0.000,0.0000,0.143,0.0009,0.0117,0.2149,18.3984
0.900,0.001,-1.7950,6.0638,62.124,-2.0540,5.6309,65.338,-0.5038,0.0265,0.5045,3.214,-2.1160,5.5021,3.891,0.0672,0.1267,62.124,-0.000,0.0000,0.143,0.0009,0.0117,0.2149,18.3945
0.950,0.001,-1.7950,6.0638,62.124,-2.0540,5.6309,65.338,-0.5038,0.0265,0.5045,3.214,-2.1160,5.5021,3.891,0.0672,0.1267,62.124,0.000,0.0000,0.143,0.0009,0.0117,0.2149,18.3766
1.000,0.001,-1.7950,6.0638,62.124,-2.0540,5.6309,65.338,-0.5038,0.0265,0.5045,3.214,-2.1160,5.5021,3.891,0.0672,0.1267,62.124,0.000,0.0000,0.143,0.0009,0.0117,0.2149,18.3766
1.050,0.001,-1.7950,6.0638,62.109,-2.0540,5.6309,65.323,-0.5038,0.0264,0.5045,3.214,-2.1160,5.5021,3.891,0.0672,0.1267,62.109,0.000,0.0000,0.143,0.0009,0.0117,0.2150,18.4009
1.100,0.001,-1.7950,6.0638,62.109,-2.0540,5.6309,65.323,-0.5038,0.0264,0.5045,3.214,-2.1160,5.5021,3.891,0.0672,0.1267,62.109,0.000,0.0000,0.143,0.0009,0.0117,0.2150,18.4009
1.150,0.001,-1.7950,6.0638,62.108,-2.0540,5.6309,65.323,-0.5038,0.0264,0.5045,3.214,-2.1160,5.5021,3.891,0.0672,0.1267,62.108,0.000,0.0000,0.143,0.0009,0.0117,0.2150,18.4009
1.200,0.001,-1.7950,6.0638,62.108,-2.0540,5.6309,65.323,-0.5038,0.0264,0.5045,3.214,-2.1160,5.5021,3.891,0.0672,0.1267,62.108,0.000,0.0000,0.143,0.0009,0.0117,0.2150,18.4009
1.250,0.001,-1.7950,6.0638,62.108,-2.0546,5.6312,65.433,-0.5037,0.0271,0.5045,3.325,-2.1134,5.5007,4.516,0.0672,0.1267,62.108,0.000,0.0000,0.143,0.0009,0.0117,0.2135,18.2732
1.300,0.001,-1.7950,6.0638,62.108,-2.0574,5.6329,65.974,-0.5036,0.0304,0.5045,3.865,-2.1134,5.5007,4.516,0.0672,0.1267,62.108,0.000,0.0000,0.143,0.0009,0.0117,0.2064,17.6678
1.350,0.001,-1.7950,6.0638,62.108,-2.0576,5.6330,65.999,-0.5036,0.0305,0.5045,3.891,-2.1134,5.5007,4.516,0.0672,0.1267,62.108,0.000,0.0000,0.143,0.0009,0.0116,0.2061,17.7206
1.400,0.001,-1.7950,6.0638,62.108,-2.0576,5.6330,65.999,-0.5036,0.0305,0.5045,3.891,-2.1134,5.5007,4.516,0.0672,0.1267,62.108,0.000,0.0000,0.143,0.0009,0.0117,0.2061,17.6466
1.450,0.001,-1.7950,6.0638,62.108,-2.0576,5.6330,65.999,-0.5036,0.0305,0.5045,3.891,-2.1134,5.5007,4.516,0.0672,0.1267,62.108,0.000,0.0000,0.143,0.0009,0.0116,0.2061,17.7206
1.500,0.001,-1.7950,6.0638,62.108,-2.0576,5.6330,65.999,-0.5036,0.0305,0.5045,3.891,-2.1134,5.5007,4.516,0.0672,0.1267,62.108,0.000,0.0000,0.143,0.0009,0.0116,0.2061,17.7206
1.550,0.001,-1.7950,6.0638,62.108,-2.0576,5.6330,65.999,-0.5036,0.0305,0.5045,3.891,-2.1134,5.5007,4.516,0.0672,0.1267,62.108,0.000,0.0000,0.143,0.0009,0.0117,0.2061,17.6466
1.600,0.001,-1.7950,6.0638,62.108,-2.0576,5.6330,65.999,-0.5036,0.0305,0.5045,3.891,-2.1134,5.5007,4.516,0.0672,0.1267,62.108,0.000,0.0000,0.143,0.0009,0.0117,0.2061,17.6466
1.650,0.001,-1.7950,6.0638,62.108,-2.0574,5.6329,66.111,-0.5036,0.0303,0.5045,4.002,-2.1134,5.5007,4.516,0.0672,0.1267,62.108,0.000,0.0000,0.143,0.0009,0.0116,0.2053,17.6489
1.700,0.001,-1.7950,6.0638,62.108,-2.0564,5.6322,66.625,-0.5037,0.0291,0.5046,4.516,-2.1098,5.5074,5.315,0.0672,0.1267,62.108,0.000,0.0000,0.143,0.0009,0.0116,0.1980,17.0227
1.750,0.001,-1.7950,6.0638,62.108,-2.0564,5.6322,66.625,-0.5037,0.0291,0.5046,4.516,-2.1098,5.5074,5.315,0.0672,0.1267,62.108,0.000,0.0000,0.143,0.0009,0.0116,0.1980,17.0227
1.800,0.001,-1.7950,6.0638,62.108,-2.0564,5.6322,66.625,-0.5037,0.0291,0.5046,4.516,-2.1098,5.5074,5.315,0.0672,0.1267,62.108,0.000,0.0000,0.143,0.0009,0.0116,0.1980,17.0227
1.850,0.001,-1.7950,6.0638,62.108,-2.0564,5.6322,66.625,-0.5037,0.0291,0.5046,4.516,-2.1098,5.5074,5.315,0.0672,0.1267,62.108,0.000,0.0000,0.143,0.0009,0.0117,0.1981,16.9550
1.900,0.001,-1.7950,6.0638,62.108,-2.0564,5.6322,66.625,-0.5037,0.0291,0.5046,4.516,-2.1098,5.5074,5.315,0.0672,0.1267,62.108,0.000,0.0000,0.143,0.0009,0.0117,0.1981,16.9550
1.950,0.001,-1.7950,6.0638,62.108,-2.0564,5.6322,66.625,-0.5037,0.0291,0.5046,4.516,-2.1098,5.5074,5.315,0.0672,0.1267,62.108,0.000,0.0000,0.143,0.0009,0.0117,0.1981,16.9550
2.000,0.001,-1.7950,6.0638,62.108,-2.0564,5.6322,66.625,-0.5037,0.0291,0.5046,4.516,-2.1098,5.5074,5.315,0.0672,0.1267,62.108,0.000,0.0000,0.143,0.0009,0.0117,0.1981,16.9550
2.050,0.001,-1.7950,6.0638,62.108,-2.0564,5.6322,66.625,-0.5037,0.0291,0.5046,4.516,-2.1098,5.5074,5.315,0.0672,0.1267,62.108,0.000,0.0000,0.143,0.0009,0.0117,0.1981,16.9550
2.100,0.001,-1.7950,6.0638,62.108,-2.0559,5.6344,66.855,-0.5015,0.0297,0.5024,4.747,-2.1017,5.5161,6.376,0.0672,0.1267,62.108,0.000,0.0000,0.143,0.0009,0.0117,0.1932,16.5421
2.150,0.001,-1.7950,6.0638,62.108,-2.0546,5.6398,67.423,-0.4962,0.0311,0.4972,5.315,-2.1017,5.5161,6.376,0.0672,0.1267,62.108,0.000,0.0000,0.143,0.0009,0.0117,0.1839,15.7420
2.200,0.001,-1.7950,6.0638,62.108,-2.0546,5.6398,67.423,-0.4962,0.0311,0.4972,5.315,-2.1017,5.5161,6.376,0.0672,0.1267,62.108,0.000,0.0000,0.143,0.0009,0.0117,0.1839,15.7420
2.250,0.001,-1.7950,6.0638,62.108,-2.0546,5.6398,67.423,-0.4962,0.0311,0.4972,5.315,-2.1017,5.5161,6.376,0.0672,0.1267,62.108,0.000,0.0000,0.143,0.0009,0.0117,0.1839,15.7420
2.300,0.001,-1.7950,6.0638,62.108,-2.0546,5.6398,67.423,-0.4962,0.0311,0.4972,5.315,-2.1017,5.5161,6.376,0.0672,0.1267,62.108,0.000,0.0000,0.143,0.0009,0.0117,0.1839,15.7420
2.350,0.001,-1.7950,6.0638,62.108,-2.0546,5.6398,67.423,-0.4962,0.0311,0.4972,5.315,-2.1017,5.5161,6.376,0.0672,0.1267,62.108,0.000,0.0000,0.143,0.0009,0.0117,0.1839,15.7420
2.400,0.001,-1.7950,6.0638,62.108,-2.0546,5.6398,67.423,-0.4962,0.0311,0.4972,5.315,-2.1017,5.5161,6.376,0.0672,0.1267,62.108,0.000,0.0000,0.143,0.0009,0.0117,0.1839,15.7420
2.450,0.001,-1.7950,6.0638,62.108,-2.0546,5.6398,67.423,-0.4962,0.0311,0.4972,5.315,-2.1017,5.5161,6.376,0.0672,0.1267,62.108,0.000,0.0000,0.143,0.0009,0.0117,0.1839,15.7420
2.500,0.001,-1.7950,6.0638,62.108,-2.0546,5.6398,67.423,-0.4962,0.0311,0.4972,5.315,-2.1017,5.5161,6.376,0.0672,0.1267,62.108,0.000,0.0000,0.143,0.0009,0.0117,0.1839,15.7420
2.550,0.001,-1.7950,6.0638,62.108,-2.0510,5.6459,68.096,-0.4891,0.0308,0.4901,5.987,-2.0915,5.5307,7.160,0.0672,0.1267,62.108,0.000,0.0000,0.143,0.0009,0.0117,0.1724,14.7767
2.600,0.001,-1.7950,6.0638,62.124,-2.0490,5.6495,68.499,-0.4850,0.0308,0.4860,6.376,-2.0915,5.5307,7.160,0.0672,0.1267,62.124,0.000,0.0000,0.143,0.0009,0.0117,0.1681,14.3140
2.650,0.001,-1.7950,6.0638,62.124,-2.0490,5.6495,68.499,-0.4850,0.0308,0.4860,6.376,-2.0915,5.5307,7.160,0.0672,0.1267,62.124,0.000,0.0000,0.143,0.0009,0.0117,0.1681,14.3164
2.700,0.001,-1.7950,6.0638,62.124,-2.0490,5.6495,68.499,-0.4850,0.0308,0.4860,6.376,-2.0915,5.5307,7.160,0.0672,0.1267,62.124,0.000,0.0000,0.143,0.0009,0.0117,0.1681,14.3164
2.750,0.001,-1.7950,6.0638,62.124,-2.0490,5.6495,68.499,-0.4850,0.0308,0.4860,6.376,-2.0915,5.5307,7.160,0.0672,0.1267,62.124,0.000,0.0000,0.143,0.0009,0.0117,0.1681,14.3164
2.800,0.001,-1.7950,6.0638,62.124,-2.0490,5.6495,68.499,-0.4850,0.0308,0.4860,6.376,-2.0915,5.5307,7.160,0.0672,0.1267,62.124,0.000,0.0000,0.143,0.0009,0.0117,0.1681,14.3164
2.850,0.001,-1.7950,6.0638,62.124,-2.0490,5.6495,68.499,-0.4850,0.0308,0.4860,6.376,-2.0915,5.5307,7.160,0.0672,0.1267,62.124,0.000,0.0000,0.143,0.0009,0.0117,0.1681,14.3164
2.900,0.001,-1.7950,6.0638,62.124,-2.0490,5.6495,68.499,-0.4850,0.0308,0.4860,6.376,-2.0915,5.5307,7.160,0.0672,0.1267,62.124,0.000,0.0000,0.143,0.0009,0.0117,0.1681,14.3140
2.950,0.001,-1.7950,6.0638,62.124,-2.0490,5.6495,68.499,-0.4850,0.0308,0.4860,6.376,-2.0915,5.5307,7.160,0.0672,0.1267,62.124,0.000,0.0000,0.143,0.0009,0.0117,0.1681,14.3140
3.000,0.001,-1.7950,6.0638,62.124,-2.0415,5.6631,69.197,-0.4695,0.0305,0.4705,7.073,-2.0840,5.5408,8.045,0.0672,0.1267,62.124,0.000,0.0000,0.143,0.0009,0.0117,0.1557,13.2597
3.050,0.001,-1.7950,6.0638,62.124,-2.0406,5.6648,69.283,-0.4676,0.0305,0.4685,7.160,-2.0840,5.5408,8.045,0.0672,0.1267,62.124,0.000,0.0000,0.143,0.0009,0.0117,0.1536,13.0834
3.100,0.001,-1.7950,6.0638,62.124,-2.0406,5.6648,69.283,-0.4676,0.0305,0.4685,7.160,-2.0840,5.5408,8.045,0.0672,0.1267,62.124,0.000,0.0000,0.143,0.0009,0.0117,0.1536,13.0834
3.150,0.001,-1.7950,6.0638,62.124,-2.0406,5.6648,69.283,-0.4676,0.0305,0.4685,7.160,-2.0840,5.5408,8.045,0.0672,0.1267,62.124,0.000,0.0000,0.143,0.0009,0.0117,0.1536,13.0834
3.200,0.001,-1.7950,6.0638,62.124,-2.0406,5.6648,69.283,-0.4676,0.0305,0.4685,7.160,-2.0840,5.5408,8.045,0.0672,0.1267,62.124,0.000,0.0000,0.143,0.0009,0.0117,0.1536,13.0834
3.250,0.001,-1.7950,6.0638,62.124,-2.0406,5.6648,69.283,-0.4676,0.0305,0.4685,7.160,-2.0840,5.5408,8.045,0.0672,0.1267,62.124,0.000,0.0000,0.143,0.0009,0.0117,0.1536,13.0834
3.300,0.001,-1.7950,6.0638,62.124,-2.0406,5.6648,69.283,-0.4676,0.0305,0.4685,7.160,-2.0840,5.5408,8.045,0.0672,0.1267,62.124,0.000,0.0000,0.143,0.0009,0.0117,0.1536,13.0834
3.350,0.001,-1.7950,6.0638,62.124,-2.0406,5.6648,69.283,-0.4676,0.0305,0.4685,7.160,-2.0840,5.5408,8.045,0.0672,0.1267,62.124,0.000,0.0000,0.143,0.0009,0.0117,0.1536,13.0834
3.400,0.001,-1.7950,6.0638,62.124,-2.0401,5.6657,69.363,-0.4665,0.0305,0.4675,7.239,-2.0730,5.5503,9.130,0.0672,0.1267,62.124,0.000,0.0000,0.143,0.0009,0.0117,0.1524,12.9815
3.450,0.001,-1.7950,6.0638,62.124,-2.0356,5.6747,70.095,-0.4565,0.0308,0.4575,7.971,-2.0730,5.5503,9.130,0.0672,0.1267,62.124,0.000,0.0000,0.143,0.0009,0.0117,0.1391,11.8475
3.500,0.001,-1.7950,6.0638,62.124,-2.0352,5.6756,70.169,-0.4555,0.0308,0.4565,8.045,-2.0730,5.5503,9.130,0.0672,0.1267,62.124,0.000,0.0000,0.143,0.0009,0.0117,0.1379,11.7474
3.550,0.001,-1.7950,6.0638,62.124,-2.0352,5.6756,70.169,-0.4555,0.0308,0.4565,8.045,-2.0730,5.5503,9.130,0.0672,0.1267,62.124,0.000,0.0000,0.143,0.0009,0.0117,0.1379,11.7474
3.600,0.001,-1.7950,6.0638,62.124,-2.0352,5.6756,70.169,-0.4555,0.0308,0.4565,8.045,-2.0730,5.5503,9.130,0.0672,0.1267,62.124,0.000,0.0000,0.143,0.0009,0.0117,0.1379,11.7474
3.650,0.001,-1.7950,6.0638,62.124,-2.0352,5.6756,70.169,-0.4555,0.0308,0.4565,8.045,-1.8617,5.9415,0.157,0.0672,0.1267,62.124,0.000,0.0000,0.143,0.0009,0.0117,0.1379,11.7474
3.700,0.001,-1.7950,6.0638,62.124,-2.0352,5.6756,70.169,-0.4555,0.0308,0.4565,8.045,-1.8617,5.9415,0.157,0.0672,0.1267,62.124,0.000,0.0000,0.143,0.0009,0.0117,0.1379,11.7474
3.750,0.001,-1.7950,6.0638,62.124,-2.0352,5.6756,70.169,-0.4555,0.0308,0.4565,8.045,-1.8617,5.9415,0.157,0.0672,0.1267,62.124,0.000,0.0000,0.143,0.0009,0.0117,0.1379,11.7474
3.800,0.001,-1.7950,6.0638,62.124,-2.0338,5.6773,70.346,-0.4533,0.0304,0.4543,8.223,-1.8617,5.9415,0.157,0.0672,0.1267,62.124,0.000,0.0000,0.143,0.0009,0.0117,0.1355,11.5439
3.850,0.001,-1.7950,6.0638,62.124,-2.0267,5.6860,71.254,-0.4423,0.0282,0.4432,9.130,-1.8615,5.9425,0.098,0.0672,0.1267,62.124,0.000,0.0000,0.143,0.0009,0.0117,0.1219,10.3808
3.900,0.001,-1.7950,6.0638,62.124,-2.0267,5.6860,71.254,-0.4423,0.0282,0.4432,9.130,-1.8615,5.9425,0.098,0.0672,0.1267,62.124,0.000,0.0000,0.143,0.0009,0.0117,0.1219,10.3808
3.950,0.001,-1.7950,6.0638,62.124,-2.0267,5.6860,71.254,-0.4423,0.0282,0.4432,9.130,-1.8615,5.9425,0.098,0.0672,0.1267,62.124,0.000,0.0000,0.143,0.0009,0.0117,0.1219,10.3808
4.000,0.001,-1.7950,6.0638,62.124,-2.0267,5.6860,71.254,-0.4423,0.0282,0.4432,9.130,-1.8615,5.9425,0.098,0.0672,0.1267,62.124,0.000,0.0000,0.143,0.0009,0.0117,0.1219,10.3808
4.050,0.001,-1.7950,6.0638,62.124,-1.8714,5.9422,65.249,-0.1432,0.0107,0.1436,3.125,-1.8615,5.9425,0.098,0.0672,0.1267,62.124,0.000,0.0000,0.143,0.0009,0.0117,0.0093,0.7879
4.100,0.001,-1.7950,6.0638,62.124,-1.7949,6.0684,62.281,0.0041,0.0020,0.0046,0.157,-1.8615,5.9425,0.098,0.0672,0.1267,62.124,0.000,0.0000,0.143,0.0009,0.0117,0.0154,1.3097
4.150,0.001,-1.7950,6.0638,62.124,-1.7949,6.0684,62.281,0.0041,0.0020,0.0046,0.157,-1.8615,5.9425,0.098,0.0672,0.1267,62.124,0.000,0.0000,0.143,0.0009,0.0117,0.0154,1.3097
4.200,0.001,-1.7950,6.0638,62.124,-1.7949,6.0684,62.281,0.0041,0.0020,0.0046,0.157,-1.8615,5.9425,0.098,0.0672,0.1267,62.124,0.000,0.0000,0.143,0.0009,0.0117,0.0154,1.3097
4.250,0.001,-1.7950,6.0638,62.124,-1.7948,6.0686,62.265,0.0043,0.0020,0.0048,0.142,-1.8615,5.9425,0.098,0.0672,0.1267,62.124,0.000,0.0000,0.143,0.0009,0.0117,0.0153,1.3013
4.300,0.001,-1.7950,6.0638,62.124,-1.7945,6.0693,62.221,0.0051,0.0021,0.0055,0.098,-1.8615,5.9425,0.098,0.0672,0.1267,62.124,0.000,0.0000,0.143,0.0009,0.0117,0.0154,1.3156
4.350,0.001,-1.7950,6.0638,62.124,-1.7945,6.0693,62.221,0.0051,0.0021,0.0055,0.098,-1.8586,5.9456,0.104,0.0672,0.1267,62.124,0.000,0.0000,0.143,0.0009,0.0117,0.0154,1.3156
4.400,0.001,-1.7950,6.0638,62.124,-1.7945,6.0693,62.221,0.0051,0.0021,0.0055,0.098,-1.8586,5.9456,0.104,0.0672,0.1267,62.124,0.000,0.0000,0.143,0.0009,0.0117,0.0154,1.3156
4.450,0.001,-1.7950,6.0638,62.124,-1.7945,6.0693,62.221,0.0051,0.0021,0.0055,0.098,-1.8586,5.9456,0.104,0.0672,0.1267,62.124,0.000,0.0000,0.143,0.0009,0.0117,0.0154,1.3156
4.500,0.001,-1.7950,6.0638,62.124,-1.7945,6.0693,62.221,0.0051,0.0021,0.0055,0.098,-1.8586,5.9456,0.104,0.0672,0.1267,62.124,0.000,0.0000,0.143,0.0009,0.0117,0.0154,1.3156
4.550,0.001,-1.7950,6.0638,62.124,-1.7945,6.0693,62.221,0.0051,0.0021,0.0055,0.098,-1.8586,5.9456,0.104,0.0672,0.1267,62.124,0.000,0.0000,0.143,0.0009,0.0117,0.0154,1.3156
4.600,0.001,-1.7950,6.0638,62.124,-1.7945,6.0693,62.221,0.0051,0.0021,0.0055,0.098,-1.8586,5.9456,0.104,0.0672,0.1267,62.124,0.000,0.0000,0.143,0.0009,0.0117,0.0154,1.3156
4.650,0.001,-1.7950,6.0638,62.124,-1.7945,6.0693,62.221,0.0051,0.0021,0.0055,0.098,-1.8586,5.9456,0.104,0.0672,0.1267,62.124,0.000,0.0000,0.143,0.0009,0.0117,0.0154,1.3156
4.700,0.001,-1.7950,6.0638,62.124,-1.7945,6.0693,62.221,0.0051,0.0021,0.0055,0.098,-1.8571,5.9489,-0.018,0.0672,0.1267,62.124,0.000,0.0000,0.143,0.0009,0.0117,0.0154,1.3156
4.750,0.001,-1.7950,6.0638,62.124,-1.7938,6.0701,62.223,0.0061,0.0019,0.0064,0.099,-1.8571,5.9489,-0.018,0.0672,0.1267,62.124,0.000,0.0000,0.143,0.0009,0.0117,0.0161,1.3676
4.800,0.001,-1.7950,6.0638,62.124,-1.7917,6.0724,62.227,0.0092,0.0011,0.0092,0.104,-1.8571,5.9489,-0.018,0.0672,0.1267,62.124,0.000,0.0000,0.143,0.0009,0.0117,0.0192,1.6358
4.850,0.001,-1.7950,6.0638,62.124,-1.7917,6.0724,62.227,0.0092,0.0011,0.0092,0.104,-1.8571,5.9489,-0.018,0.0672,0.1267,62.124,0.000,0.0000,0.143,0.0009,0.0117,0.0192,1.6358
4.900,0.001,-1.7950,6.0638,62.124,-1.7917,6.0724,62.227,0.0092,0.0011,0.0092,0.104,-1.8571,5.9489,-0.018,0.0672,0.1267,62.124,0.000,0.0000,0.143,0.0009,0.0117,0.0192,1.6358
4.950,0.001,-1.7950,6.0638,62.124,-1.7917,6.0724,62.227,0.0092,0.0011,0.0092,0.104,-1.8571,5.9489,-0.018,0.0672,0.1267,62.124,0.000,0.0000,0.143,0.0009,0.0117,0.0192,1.6358
5.000,0.001,-1.7950,6.0638,62.124,-1.7917,6.0724,62.227,0.0092,0.0011,0.0092,0.104,-1.8571,5.9489,-0.018,0.0672,0.1267,62.124,0.000,0.0000,0.143,0.0009,0.0117,0.0192,1.6358
5.050,0.001,-1.7950,6.0638,62.124,-1.7917,6.0724,62.227,0.0092,0.0011,0.0092,0.104,-1.8571,5.9489,-0.018,0.0672,0.1267,62.124,0.000,0.0000,0.143,0.0009,0.0117,0.0192,1.6358
5.100,0.001,-1.7950,6.0638,62.124,-1.7917,6.0724,62.227,0.0092,0.0011,0.0092,0.104,-1.8557,5.9531,-0.089,0.0672,0.1267,62.124,0.000,0.0000,0.143,0.0009,0.0117,0.0192,1.6358
5.150,0.001,-1.7950,6.0638,62.124,-1.7906,6.0743,62.155,0.0113,0.0010,0.0113,0.032,-1.8557,5.9531,-0.089,0.0672,0.1267,62.124,0.000,0.0000,0.143,0.0009,0.0117,0.0198,1.6850
5.200,0.001,-1.7950,6.0638,62.124,-1.7899,6.0756,62.105,0.0128,0.0010,0.0128,-0.018,-1.8557,5.9531,-0.089,0.0672,0.1267,62.124,0.000,0.0000,0.143,0.0009,0.0117,0.0204,1.7375
5.250,0.001,-1.7950,6.0638,62.124,-1.7899,6.0756,62.105,0.0128,0.0010,0.0128,-0.018,-1.8557,5.9531,-0.089,0.0672,0.1267,62.124,0.000,0.0000,0.143,0.0009,0.0117,0.0204,1.7375
5.300,0.001,-1.7950,6.0638,62.124,-1.7899,6.0756,62.105,0.0128,0.0010,0.0128,-0.018,-1.8557,5.9531,-0.089,0.0672,0.1267,62.124,0.000,0.0000,0.143,0.0009,0.0117,0.0204,1.7375
5.350,0.001,-1.7950,6.0638,62.124,-1.7899,6.0756,62.105,0.0128,0.0010,0.0128,-0.018,-1.8557,5.9531,-0.089,0.0672,0.1267,62.124,0.000,0.0000,0.143,0.0009,0.0117,0.0204,1.7375
5.400,0.001,-1.7950,6.0638,62.124,-1.7899,6.0756,62.105,0.0128,0.0010,0.0128,-0.018,-1.8557,5.9531,-0.089,0.0672,0.1267,62.124,0.000,0.0000,0.143,0.0009,0.0117,0.0204,1.7375
5.450,0.001,-1.7950,6.0638,62.124,-1.7899,6.0756,62.105,0.0128,0.0010,0.0128,-0.018,-1.8557,5.9531,-0.089,0.0672,0.1267,62.124,0.000,0.0000,0.143,0.0009,0.0117,0.0204,1.7375
5.500,0.001,-1.7950,6.0638,62.124,-1.7899,6.0756,62.105,0.0128,0.0010,0.0128,-0.018,-1.8557,5.9531,-0.089,0.0672,0.1267,62.124,0.000,0.0000,0.143,0.0009,0.0117,0.0204,1.7375
5.550,0.001,-1.7950,6.0638,62.124,-1.7886,6.0788,62.049,0.0163,0.0014,0.0163,-0.075,-1.8569,5.9541,0.071,0.0672,0.1267,62.124,0.000,0.0000,0.143,0.0009,0.0117,0.0220,1.8699
5.600,0.001,-1.7950,6.0638,62.124,-1.7883,6.0797,62.034,0.0172,0.0015,0.0172,-0.089,-1.8569,5.9541,0.071,0.0672,0.1267,62.124,0.000,0.0000,0.143,0.0009,0.0117,0.0224,1.9078
5.650,0.001,-1.7950,6.0638,62.124,-1.7883,6.0797,62.034,0.0172,0.0015,0.0172,-0.089,-1.8569,5.9541,0.071,0.0672,0.1267,62.124,0.000,0.0000,0.143,0.0009,0.0117,0.0224,1.9078
5.700,0.001,-1.7950,6.0638,62.124,-1.7883,6.0797,62.034,0.0172,0.0015,0.0172,-0.089,-1.8569,5.9541,0.071,0.0672,0.1267,62.124,0.000,0.0000,0.143,0.0009,0.0117,0.0224,1.9078
5.750,0.001,-1.7949,6.0639,62.124,-1.7883,6.0797,62.034,0.0170,0.0015,0.0171,-0.089,-1.8569,5.9541,0.071,0.0672,0.1267,62.124,0.014,-0.0007,0.143,0.0008,0.0117,0.0224,1.9220
5.800,0.001,-1.7949,6.0639,62.124,-1.7883,6.0797,62.034,0.0170,0.0015,0.0171,-0.089,-1.8569,5.9541,0.071,0.0672,0.1267,62.124,0.014,-0.0007,0.145,0.0008,0.0117,0.0224,1.9220
5.850,0.003,-1.7939,6.0658,62.068,-1.7872,6.0818,61.979,0.0173,0.0016,0.0174,-0.089,-1.8569,5.9541,0.071,0.0683,0.1288,62.068,0.057,-0.0328,0.146,0.0011,0.0121,0.0227,1.8746
5.900,0.008,-1.7916,6.0701,61.827,-1.7848,6.0861,61.738,0.0173,0.0016,0.0174,-0.089,-1.8569,5.9541,0.071,0.0706,0.1331,61.827,0.095,-0.1081,0.151,0.0011,0.0118,0.0227,1.9151
5.950,0.013,-1.7891,6.0747,61.400,-1.7824,6.0905,61.312,0.0171,0.0017,0.0172,-0.088,-1.8569,5.9541,0.071,0.0731,0.1375,61.400,0.099,-0.1520,0.156,0.0008,0.0120,0.0226,1.8780
6.000,0.019,-1.7861,6.0800,60.869,-1.7808,6.0970,60.922,0.0175,0.0037,0.0178,0.054,-1.8569,5.9541,0.071,0.0761,0.1430,60.869,0.127,-0.1958,0.162,0.0010,0.0122,0.0242,1.9841
6.050,0.028,-1.7819,6.0874,60.114,-1.7765,6.1050,60.185,0.0179,0.0041,0.0184,0.071,-1.8569,5.9541,0.071,0.0806,0.1509,60.114,0.180,-0.2787,0.171,0.0016,0.0125,0.0249,1.9881
6.100,0.040,-1.7757,6.0978,59.042,-1.7702,6.1156,59.114,0.0181,0.0044,0.0186,0.071,-1.8569,5.9541,0.071,0.0870,0.1614,59.042,0.235,-0.3604,0.183,0.0018,0.0130,0.0254,1.9574
6.150,0.054,-1.7684,6.1095,57.833,-1.7629,6.1272,57.904,0.0179,0.0048,0.0185,0.071,-1.8569,5.9541,0.071,0.0942,0.1730,57.833,0.264,-0.4046,0.197,0.0017,0.0127,0.0254,2.0038
6.200,0.070,-1.7595,6.1231,56.409,-1.7537,6.1411,56.480,0.0183,0.0051,0.0190,0.071,-1.8569,5.9541,0.071,0.1035,0.1870,56.409,0.309,-0.4728,0.214,0.0022,0.0131,0.0256,1.9513
6.251,0.089,-1.7490,6.1382,54.789,-1.7537,6.1411,56.480,-0.0003,0.0055,0.0055,1.691,-1.8569,5.9541,0.071,0.1035,0.1870,56.409,0.362,-0.5576,0.233,0.0162,0.0211,0.0256,1.2111
6.300,0.089,-1.7490,6.1382,54.789,-1.7424,6.1572,54.861,0.0193,0.0055,0.0201,0.071,-1.8569,5.9541,0.071,0.1148,0.2030,54.789,0.362,-0.5576,0.233,0.0033,0.0135,0.0265,1.9713
6.350,0.112,-1.7350,6.1572,52.721,-1.7273,6.1771,52.792,0.0205,0.0059,0.0213,0.071,-1.8552,5.9566,-0.094,0.1299,0.2228,52.721,0.448,-0.7069,0.258,0.0047,0.0169,0.0276,1.6286
6.400,0.139,-1.7182,6.1780,50.303,-1.7095,6.1985,50.375,0.0214,0.0064,0.0223,0.071,-1.8552,5.9566,-0.094,0.1477,0.2443,50.303,0.511,-0.8048,0.286,0.0059,0.0139,0.0280,2.0148
6.450,0.168,-1.6987,6.2002,47.646,-1.6888,6.2213,47.717,0.0223,0.0069,0.0234,0.071,-1.8552,5.9566,-0.094,0.1685,0.2671,47.646,0.559,-0.8820,0.317,0.0072,0.0143,0.0282,1.9713
6.500,0.198,-1.6781,6.2216,44.965,-1.6663,6.2438,45.037,0.0241,0.0074,0.0252,0.071,-1.8558,5.9533,-0.176,0.1910,0.2896,44.965,0.625,-0.9918,0.349,0.0094,0.0149,0.0292,1.9554
6.550,0.240,-1.6476,6.2499,41.208,-1.6314,6.2745,41.279,0.0284,0.0078,0.0295,0.071,-1.8558,5.9533,-0.176,0.2260,0.3202,41.208,0.726,-1.1515,0.395,0.0144,0.0191,0.0305,1.5998
6.600,0.282,-1.6145,6.2769,37.323,-1.5927,6.3041,37.394,0.0338,0.0084,0.0348,0.071,-1.8556,5.9564,-0.566,0.2647,0.3497,37.323,0.814,-1.2822,0.444,0.0204,0.0206,0.0318,1.5407
6.650,0.330,-1.5757,6.3041,33.068,-1.5484,6.3330,33.139,0.0386,0.0093,0.0397,0.071,-1.8556,5.9564,-0.566,0.3090,0.3785,33.068,0.871,-1.3906,0.497,0.0260,0.0154,0.0330,2.1507
6.700,0.380,-1.5327,6.3296,28.478,-1.4971,6.3609,28.549,0.0462,0.0105,0.0474,0.071,-1.8646,5.9510,-1.242,0.3603,0.4064,28.478,0.948,-1.5258,0.555,0.0345,0.0168,0.0316,1.8806
6.750,0.437,-1.4812,6.3546,23.231,-1.4326,6.3887,23.244,0.0581,0.0121,0.0594,0.013,-1.8646,5.9510,-1.242,0.4238,0.4336,23.231,1.084,-1.7446,0.624,0.0464,0.0188,0.0299,1.5897
6.800,0.437,-1.4812,6.3546,23.231,-1.4306,6.3895,23.136,0.0602,0.0122,0.0615,-0.094,-1.8646,5.9510,-1.242,0.4238,0.4336,23.231,1.084,-1.7446,0.624,0.0464,0.0188,0.0301,1.6019
6.850,0.503,-1.4197,6.3775,17.198,-1.3529,6.4134,17.103,0.0744,0.0146,0.0758,-0.094,-1.8675,5.9542,-2.140,0.5015,0.4577,17.198,1.244,-2.0072,0.706,0.0621,0.0236,0.0303,1.2826
6.900,0.577,-1.3480,6.3953,10.396,-1.2645,6.4346,10.293,0.0893,0.0236,0.0923,-0.103,-1.8823,5.9578,-3.257,0.5899,0.4794,10.396,1.386,-2.2324,0.797,0.0792,0.0125,0.0496,3.9731
6.950,0.667,-1.2584,6.4055,2.105,-1.1530,6.4427,1.928,0.1067,0.0333,0.1118,-0.176,-1.8897,5.9666,-4.321,0.7013,0.4916,2.105,1.553,-2.4936,0.909,0.1009,0.0200,0.0414,2.0654
7.000,0.758,-1.1669,6.4027,-6.279,-1.0388,6.4298,-6.456,0.1244,0.0409,0.1310,-0.176,-1.8925,5.9795,-5.369,0.8156,0.4790,-6.279,1.703,-2.7109,1.024,0.1215,0.0305,0.0385,1.2617
7.050,0.858,-1.0684,6.3844,-15.368,-0.9158,6.3937,-15.855,0.1446,0.0494,0.1529,-0.487,-1.8953,5.9853,-5.918,0.9361,0.4459,-15.368,1.839,-2.8542,1.149,0.1427,0.0488,0.0309,0.6327
7.100,0.957,-0.9757,6.3513,-24.174,-0.8158,6.3473,-24.739,0.1475,0.0618,0.1599,-0.566,-1.9043,6.0013,-6.783,1.0359,0.4011,-24.174,1.762,-2.7556,1.259,0.1503,0.0120,0.0587,4.9033
7.150,1.053,-0.8909,6.3054,-32.814,-0.7261,6.2745,-33.794,0.1553,0.0634,0.1677,-0.980,-1.9083,6.0175,-7.576,1.1294,0.3408,-32.814,1.770,-2.5184,1.370,0.1607,0.0171,0.0355,2.0758
7.200,1.155,-0.8098,6.2447,-40.885,-0.6434,6.1907,-42.127,0.1611,0.0681,0.1749,-1.242,-1.9042,6.0176,-7.634,1.2157,0.2661,-40.885,1.790,-2.5584,1.484,0.1687,0.0257,0.0216,0.8391
7.250,1.155,-0.8098,6.2447,-40.885,-0.6431,6.1845,-42.472,0.1654,0.0636,0.1772,-1.587,-1.9042,6.0176,-7.634,1.2157,0.2661,-40.885,1.790,-2.5584,1.484,0.1687,0.0257,0.0189,0.7371
7.300,1.253,-0.7401,6.1752,-49.482,-0.5724,6.0764,-51.908,0.1840,0.0633,0.1946,-2.426,-1.9072,6.0241,-7.603,1.2926,0.1762,-49.482,1.873,-2.6225,1.602,0.1815,0.0429,0.0372,0.8670
7.350,1.362,-0.6750,6.0879,-57.059,-0.5208,5.9505,-60.411,0.1992,0.0547,0.2066,-3.353,-1.9214,6.0524,-8.422,1.3603,0.0716,-57.059,2.002,-2.1714,1.727,0.1904,0.0114,0.0318,2.7905
7.400,1.478,-0.6173,5.9878,-62.735,-0.4790,5.8204,-67.047,0.2121,0.0463,0.2171,-4.312,-1.9345,6.0536,-7.922,1.4177,-0.0396,-62.735,2.168,-1.6011,1.852,0.1949,0.0101,0.0529,5.2255
7.450,1.604,-0.5632,5.8733,-66.112,-0.4431,5.6874,-71.365,0.2186,0.0345,0.2213,-5.252,-1.9362,6.0309,-6.522,1.4695,-0.1568,-66.112,2.242,-0.7723,1.980,0.1942,0.0062,0.0764,12.3847
7.500,1.727,-0.5150,5.7608,-66.816,-0.4126,5.5652,-72.611,0.2201,0.0171,0.2208,-5.795,-1.9444,6.0067,-5.054,1.5167,-0.2670,-66.816,2.206,-0.0391,2.100,0.1922,0.0015,0.0831,55.1890
7.550,1.846,-0.4674,5.6509,-65.724,-0.3889,5.4470,-72.236,0.2181,-0.0123,0.2185,-6.512,-1.9461,5.9898,-3.806,1.5651,-0.3742,-65.724,2.155,0.5063,2.218,0.1917,0.0017,0.0923,54.9537
7.600,1.964,-0.4175,5.5448,-63.372,-0.3627,5.3318,-70.633,0.2150,-0.0465,0.2199,-7.261,-1.9521,5.9601,-2.390,1.6175,-0.4787,-63.372,2.129,0.8420,2.335,0.1931,0.0096,0.1099,11.5022
7.650,2.085,-0.3602,5.4375,-60.030,-0.3188,5.2136,-67.635,0.2146,-0.0760,0.2277,-7.605,-1.9630,5.9358,-1.264,1.6798,-0.5868,-60.030,2.199,1.1156,2.459,0.1980,0.0072,0.1166,16.2781
7.700,2.206,-0.2966,5.3342,-56.471,-0.2646,5.1055,-64.093,0.2083,-0.0997,0.2309,-7.622,-1.9630,5.9358,-1.264,1.7475,-0.6890,-56.471,2.211,1.1602,2.582,0.2013,0.0089,0.1144,12.8019
7.750,2.206,-0.2966,5.3342,-56.471,-0.2740,5.1113,-64.309,0.1983,-0.1043,0.2240,-7.838,-1.9724,5.9145,-0.310,1.7475,-0.6890,-56.471,2.211,1.1602,2.582,0.2013,0.0089,0.1216,13.6003
7.800,2.331,-0.2243,5.2323,-52.690,-0.2331,5.0068,-61.018,0.1740,-0.1437,0.2257,-8.328,-1.9857,5.9030,0.337,1.8244,-0.7899,-52.690,2.244,0.9704,2.709,0.2050,0.0128,0.1391,10.8278
7.850,2.461,-0.1434,5.1316,-49.741,-0.1653,4.9137,-57.521,0.1521,-0.1575,0.2190,-7.781,-1.9894,5.8809,1.026,1.9071,-0.8875,-49.741,2.219,0.6532,2.837,0.2054,0.0075,0.1527,20.3383
7.900,2.580,-0.0644,5.0417,-47.843,-0.0732,4.8358,-54.372,0.1468,-0.1447,0.2061,-6.529,-1.9894,5.8809,1.026,1.9869,-0.9756,-47.843,2.208,0.4181,2.956,0.2054,0.0062,0.1227,19.8839
7.950,2.700,0.0171,4.9537,-46.654,0.0172,4.7630,-51.871,0.1387,-0.1308,0.1907,-5.217,-1.9794,5.8974,0.451,2.0659,-1.0629,-46.654,2.165,0.1844,3.073,0.2029,0.0055,0.0885,16.0960
8.000,2.819,0.0993,4.8674,-46.282,0.1149,4.6962,-50.339,0.1345,-0.1071,0.1719,-4.057,-1.9794,5.8974,0.451,2.1472,-1.1479,-46.282,2.165,0.0531,3.191,0.2015,0.0051,0.0532,10.4258
8.050,2.943,0.1842,4.7778,-47.111,0.2171,4.6225,-49.936,0.1362,-0.0816,0.1588,-2.825,-1.9793,5.9257,-0.086,2.2312,-1.2383,-47.111,2.175,-0.4120,3.314,0.2010,0.0052,0.0317,6.0494
8.100,3.064,0.2655,4.6877,-49.160,0.3120,4.5446,-50.903,0.1387,-0.0584,0.1505,-1.743,-1.9793,5.9257,-0.086,2.3120,-1.3319,-49.160,2.226,-0.7679,3.438,0.2019,0.0046,0.0139,3.0176
8.150,3.187,0.3433,4.5931,-52.364,0.3995,4.4620,-53.187,0.1381,-0.0356,0.1427,-0.823,-1.9754,5.9386,-0.338,2.3876,-1.4299,-52.364,2.232,-1.1139,3.562,0.2013,0.0076,0.0109,1.4320
8.200,3.311,0.4160,4.4919,-56.610,0.4777,4.3721,-56.683,0.1340,-0.0144,0.1348,-0.073,-1.9754,5.9386,-0.338,2.4569,-1.5351,-56.610,2.221,-1.4187,3.688,0.2000,0.0123,0.0182,1.4816
8.250,3.311,0.4160,4.4919,-56.610,0.4841,4.3844,-56.088,0.1272,-0.0023,0.1273,0.522,-1.9754,5.9386,-0.338,2.4569,-1.5351,-56.610,2.221,-1.4187,3.688,0.2000,0.0123,0.0236,1.9205
8.300,3.433,0.4791,4.3877,-61.340,0.5555,4.2832,-60.315,0.1284,0.0169,0.1295,1.026,-1.9614,5.9720,-1.226,2.5159,-1.6430,-61.340,2.214,-1.5592,3.811,0.1981,0.0185,0.0326,1.7678
8.350,3.557,0.5339,4.2762,-66.492,0.6079,4.1660,-65.519,0.1306,0.0239,0.1328,0.973,-1.9376,6.0020,-2.030,2.5669,-1.7602,-66.492,2.235,-1.6222,3.939,0.1975,0.0073,0.0375,5.1627
8.400,3.683,0.5788,4.1593,-71.700,0.6434,4.0337,-71.244,0.1395,0.0219,0.1412,0.456,-1.9369,6.0080,-2.114,2.6080,-1.8844,-71.700,2.318,-1.6795,4.069,0.1980,0.0145,0.0261,1.7923
8.450,3.799,0.6111,4.0470,-76.526,0.6736,3.9116,-76.076,0.1462,0.0292,0.1491,0.451,-1.9085,6.0333,-2.803,2.6373,-2.0066,-76.526,2.435,-1.7494,4.195,0.2010,0.0163,0.0269,1.6439
8.500,3.940,0.6381,3.9093,-81.365,0.6816,3.7681,-81.324,0.1461,0.0218,0.1477,0.040,-1.8817,6.0708,-3.583,2.6595,-2.1528,-81.365,2.571,-1.3837,4.343,0.2022,0.0217,0.0042,0.1932
8.550,4.086,0.6548,3.7638,-85.742,0.6882,3.6136,-85.827,0.1523,0.0222,0.1539,-0.086,-1.8685,6.0774,-3.877,2.6710,-2.3082,-85.742,2.736,-1.2014,4.499,0.2045,0.0275,0.0089,0.3248
8.600,4.251,0.6620,3.5989,-89.162,0.6864,3.4444,-89.393,0.1548,0.0222,0.1564,-0.231,-1.8870,6.0597,-3.336,2.6735,-2.4780,-89.162,2.844,-0.6893,4.669,0.2043,0.0135,0.0017,0.1274
8.650,4.421,0.6611,3.4292,-91.334,0.6784,3.2712,-91.672,0.1576,0.0209,0.1590,-0.338,-1.9027,6.0363,-2.949,2.6695,-2.6518,-91.334,2.924,-0.4700,4.842,0.2048,0.0171,0.0047,0.2745
8.700,4.421,0.6611,3.4292,-91.334,0.6671,3.2681,-92.038,0.1610,0.0097,0.1613,-0.704,-1.9027,6.0363,-2.949,2.6695,-2.6518,-91.334,2.924,-0.4700,4.842,0.2048,0.0171,0.0131,0.7635
8.750,4.611,0.6542,3.2393,-92.827,0.6314,3.0605,-94.293,0.1798,-0.0140,0.1803,-1.466,-1.9305,6.0005,-2.256,2.6595,-2.8534,-92.827,3.172,-0.2838,5.044,0.2111,0.0198,0.0405,2.0440
8.800,4.795,0.6442,3.0552,-93.202,0.6006,2.8625,-95.248,0.1949,-0.0327,0.1976,-2.046,-1.9814,5.9597,-1.142,2.6486,-3.0481,-93.202,3.383,0.0396,5.239,0.2184,0.0076,0.0622,8.1974
8.850,4.986,0.6337,2.8648,-92.898,0.5793,2.6665,-95.064,0.2008,-0.0443,0.2056,-2.166,-2.0267,5.9082,-0.151,2.6386,-3.2461,-92.898,3.526,0.1907,5.437,0.2245,0.0048,0.0745,15.4064
8.900,5.185,0.6252,2.6664,-91.737,0.5506,2.4607,-94.596,0.2078,-0.0683,0.2188,-2.860,-2.0760,5.8816,0.789,2.6325,-3.4483,-91.737,3.581,0.4617,5.640,0.2289,0.0030,0.0992,33.0435
8.950,5.396,0.6216,2.4552,-89.823,0.5166,2.2401,-93.410,0.2147,-0.1056,0.2393,-3.587,-2.0873,5.8861,1.067,2.6332,-3.6732,-89.823,3.804,0.6421,5.865,0.2423,0.0020,0.1353,68.2613
9.000,5.606,0.6255,2.2451,-87.752,0.5051,2.0146,-91.586,0.2256,-0.1293,0.2601,-3.833,-2.1021,5.8684,1.331,2.6418,-3.8940,-87.752,3.969,0.7185,6.086,0.2536,0.0043,0.1503,35.3650
9.050,5.839,0.6388,2.0127,-85.313,0.5226,1.7702,-88.819,0.2322,-0.1356,0.2689,-3.506,-2.1341,5.8538,1.798,2.6620,-4.1400,-85.313,4.169,0.7771,6.333,0.2687,0.0027,0.1574,58.2336
9.101,6.066,0.6615,1.7866,-82.874,0.5530,1.5353,-86.001,0.2359,-0.1389,0.2738,-3.127,-2.1341,5.8538,1.798,2.6909,-4.3715,-82.874,4.238,0.7952,6.566,0.2767,0.0010,0.1385,136.8786
9.150,6.066,0.6615,1.7866,-82.874,0.5702,1.5298,-85.551,0.2435,-0.1225,0.2725,-2.677,-2.1246,5.8585,1.608,2.6909,-4.3715,-82.874,4.238,0.7952,6.566,0.2767,0.0010,0.1150,113.6615
9.200,6.316,0.6971,1.5390,-80.452,0.6319,1.2595,-82.405,0.2648,-0.1106,0.2870,-1.953,-2.0879,5.8830,1.049,2.7360,-4.6393,-80.452,4.509,0.6106,6.837,0.2986,0.0033,0.0659,19.6794
9.250,6.597,0.7469,1.2629,-79.047,0.7182,0.9761,-80.032,0.2761,-0.0826,0.2882,-0.985,-2.1177,5.8699,1.444,2.7919,-4.9281,-79.047,4.675,0.2691,7.132,0.3124,0.0020,0.0469,23.7145
9.300,6.895,0.8044,0.9702,-78.869,0.8154,0.6630,-78.947,0.3036,-0.0485,0.3074,-0.078,-2.0351,5.9356,0.399,2.8531,-5.2393,-78.869,4.910,-0.0653,7.449,0.3297,0.0001,0.0072,78.0304
9.350,7.167,0.8547,0.7034,-80.258,0.8980,0.4082,-79.509,0.2983,-0.0073,0.2984,0.749,-1.9756,5.9743,-0.390,2.9001,-5.5130,-80.258,4.964,-0.5652,7.726,0.3335,0.0033,0.0324,9.7086
9.400,7.452,0.8976,0.4207,-83.373,0.9527,0.1308,-82.341,0.2943,0.0213,0.2951,1.032,-1.8497,6.0404,-1.730,2.9344,-5.8085,-83.373,5.060,-1.1344,8.024,0.3398,0.0068,0.0395,5.7803
9.450,7.731,0.9217,0.1428,-87.760,0.9813,-0.1584,-86.496,0.3033,0.0478,0.3070,1.265,-1.7654,6.0994,-2.583,2.9457,-6.0977,-87.760,5.098,-1.5728,8.313,0.3433,0.0182,0.0438,2.3988
9.500,8.018,0.9227,-0.1438,-92.946,0.9876,-0.4716,-91.328,0.3241,0.0817,0.3342,1.618,-1.7654,6.0994,-2.583,2.9293,-6.4163,-92.946,5.307,-1.6595,8.632,0.3646,0.0338,0.0473,1.4009
9.550,8.018,0.9227,-0.1438,-92.946,0.9896,-0.4702,-91.241,0.3226,0.0836,0.3332,1.706,-1.7453,6.1097,-2.735,2.9293,-6.4163,-92.946,5.307,-1.6595,8.632,0.3646,0.0338,0.0496,1.4676
9.600,8.355,0.8905,-0.4795,-99.072,0.9266,-0.8302,-97.671,0.3406,0.0909,0.3525,1.401,-1.6431,6.1688,-3.638,2.8729,-6.7700,-99.072,5.407,-1.7501,8.991,0.3727,0.0246,0.0354,1.4386
9.650,8.658,0.8316,-0.7761,-104.544,0.8352,-1.1553,-103.399,0.3662,0.0988,0.3792,1.145,-1.7563,6.1445,-2.604,2.7892,-7.0923,-104.544,5.590,-1.5122,9.324,0.3902,0.0280,0.0246,0.8781
9.700,8.977,0.7418,-1.0827,-108.791,0.7412,-1.4804,-107.440,0.3767,0.1275,0.3977,1.351,-1.8252,6.1271,-1.942,2.6773,-7.4213,-108.791,5.800,-1.1127,9.671,0.4074,0.0355,0.0187,0.5271
9.750,9.304,0.6315,-1.3908,-110.537,0.5812,-1.7837,-110.082,0.3856,0.0907,0.3961,0.456,-1.8706,6.1101,-1.493,2.5593,-7.7363,-110.537,5.875,-0.3539,10.007,0.4129,0.0410,0.0620,1.5111
9.800,9.633,0.5171,-1.6985,-109.415,0.4292,-2.0894,-109.658,0.3979,0.0471,0.4007,-0.243,-1.9768,6.0795,-0.585,2.4501,-8.0462,-109.415,5.838,0.6203,10.336,0.4159,0.0350,0.0853,2.4381
9.850,9.953,0.4164,-2.0027,-106.106,0.2822,-2.3726,-107.460,0.3926,-0.0263,0.3935,-1.354,-1.9935,6.0713,-0.440,2.3650,-8.3409,-106.106,5.616,1.2140,10.643,0.4096,0.0073,0.1161,15.9890
9.900,10.291,0.3334,-2.3300,-101.183,0.1628,-2.6603,-103.445,0.3572,-0.1033,0.3718,-2.261,-1.9935,6.0713,-0.440,2.3032,-8.6533,-101.183,5.302,1.5218,10.961,0.4003,0.0066,0.1629,24.8090
9.950,10.291,0.3334,-2.3300,-101.183,0.1439,-2.6464,-103.841,0.3471,-0.1245,0.3687,-2.658,-2.1742,6.0230,0.989,2.3032,-8.6533,-101.183,5.302,1.5218,10.961,0.4003,0.0066,0.1892,28.8006
10.000,10.585,0.2865,-2.6205,-96.082,0.0853,-2.9117,-99.128,0.3109,-0.1692,0.3539,-3.046,-2.2435,6.0200,1.618,2.2734,-8.9336,-96.082,5.047,1.6098,11.243,0.3955,0.0132,0.1977,14.9573
10.050,10.857,0.2671,-2.8921,-91.173,0.0480,-3.1527,-94.598,0.2650,-0.2137,0.3405,-3.426,-2.3749,5.9759,2.497,2.2680,-9.1974,-91.173,4.854,1.5205,11.507,0.3928,0.0025,0.2168,86.7957
10.100,11.126,0.2715,-3.1603,-85.966,0.1022,-3.4012,-88.502,0.2284,-0.1858,0.2944,-2.535,-2.3313,6.0007,2.311,2.2859,-9.4520,-85.966,4.584,1.6535,11.762,0.3853,0.0015,0.1437,94.1766
10.150,11.390,0.3008,-3.4232,-80.533,0.1720,-3.6529,-82.489,0.2054,-0.1648,0.2634,-1.956,-2.2594,6.0219,1.851,2.3284,-9.7066,-80.533,4.416,1.3980,12.020,0.3832,0.0116,0.0878,7.5581
10.200,11.632,0.3481,-3.6607,-76.389,0.2503,-3.8893,-77.941,0.1992,-0.1489,0.2487,-1.552,-2.0980,6.0870,0.822,2.3851,-9.9407,-76.389,4.364,1.0746,12.261,0.3843,0.0178,0.0534,3.0058
10.250,11.866,0.4066,-3.8873,-74.807,0.3467,-4.0914,-75.611,0.1813,-0.1113,0.2127,-0.805,-2.0703,6.1065,0.642,2.4405,-10.1450,-74.807,4.019,0.2156,12.473,0.3632,0.0031,0.0490,15.8016
10.300,12.082,0.4624,-4.0953,-75.724,0.4143,-4.2889,-76.216,0.1757,-0.0944,0.1994,-0.492,-1.9378,6.1017,-0.145,2.4907,-10.3421,-75.724,3.812,-0.4484,12.676,0.3509,0.0035,0.0374,10.6346
10.350,12.284,0.5090,-4.2926,-78.510,0.5028,-4.4614,-75.449,0.1642,-0.0397,0.1689,3.061,-1.9378,6.1017,-0.145,2.5362,-10.5208,-75.724,3.469,-1.0269,12.861,0.3341,0.0081,0.0344,4.2274
10.400,12.284,0.5090,-4.2926,-78.510,0.5600,-4.4426,-77.290,0.1571,0.0201,0.1584,1.220,-1.7688,6.1558,-1.106,2.5362,-10.5208,-78.510,3.469,-1.0269,12.861,0.3341,0.0081,0.0355,4.3612
10.450,12.476,0.5413,-4.4811,-82.950,0.6247,-4.6121,-81.125,0.1403,0.0667,0.1553,1.825,-1.6273,6.1968,-1.909,2.5594,-10.7087,-82.950,3.366,-1.4953,13.050,0.3291,0.0158,0.0465,2.9382
10.500,12.660,0.5567,-4.6650,-88.392,0.6709,-4.7913,-85.907,0.1294,0.1107,0.1703,2.484,-1.5640,6.2164,-2.293,2.5733,-10.8906,-88.392,3.244,-1.7874,13.233,0.3267,0.0173,0.0701,4.0483
10.550,12.837,0.5535,-4.8414,-94.398,0.6722,-4.9550,-92.096,0.1042,0.1271,0.1643,2.301,-1.4863,6.2225,-2.714,2.5596,-11.0679,-94.398,3.168,-1.9169,13.410,0.3226,0.0234,0.0626,2.6808
10.600,13.008,0.5323,-5.0114,-100.423,0.6341,-5.1211,-98.510,0.0894,0.1200,0.1496,1.913,-1.4459,6.2278,-2.929,2.5297,-11.2308,-100.423,2.963,-1.8155,13.576,0.3124,0.0313,0.0413,1.3190
10.650,13.171,0.4954,-5.1698,-106.123,0.5614,-5.2581,-105.073,0.0665,0.0879,0.1102,1.050,-1.3814,6.2153,-3.284,2.4871,-11.3781,-106.123,2.694,-1.5392,13.729,0.2999,0.0385,0.0140,0.3651
10.700,13.310,0.4515,-5.3024,-110.641,0.4999,-5.3755,-109.942,0.0514,0.0711,0.0877,0.700,-1.4906,6.2032,-2.738,2.4388,-11.5064,-110.641,2.596,-1.3054,13.866,0.2942,0.0225,0.0057,0.2532
10.750,13.452,0.3971,-5.4329,-114.595,0.4336,-5.5260,-114.405,0.0694,0.0720,0.1000,0.190,-1.6034,6.1895,-2.159,2.3893,-11.6377,-114.595,2.544,-1.0893,14.007,0.2970,0.0262,0.0037,0.1427
10.800,13.594,0.3341,-5.5603,-117.969,0.3431,-5.6572,-118.563,0.0813,0.0534,0.0973,-0.594,-1.6034,6.1895,-2.159,2.3240,-11.7607,-117.969,2.467,-0.8875,14.146,0.2920,0.0304,0.0155,0.5093
10.850,13.732,0.2660,-5.6812,-120.748,0.3193,-5.6433,-119.360,-0.0598,0.0264,0.0654,1.389,-1.7407,6.1735,-1.478,2.3240,-11.7607,-117.969,2.468,-0.7451,14.285,0.2419,0.0673,0.0323,0.4792
10.900,13.732,0.2660,-5.6812,-120.748,0.2241,-5.7502,-122.755,0.0807,-0.0007,0.0807,-2.006,-1.8409,6.1488,-0.968,2.2528,-11.8804,-120.748,2.468,-0.7451,14.285,0.2896,0.0323,0.0540,1.6718
10.950,13.865,0.1958,-5.7939,-122.984,0.1357,-5.8503,-125.349,0.0800,-0.0197,0.0824,-2.365,-1.8722,6.1383,-0.819,2.1830,-11.9879,-122.984,2.366,-0.5682,14.413,0.2851,0.0331,0.0684,2.0672
11.000,13.992,0.1249,-5.8995,-124.696,0.0517,-5.9529,-127.420,0.0855,-0.0298,0.0905,-2.724,-1.8487,6.1378,-0.942,2.1131,-12.0889,-124.696,2.256,-0.4961,14.536,0.2814,0.0268,0.0641,2.3896
11.050,14.097,0.0644,-5.9845,-126.000,-0.0142,-6.0310,-128.910,0.0839,-0.0362,0.0914,-2.910,-1.9249,6.1245,-0.568,2.0557,-12.1697,-126.000,2.116,-0.4640,14.635,0.2792,0.0267,0.0668,2.4996
11.100,14.221,-0.0097,-6.0837,-127.420,-0.1050,-6.1427,-130.643,0.1048,-0.0398,0.1121,-3.223,-1.9249,6.1245,-0.568,1.9804,-12.2683,-127.420,2.131,-0.4468,14.759,0.2780,0.0268,0.0706,2.6389
11.150,14.317,-0.0692,-6.1597,-128.587,-0.1632,-6.2166,-131.464,0.1031,-0.0380,0.1098,-2.877,-2.0017,6.1083,-0.254,1.9215,-12.3420,-128.587,2.073,-0.4274,14.854,0.2763,0.0264,0.0636,2.4079
11.200,14.434,-0.1432,-6.2502,-129.937,-0.2307,-6.3021,-132.301,0.0959,-0.0337,0.1017,-2.364,-2.0017,6.1083,-0.254,1.8471,-12.4308,-129.937,2.063,-0.4953,14.970,0.2746,0.0268,0.0576,2.1547
11.250,14.541,-0.2131,-6.3306,-132.171,-0.2902,-6.3744,-133.969,0.0842,-0.0277,0.0886,-1.799,-1.9250,6.1271,-0.601,1.7793,-12.5057,-132.171,1.880,-0.6851,15.071,0.2708,0.0282,0.0514,1.8233
11.300,14.649,-0.2875,-6.4095,-134.436,-0.3591,-6.4562,-135.700,0.0835,-0.0184,0.0855,-1.264,-1.9250,6.1271,-0.601,1.7018,-12.5848,-134.436,1.962,-0.7784,15.181,0.2694,0.0280,0.0473,1.6859
11.350,14.756,-0.3642,-6.4837,-137.591,-0.4317,-6.5360,-138.510,0.0851,-0.0069,0.0853,-0.919,-1.9130,6.1260,-0.662,1.6228,-12.6569,-137.591,1.937,-1.0545,15.288,0.2665,0.0272,0.0338,1.2390
11.400,14.870,-0.4512,-6.5584,-141.212,-0.5248,-6.6143,-142.060,0.0924,-0.0025,0.0925,-0.848,-1.9130,6.1260,-0.662,1.5303,-12.7313,-141.212,2.041,-1.2177,15.407,0.2637,0.0262,0.0344,1.3136
11.450,14.965,-0.5266,-6.6152,-144.928,-0.6045,-6.6708,-145.801,0.0957,0.0007,0.0957,-0.872,-1.6888,6.1480,-1.689,1.4532,-12.7854,-144.928,1.992,-1.3994,15.501,0.2605,0.0257,0.0318,1.2377
11.500,15.076,-0.6201,-6.6752,-149.875,-0.6958,-6.7298,-150.443,0.0929,0.0093,0.0933,-0.568,-1.6888,6.1480,-1.689,1.3565,-12.8415,-149.875,1.965,-1.5887,15.613,0.2556,0.0251,0.0311,1.2364
11.550,15.076,-0.6201,-6.6752,-149.875,-0.6965,-6.7309,-150.409,0.0940,0.0098,0.0945,-0.533,-1.6888,6.1480,-1.689,1.3565,-12.8415,-149.875,1.965,-1.5887,15.613,0.2556,0.0251,0.0313,1.2453
11.600,15.192,-0.7235,-6.7285,-155.490,-0.8068,-6.7863,-155.744,0.0998,0.0181,0.1014,-0.254,-1.4815,6.1673,-2.604,1.2519,-12.8892,-155.490,1.839,-1.5972,15.728,0.2501,0.0255,0.0357,1.3967
11.650,15.298,-0.8221,-6.7681,-160.921,-0.9152,-6.8231,-161.180,0.1060,0.0215,0.1082,-0.259,-1.4976,6.1674,-2.505,1.1438,-12.9266,-160.921,1.944,-1.7269,15.842,0.2439,0.0232,0.0316,1.3584
11.700,15.393,-0.9122,-6.7951,-165.719,-1.0119,-6.8351,-166.291,0.1065,0.0142,0.1074,-0.572,-1.4035,6.1769,-2.881,1.0489,-12.9508,-165.719,1.972,-1.7508,15.940,0.2393,0.0223,0.0315,1.4114
11.750,15.489,-1.0063,-6.8148,-170.618,-1.1093,-6.8490,-171.219,0.1072,0.0169,0.1085,-0.601,-1.4035,6.1769,-2.881,0.9518,-12.9668,-170.618,1.955,-1.7204,16.039,0.2347,0.0221,0.0335,1.5135
11.800,15.596,-1.1130,-6.8274,-175.945,-1.2216,-6.8570,-176.590,0.1104,0.0218,0.1126,-0.645,-1.3068,6.1791,-3.329,0.8409,-12.9747,-175.945,1.969,-1.6984,16.150,0.2287,0.0215,0.0355,1.6529
11.850,15.711,-1.2277,-6.8300,178.450,-1.3470,-6.8527,177.787,0.1186,0.0259,0.1214,-0.662,-1.2403,6.1805,-3.605,0.7160,-12.9713,178.450,2.114,-1.7113,16.275,0.2192,0.0222,0.0416,1.8761
11.900,15.829,-1.3457,-6.8213,173.001,-1.4749,-6.8270,171.727,0.1276,0.0214,0.1294,-1.274,-1.1462,6.1714,-4.044,0.5927,-12.9561,173.001,2.187,-1.7051,16.399,0.2113,0.0224,0.0423,1.8902
11.950,15.955,-1.4699,-6.8001,167.478,-1.6082,-6.7871,165.789,0.1378,0.0173,0.1389,-1.689,-0.9854,6.1651,-4.756,0.4619,-12.9271,167.478,2.299,-1.6716,16.533,0.2016,0.0226,0.0434,1.9196
12.000,16.085,-1.5953,-6.7661,162.111,-1.7341,-6.7351,160.106,0.1416,0.0131,0.1422,-2.004,-0.9297,6.1625,-5.035,0.3342,-12.8859,162.111,2.347,-1.6274,16.667,0.1940,0.0164,0.0380,2.3206
12.050,16.217,-1.7186,-6.7203,156.918,-1.8543,-6.6616,154.337,0.1478,-0.0008,0.1478,-2.581,-0.8974,6.1638,-5.209,0.2091,-12.8326,156.918,2.398,-1.5848,16.803,0.1864,0.0154,0.0370,2.4017
12.100,16.342,-1.8315,-6.6666,152.199,-1.9503,-6.6001,149.631,0.1361,-0.0034,0.1362,-2.568,-0.8974,6.1638,-5.209,0.1042,-12.7772,152.199,2.186,-1.4256,16.922,0.1878,0.0141,0.0339,2.4052
12.150,16.342,-1.8315,-6.6666,152.199,-1.9417,-6.5894,149.318,0.1335,-0.0169,0.1346,-2.881,-0.8536,6.1592,-5.397,0.1042,-12.7772,152.199,2.186,-1.4256,16.922,0.1878,0.0141,0.0311,2.2050
12.200,16.459,-1.9330,-6.6078,147.817,-2.0347,-6.5231,144.854,0.1312,-0.0175,0.1324,-2.964,-0.8767,6.1569,-5.292,0.0085,-12.7170,147.817,2.021,-1.2909,17.035,0.1889,0.0136,0.0306,2.2536
12.250,16.566,-2.0217,-6.5474,143.900,-2.1162,-6.4507,140.547,0.1333,-0.0224,0.1352,-3.353,-0.8767,6.1569,-5.292,-0.0752,-12.6560,143.900,1.873,-1.1222,17.139,0.1905,0.0119,0.0288,2.4159
12.300,16.673,-2.1055,-6.4819,140.276,-2.1916,-6.3703,136.684,0.1376,-0.0308,0.1410,-3.592,-0.8067,6.1536,-5.637,-0.1600,-12.5855,140.276,1.977,-1.1801,17.249,0.1856,0.0137,0.0307,2.2423
12.350,16.784,-2.1887,-6.4080,136.473,-2.2709,-6.2865,132.496,0.1433,-0.0315,0.1467,-3.977,-0.8067,6.1536,-5.637,-0.2435,-12.5063,136.473,2.059,-1.1834,17.364,0.1808,0.0163,0.0325,1.9909
12.400,16.902,-2.2712,-6.3241,132.611,-2.3406,-6.1851,128.023,0.1493,-0.0430,0.1553,-4.588,-0.7594,6.1364,-5.808,-0.3251,-12.4176,132.611,2.121,-1.2731,17.484,0.1769,0.0204,0.0326,1.5935
12.450,17.019,-2.3477,-6.2346,128.472,-2.4066,-6.0822,123.529,0.1559,-0.0487,0.1634,-4.943,-0.7594,6.1364,-5.808,-0.3981,-12.3257,128.472,2.091,-1.3279,17.602,0.1766,0.0245,0.0372,1.5194
12.500,17.134,-2.4157,-6.1423,124.262,-2.4666,-5.9772,119.127,0.1651,-0.0509,0.1728,-5.135,-0.8291,6.1457,-5.515,-0.4627,-12.2309,124.262,2.068,-1.3645,17.716,0.1761,0.0245,0.0457,1.8665
12.550,17.255,-2.4796,-6.0398,119.650,-2.5161,-5.8652,114.354,0.1698,-0.0546,0.1784,-5.297,-0.8291,6.1457,-5.515,-0.5219,-12.1268,119.650,1.983,-1.3189,17.836,0.1772,0.0313,0.0547,1.7505
12.600,17.255,-2.4796,-6.0398,119.650,-2.5141,-5.8667,114.291,0.1675,-0.0556,0.1765,-5.359,-0.8291,6.1457,-5.515,-0.5219,-12.1268,119.650,1.983,-1.3189,17.836,0.1772,0.0313,0.0531,1.6977
12.650,17.369,-2.5323,-5.9383,115.292,-2.5540,-5.7625,110.000,0.1682,-0.0555,0.1771,-5.292,-0.8124,6.1521,-5.627,-0.5708,-12.0233,115.292,1.974,-1.3312,17.951,0.1776,0.0388,0.0591,1.5235
12.700,17.482,-2.5768,-5.8340,110.905,-2.5902,-5.6496,105.548,0.1770,-0.0533,0.1849,-5.357,-0.8545,6.1530,-5.436,-0.6169,-11.9155,110.905,2.057,-1.3584,18.068,0.1739,0.0392,0.0693,1.7655
12.750,17.595,-2.6132,-5.7270,106.651,-2.6129,-5.5317,101.013,0.1871,-0.0562,0.1953,-5.637,-0.9795,6.1596,-4.838,-0.6496,-11.8062,106.651,2.059,-1.3452,18.182,0.1741,0.0448,0.0753,1.6807
12.800,17.712,-2.6422,-5.6143,102.291,-2.6266,-5.4140,96.653,0.1924,-0.0578,0.2009,-5.637,-1.0731,6.1588,-4.374,-0.6748,-11.6905,102.291,2.092,-1.3348,18.301,0.1740,0.0498,0.0818,1.6431
12.850,17.830,-2.6630,-5.4981,98.001,-2.6201,-5.3039,92.216,0.1863,-0.0695,0.1989,-5.786,-1.1360,6.1570,-4.076,-0.6916,-11.5712,98.001,2.134,-1.2955,18.421,0.1740,0.0548,0.0766,1.3978
12.900,17.950,-2.6755,-5.3782,93.842,-2.6140,-5.1800,88.034,0.1936,-0.0746,0.2075,-5.808,-1.1787,6.1586,-3.874,-0.7000,-11.4460,93.842,2.240,-1.2775,18.547,0.1726,0.0545,0.0764,1.4027
12.950,18.077,-2.6795,-5.2521,89.772,-2.6085,-5.0497,84.159,0.2027,-0.0702,0.2145,-5.614,-1.1117,6.1576,-4.217,-0.6994,-11.3149,89.772,2.344,-1.2120,18.678,0.1720,0.0563,0.0824,1.4631
13.000,18.195,-2.6756,-5.1336,86.360,-2.5928,-4.9268,80.846,0.2117,-0.0695,0.2228,-5.515,-1.0987,6.1676,-4.290,-0.6915,-11.1907,86.360,2.478,-1.1613,18.802,0.1707,0.0573,0.0838,1.4629
13.050,18.339,-2.6619,-4.9906,82.674,-2.5611,-4.7758,77.117,0.2259,-0.0726,0.2372,-5.557,-1.1115,6.1726,-4.226,-0.6723,-11.0409,82.674,2.633,-1.0668,18.953,0.1702,0.0596,0.0855,1.4348
13.100,18.487,-2.6389,-4.8445,79.297,-2.5228,-4.6243,73.721,0.2379,-0.0732,0.2489,-5.576,-1.1115,6.1726,-4.226,-0.6439,-10.8907,79.297,2.731,-0.9865,19.106,0.1717,0.0620,0.0881,1.4205
13.150,18.487,-2.6389,-4.8445,79.297,-2.5294,-4.6296,73.962,0.2315,-0.0677,0.2412,-5.335,-1.1730,6.1822,-3.913,-0.6439,-10.8907,79.297,2.731,-0.9865,19.106,0.1717,0.0620,0.0901,1.4519
13.200,18.641,-2.6062,-4.6938,76.206,-2.4902,-4.4905,71.404,0.2251,-0.0642,0.2341,-4.802,-1.2321,6.1909,-3.612,-0.6065,-10.7385,76.206,2.786,-0.8633,19.263,0.1744,0.0648,0.0934,1.4413
13.250,18.798,-2.5653,-4.5423,73.493,-2.4386,-4.3496,69.110,0.2207,-0.0667,0.2306,-4.382,-1.2686,6.1963,-3.419,-0.5602,-10.5822,73.493,2.912,-0.7661,19.426,0.1759,0.0573,0.0835,1.4567
13.300,18.966,-2.5141,-4.3817,71.066,-2.3766,-4.1943,66.953,0.2219,-0.0693,0.2324,-4.113,-1.3361,6.2071,-3.057,-0.5026,-10.4144,71.066,3.094,-0.7006,19.603,0.1771,0.0574,0.0837,1.4594
13.350,19.122,-2.4612,-4.2352,69.106,-2.3137,-4.0489,65.182,0.2267,-0.0714,0.2376,-3.923,-1.3549,6.2030,-2.970,-0.4443,-10.2616,69.106,3.250,-0.5988,19.767,0.1785,0.0557,0.0799,1.4340
13.400,19.306,-2.3931,-4.0647,67.306,-2.2252,-3.8749,63.206,0.2399,-0.0817,0.2534,-4.100,-1.4299,6.2183,-2.550,-0.3705,-10.0852,67.306,3.397,-0.4620,19.958,0.1807,0.0547,0.0800,1.4606
13.450,19.493,-2.3187,-3.8924,65.976,-2.1330,-3.6990,61.712,0.2522,-0.0909,0.2681,-4.264,-1.4818,6.2202,-2.291,-0.2935,-9.9123,65.976,3.431,-0.3250,20.147,0.1828,0.0530,0.0814,1.5338
13.500,19.688,-2.2380,-3.7152,65.038,-2.0359,-3.5176,60.785,0.2644,-0.0998,0.2827,-4.253,-1.6323,6.2360,-1.446,-0.2088,-9.7304,65.038,3.527,-0.1579,20.348,0.1844,0.0511,0.0852,1.6659
13.550,19.889,-2.1525,-3.5332,64.767,-1.9363,-3.3272,60.693,0.2785,-0.1078,0.2986,-4.074,-1.7990,6.2496,-0.493,-0.1176,-9.5370,64.767,3.753,-0.0002,20.562,0.1852,0.0459,0.0876,1.9083
13.600,20.104,-2.0616,-3.3388,65.285,-1.8390,-3.1283,61.485,0.2843,-0.1142,0.3064,-3.800,-1.9505,6.2477,0.378,-0.0251,-9.3359,65.285,3.874,0.2637,20.783,0.1845,0.0438,0.0915,2.0878
13.650,20.314,-1.9753,-3.1470,66.558,-1.7536,-2.9413,62.996,0.2769,-0.1216,0.3024,-3.562,-1.9377,6.2315,0.263,0.0565,-9.1478,66.558,3.773,0.5014,20.988,0.1812,0.0420,0.0960,2.2881
13.700,20.314,-1.9753,-3.1470,66.558,-1.7594,-2.9373,63.198,0.2783,-0.1146,0.3009,-3.360,-1.9377,6.2315,0.263,0.0565,-9.1478,66.558,3.773,0.5014,20.988,0.1812,0.0420,0.0912,2.1747
13.750,20.520,-1.8959,-2.9568,68.481,-1.6860,-2.7516,65.433,0.2679,-0.1199,0.2935,-3.048,-1.9143,6.2328,0.104,0.1289,-8.9640,68.481,3.613,0.6702,21.186,0.1771,0.0401,0.0915,2.2835
13.800,20.720,-1.8257,-2.7695,70.734,-1.6174,-2.5713,67.819,0.2558,-0.1312,0.2875,-2.915,-2.0412,6.2430,0.926,0.1940,-8.7779,70.734,3.551,0.7725,21.383,0.1729,0.0339,0.0981,2.8966
13.850,20.918,-1.7640,-2.5815,73.317,-1.5598,-2.3672,70.769,0.2639,-0.1341,0.2960,-2.548,-2.0554,6.2493,1.026,0.2525,-8.5828,73.317,3.634,0.8612,21.586,0.1671,0.0333,0.0967,2.9054
13.900,21.120,-1.7101,-2.3867,76.087,-1.5137,-2.1673,73.774,0.2602,-0.1379,0.2945,-2.313,-2.1115,6.2557,1.405,0.3022,-8.3820,76.087,3.701,0.9206,21.793,0.1611,0.0326,0.1013,3.1065
13.950,21.331,-1.6643,-2.1813,79.152,-1.4915,-1.9482,77.557,0.2615,-0.1259,0.2902,-1.595,-2.1805,6.2448,1.827,0.3419,-8.1750,79.152,3.681,0.9439,22.004,0.1548,0.0326,0.0932,2.8534
14.000,21.741,-1.2559,-2.1417,68.423,-1.4451,-1.7518,67.679,0.2930,0.3193,0.4334,-0.744,-2.0462,6.2709,0.983,0.4138,-7.9931,68.423,0.355,0.0941,22.200,0.2107,0.0193,0.1892,9.8099
14.050,21.770,-1.2455,-2.1145,68.845,-1.3952,-1.5434,68.897,0.4786,0.3457,0.5904,0.052,-0.8769,6.3292,-6.675,0.4915,-7.7922,68.845,0.658,0.1582,22.415,0.2886,0.0187,0.1607,8.5813
14.100,21.813,-1.2303,-2.0740,69.440,-1.3393,-1.3610,69.759,0.6293,0.3525,0.7213,0.319,-0.5512,6.3185,-8.758,0.5623,-7.6037,69.440,0.936,0.2520,22.616,0.4141,0.0172,0.1360,7.9043
14.150,21.874,-1.2098,-2.0172,71.052,-1.2655,-1.1514,71.252,0.8008,0.3339,0.8676,0.200,-0.5512,6.3185,-8.758,0.6371,-7.3856,71.052,1.214,0.6595,22.847,0.5697,0.0174,0.1301,7.4705
14.200,21.874,-1.2098,-2.0172,71.052,-1.2700,-1.1459,71.398,0.8046,0.3398,0.8734,0.346,-0.5892,6.3324,-8.419,0.6371,-7.3856,71.052,1.214,0.6595,22.847,0.5697,0.0174,0.1296,7.4447
14.250,21.950,-1.1866,-1.9449,73.461,-1.2270,-0.9214,74.409,0.9697,0.3300,1.0243,0.948,-0.6870,6.3163,-7.791,0.6987,-7.1783,73.461,1.492,0.8742,23.063,0.7049,0.0195,0.1462,7.4785
14.300,22.041,-1.1627,-1.8567,76.569,-1.1804,-0.6898,77.644,1.1308,0.2882,1.1670,1.075,-0.8473,6.3001,-6.756,0.7519,-6.9553,76.569,1.765,1.1005,23.292,0.8410,0.0131,0.1860,14.1609
14.350,22.148,-1.1411,-1.7524,80.461,-1.1590,-0.4677,81.862,1.2640,0.2305,1.2849,1.400,-1.0121,6.2797,-5.620,0.7874,-6.7445,80.461,2.035,1.3084,23.506,0.9481,0.0136,0.2280,16.7429
14.400,22.265,-1.1256,-1.6365,84.782,-1.1641,-0.2522,86.578,1.3750,0.1642,1.3848,1.796,-1.2877,6.2320,-3.562,0.8073,-6.5263,84.782,2.293,1.4870,23.725,1.0505,0.0156,0.2599,16.6481
14.450,22.400,-1.1186,-1.5008,89.822,-1.1385,-0.0247,90.973,1.4761,0.0245,1.4763,1.152,-1.4690,6.1653,-2.237,0.8080,-6.3078,89.822,2.559,1.5902,23.944,1.1328,0.0227,0.3426,15.0982
14.500,22.551,-1.1243,-1.3503,95.112,-0.9038,0.2023,90.674,1.5268,-0.3579,1.5682,-4.438,-1.7327,6.1153,-0.179,0.7864,-6.0672,95.112,2.823,1.6090,24.185,1.2220,0.0323,0.4630,14.3545
14.550,22.713,-1.1453,-1.1893,100.324,-0.7475,0.4384,92.375,1.5300,-0.6831,1.6756,-7.949,-2.2673,6.0305,3.977,0.7446,-5.8374,100.324,3.080,1.6170,24.419,1.2901,0.0040,0.2719,68.3453
14.600,22.893,-1.1847,-1.0140,105.633,-0.7374,0.6980,97.049,1.5282,-0.8921,1.7695,-8.584,-2.5095,5.9617,6.013,0.6752,-5.5894,105.633,3.333,1.7708,24.676,1.3625,0.0114,0.2317,20.2373
14.650,23.084,-1.2444,-0.8329,112.034,-0.8135,0.9362,103.872,1.4782,-1.0631,1.8208,-8.161,-2.5095,5.9617,6.013,0.5828,-5.3611,112.034,3.602,2.2107,24.923,1.4101,0.0265,0.2705,10.2243
14.700,23.084,-1.2444,-0.8329,112.034,-0.8552,0.9200,104.555,1.4789,-1.0183,1.7956,-7.479,-2.7796,5.8958,8.175,0.5828,-5.3611,112.034,3.602,2.2107,24.923,1.4101,0.0265,0.3152,11.9160
14.750,23.297,-1.3347,-0.6400,119.511,-1.0170,1.1526,112.990,1.4035,-1.1595,1.8205,-6.522,-3.9164,5.6102,16.655,0.4494,-5.1254,119.511,3.874,2.3238,25.194,1.4546,0.0479,0.4086,8.5331
14.800,23.513,-1.4492,-0.4570,126.756,-1.2132,1.3547,121.348,1.3103,-1.2733,1.8271,-5.408,-3.5599,5.7268,12.946,0.2918,-4.9144,126.756,4.121,2.3324,25.457,1.4854,0.0620,0.4852,7.8203
14.850,23.759,-1.6035,-0.2648,134.673,-1.5029,1.5331,131.163,1.2078,-1.3356,1.8007,-3.510,-2.5702,5.9176,5.140,0.0799,-4.7001,134.673,4.354,2.0683,25.758,1.5132,0.0163,0.5226,32.1138
14.900,23.993,-1.7726,-0.1037,139.723,-1.7398,1.6307,137.378,1.0962,-1.3444,1.7347,-2.345,-3.0041,5.8409,7.139,-0.0997,-4.5480,139.723,4.310,1.2375,25.994,1.5056,0.0267,0.5266,19.7280
14.950,24.776,-1.2475,-0.6850,106.252,-1.8895,1.7920,105.713,2.5577,-0.0769,2.5589,-0.539,-3.1836,5.8247,9.274,-0.1621,-4.3337,106.252,0.370,-0.0051,26.217,2.4173,0.0022,0.2612,117.6391
15.000,24.807,-1.2565,-0.6558,105.746,-2.1296,1.8949,108.612,2.6919,0.1482,2.6960,2.867,-2.1990,5.9270,1.850,-0.2131,-4.1528,105.746,0.674,-0.2884,26.405,2.5745,0.0027,0.1137,42.3662
15.050,24.849,-1.2681,-0.6145,104.268,-2.3207,2.0307,109.511,2.8231,0.3682,2.8470,5.243,-1.2451,5.8340,-8.061,-0.2649,-3.9493,104.268,0.942,-0.4868,26.615,2.7410,0.0012,0.1306,104.5472
15.100,24.909,-1.2826,-0.5566,103.709,-2.4943,2.1796,110.770,2.9454,0.5287,2.9925,7.060,-1.0067,5.7320,-11.753,-0.3160,-3.7397,103.709,1.221,-0.1923,26.831,2.8966,0.0011,0.2580,242.5659
15.150,24.985,-1.3003,-0.4825,102.379,-2.8639,2.2603,113.691,3.0143,0.9392,3.1572,11.312,-1.2384,5.6211,-12.797,-0.3626,-3.5272,102.379,1.498,-0.5401,27.048,3.0372,0.0017,0.4866,284.3213
15.200,25.075,-1.3181,-0.3945,99.922,-3.2146,2.1492,117.948,2.8325,1.4299,3.1729,18.026,-1.2384,5.6211,-12.797,-0.3626,-3.5272,102.379,1.762,-0.9236,27.238,2.9480,0.0077,0.3275,42.5483
15.250,25.075,-1.3181,-0.3945,99.922,-3.0889,2.4129,111.288,3.0706,1.2606,3.3193,11.366,-1.2526,5.5934,-12.364,-0.3954,-3.3401,99.922,1.762,-0.9236,27.238,3.1362,0.0077,0.4806,62.4397
15.300,25.181,-1.3333,-0.2901,95.395,-2.7403,2.7208,100.800,3.1298,1.1177,3.3234,5.405,-1.2866,5.5776,-11.754,-0.4122,-3.1619,95.395,2.008,-1.7118,27.417,3.2072,0.0291,0.3785,13.0099
15.350,25.297,-1.3387,-0.1736,88.536,-3.0388,2.8172,95.745,2.9464,1.7760,3.4402,7.209,-1.2777,5.5620,-11.929,-0.4080,-2.9957,88.536,2.258,-2.4511,27.583,3.2520,0.0040,0.5301,131.7300
15.400,25.430,-1.3270,-0.0416,80.455,-3.1057,2.9604,89.495,2.6655,2.2519,3.4894,9.040,-1.2548,5.5338,-12.389,-0.3929,-2.8396,80.455,2.458,-2.3610,27.741,3.2741,0.0193,0.5033,26.1176
15.450,25.572,-1.2964,0.0977,74.892,-2.5764,3.1987,78.038,2.6602,2.0440,3.3548,3.147,-1.2347,5.5324,-12.752,-0.3538,-2.6950,74.892,2.592,-1.6922,27.890,3.2768,0.0280,0.3400,12.1552
15.500,26.360,-1.2473,-0.6886,105.963,-2.0915,3.3429,100.488,4.1082,-0.2971,4.1189,-5.475,-1.2553,5.5293,-12.498,-0.3548,-2.5609,105.963,0.314,-0.2569,28.029,4.1796,0.0010,0.4090,401.9443
15.550,26.387,-1.2541,-0.6631,104.734,-1.9167,3.4600,94.347,4.1560,-0.4078,4.1760,-10.386,-1.5234,5.5997,-7.623,-0.3919,-2.4201,104.734,0.616,-0.3624,28.175,4.2988,0.0004,0.5248,1260.6973
15.600,26.431,-1.2647,-0.6198,103.779,-2.0300,3.5252,91.479,4.2080,-0.2440,4.2151,-12.300,-1.7882,5.6653,-2.885,-0.4234,-2.2915,103.779,0.916,-0.3753,28.308,4.3866,0.0012,0.4658,402.8030
15.650,26.479,-1.2754,-0.5735,102.322,-2.1574,3.5742,89.712,4.2403,-0.0234,4.2404,-12.611,-1.9176,5.6725,-0.606,-0.4466,-2.1852,102.322,1.146,-0.5378,28.416,4.4478,0.0008,0.3817,485.3784
15.700,26.541,-1.2880,-0.5124,101.196,-2.1591,3.6515,89.037,4.2537,0.0461,4.2540,-12.159,-1.9844,5.6525,0.628,-0.4671,-2.0817,101.196,1.394,-0.3157,28.522,4.4909,0.0008,0.3717,446.4837
15.750,26.637,-1.3056,-0.4179,100.100,-2.1658,3.7783,89.404,4.2820,0.1110,4.2835,-10.696,-1.9844,5.6525,0.628,-0.4955,-1.9380,101.196,1.701,-0.3953,28.668,4.5413,0.0025,0.3621,147.7141
15.800,26.637,-1.3056,-0.4179,100.100,-2.1619,3.7653,88.105,4.2685,0.1095,4.2699,-11.994,-2.0228,5.6270,1.365,-0.4955,-1.9380,100.100,1.701,-0.3953,28.668,4.5413,0.0025,0.3643,148.6065
15.850,26.741,-1.3223,-0.3153,97.895,-2.1495,3.8802,85.512,4.2694,0.2430,4.2763,-12.383,-2.0487,5.6067,1.982,-0.5188,-1.8073,97.895,2.026,-0.8434,28.801,4.5702,0.0116,0.3649,31.5404
15.900,26.862,-1.3360,-0.1957,94.989,-2.1228,4.0146,82.268,4.2627,0.4177,4.2831,-12.721,-2.0493,5.5929,1.917,-0.5303,-1.6759,94.989,2.287,-1.0099,28.933,4.5811,0.0011,0.3534,332.1777
15.950,26.983,-1.3430,-0.0743,91.353,-2.1102,4.1252,78.808,4.2164,0.6678,4.2690,-12.544,-2.0405,5.5761,1.836,-0.5331,-1.5577,91.353,2.169,-1.1972,29.051,4.5771,0.0044,0.3446,78.4308
16.000,27.104,-1.3419,0.0464,87.482,-2.1930,4.2428,78.455,4.1550,1.0346,4.2819,-9.026,-1.9986,5.5561,0.796,-0.5278,-1.4372,87.482,2.146,-1.2424,29.172,4.5759,0.0128,0.3489,27.2141
16.050,27.223,-1.3325,0.1652,83.440,-2.3075,4.3687,78.750,4.0646,1.4489,4.3151,-4.689,-1.9591,5.5178,-0.289,-0.5141,-1.3180,83.440,2.125,-1.2981,29.292,4.5753,0.0240,0.4020,16.7301
16.100,28.086,-1.2453,-0.6937,106.203,-2.4444,4.4808,104.675,5.3035,-0.2924,5.3116,-1.528,-1.9735,5.5116,-0.128,-0.5473,-1.2039,106.203,0.028,-0.0060,29.411,5.5511,0.0005,0.4370,944.7636
16.150,28.103,-1.2502,-0.6782,105.484,-2.5313,4.5634,105.595,5.3934,-0.1647,5.3959,0.111,-2.0095,5.5256,0.621,-0.5770,-1.0964,105.484,0.464,-0.3836,29.522,5.6463,0.0006,0.4470,805.3916
16.200,28.131,-1.2573,-0.6510,103.964,-2.5856,4.6260,104.948,5.4416,0.0157,5.4416,0.985,-2.0581,5.5438,1.592,-0.6000,-1.0040,103.964,0.706,-0.6819,29.617,5.7133,0.0005,0.4520,888.2889
16.250,28.179,-1.2678,-0.6034,100.317,-2.6278,4.7120,101.906,5.4730,0.3861,5.4866,1.589,-2.0581,5.5438,1.592,-0.6206,-0.8909,100.317,0.961,-1.5526,29.732,5.7795,0.0092,0.4633,50.3149
16.300,28.234,-1.2753,-0.5489,95.006,-2.6492,4.7407,102.283,5.3893,0.9071,5.4651,7.277,-2.0581,5.5438,1.592,-0.6296,-0.8415,100.317,1.199,-2.0439,29.834,5.7749,0.0166,0.4735,28.5059
16.350,28.234,-1.2753,-0.5489,95.006,-2.6555,4.7795,96.911,5.4285,0.9100,5.5043,1.906,-2.0966,5.5623,2.245,-0.6341,-0.7904,95.006,1.199,-2.0439,29.834,5.8257,0.0166,0.4786,28.8085
16.400,28.313,-1.2773,-0.4704,87.184,-2.6615,4.8840,88.963,5.2799,1.6456,5.5304,1.778,-2.1196,5.5656,2.375,-0.6445,-0.6713,87.184,1.521,-2.4870,29.953,5.8672,0.0416,0.5094,12.2498
16.450,28.402,-1.2669,-0.3818,78.930,-2.6152,4.9852,79.767,5.0083,2.3537,5.5338,0.837,-2.1298,5.5446,3.249,-0.6232,-0.5626,78.930,1.655,-2.7200,30.064,5.8846,0.0015,0.5567,376.1020
16.500,28.486,-1.2456,-0.3009,70.731,-2.5539,5.0621,70.593,4.6308,3.0048,5.5203,-0.139,-2.1365,5.5479,3.596,-0.5882,-0.4624,70.731,1.758,-2.9987,30.170,5.9006,0.0006,0.5993,925.5447
16.550,28.580,-1.2083,-0.2147,62.511,-2.5113,5.1443,62.342,4.1526,3.6294,5.5151,-0.169,-2.1722,5.5685,4.818,-0.5404,-0.3705,62.511,1.717,-2.6326,30.274,5.9041,0.0079,0.6531,82.5680
16.600,29.060,-1.2452,-0.6936,106.186,-2.5663,5.2525,106.545,6.0786,-0.3888,6.0911,0.359,-2.2783,5.6627,7.998,-0.5711,-0.2647,106.186,0.059,-0.0792,30.384,6.4767,0.4699,0.4555,0.9695
16.650,29.077,-1.2503,-0.6776,104.718,-2.6332,5.3580,105.947,6.1889,-0.1959,6.1920,1.229,-2.3733,5.7310,12.251,-0.5970,-0.1662,104.718,0.462,-0.6779,30.486,6.5615,0.0037,0.4175,114.2597
16.700,29.111,-1.2580,-0.6439,101.816,-2.6750,5.4651,103.408,6.2697,0.1361,6.2712,1.592,-2.3733,5.7310,12.251,-0.6189,-0.0616,101.816,0.742,-1.1292,30.593,6.6339,0.0141,0.4088,29.0546
16.750,29.160,-1.2661,-0.5956,97.307,-2.7098,5.5770,99.203,6.3061,0.6470,6.3392,1.896,-2.3528,5.7014,12.075,-0.6326,0.0456,97.307,1.015,-1.5374,30.701,6.6928,0.0016,0.4052,250.2936
16.800,29.225,-1.2713,-0.5312,91.750,-2.7469,5.6974,94.042,6.2708,1.2847,6.4010,2.292,-2.3298,5.6701,11.953,-0.6361,0.1595,91.750,1.298,-1.7509,30.815,6.7412,0.0105,0.4070,38.9069
16.850,29.300,-1.2704,-0.4567,86.632,-2.7680,5.7911,89.238,6.1490,1.8621,6.4248,2.606,-2.3298,5.6701,11.953,-0.6346,0.2601,86.632,1.605,-1.8880,30.916,6.7668,0.0132,0.4042,30.5193
16.900,29.389,-1.2607,-0.3673,80.604,-2.7681,5.8739,83.908,5.9114,2.5061,6.4207,3.304,-2.3085,5.6379,11.145,-0.6172,0.3650,80.604,1.770,-2.0536,31.022,6.7806,0.0220,0.3965,18.0529
16.950,29.482,-1.2409,-0.2770,74.659,-2.7769,5.9245,84.382,5.5742,3.1220,6.3889,9.724,-2.2786,5.5992,10.059,-0.6090,0.4146,80.604,1.792,-2.0113,31.120,6.7427,0.0267,0.3598,13.4975
17.000,29.580,-1.2102,-0.1843,68.384,-2.8201,5.9843,79.845,5.1418,3.7691,6.3752,11.460,-2.2444,5.5629,8.774,-0.5964,0.4607,74.659,1.885,-2.0867,31.230,6.7002,0.1582,0.3583,2.2654
17.050,29.580,-1.2102,-0.1843,68.384,-2.9086,6.1427,76.428,5.2564,3.9097,6.5510,8.044,-2.2081,5.5289,8.073,-0.5560,0.5626,68.384,1.885,-2.0867,31.230,6.7931,0.0358,0.2800,7.8267
17.100,30.090,-1.2454,-0.6936,106.203,-3.0728,6.2522,118.060,7.1799,-0.1833,7.1822,11.857,-2.2368,5.5441,10.660,-0.5848,0.6619,106.203,0.000,0.0000,31.333,7.3917,0.4462,0.3896,0.8731
17.150,30.105,-1.2498,-0.6796,105.261,-3.1354,6.3499,117.512,7.2780,-0.0312,7.2781,12.251,-2.1467,5.4936,7.266,-0.6134,0.7666,105.261,0.447,-0.4568,31.441,7.4851,0.0004,0.3004,721.5914
17.200,30.137,-1.2576,-0.6480,103.391,-3.1636,6.4225,115.521,7.3197,0.2167,7.3229,12.130,-2.0609,5.4564,4.184,-0.6368,0.8650,103.391,0.730,-0.6222,31.543,7.5536,0.0010,0.3051,299.8138
17.250,30.187,-1.2681,-0.5998,102.250,-3.1867,6.4961,114.251,7.3415,0.3693,7.3507,12.001,-2.0609,5.4564,4.184,-0.6601,0.9723,102.250,1.022,-0.3318,31.652,7.6140,0.0014,0.3106,223.8402
17.300,30.252,-1.2812,-0.5358,101.051,-3.2017,6.5754,112.573,7.3474,0.5219,7.3659,11.522,-1.9943,5.3920,1.095,-0.6812,1.0803,101.051,1.305,-0.4256,31.762,7.6586,0.0029,0.3174,108.9397
17.350,30.333,-1.2956,-0.4559,99.530,-3.2017,6.6604,110.162,7.3337,0.7015,7.3672,10.631,-1.9425,5.3280,-1.928,-0.6997,1.1903,99.530,1.603,-0.5227,31.874,7.6891,0.0003,0.3207,990.6035
17.400,30.431,-1.3103,-0.3595,97.773,-3.1825,6.7436,107.285,7.2911,0.8943,7.3457,9.512,-1.9036,5.2548,-4.875,-0.7141,1.2957,97.773,1.891,-0.5847,31.980,7.6979,0.0008,0.3325,399.4195
17.450,30.540,-1.3231,-0.2513,95.838,-3.1557,6.8330,104.342,7.2340,1.1025,7.3175,8.504,-1.8764,5.1860,-7.688,-0.7254,1.4059,95.838,1.972,-0.6547,32.091,7.6996,0.0031,0.3559,116.5886
17.500,30.647,-1.3321,-0.1440,93.756,-3.1776,6.9144,102.733,7.1641,1.3791,7.2957,8.977,-1.8764,5.1860,-7.688,-0.7324,1.5130,93.756,1.966,-0.6724,32.198,7.6991,0.0065,0.3237,49.9885
17.550,30.647,-1.3321,-0.1440,93.756,-3.1900,6.8977,103.491,7.1483,1.3925,7.2827,9.735,-1.8609,5.1049,-8.536,-0.7324,1.5130,93.756,1.966,-0.6724,32.198,7.6991,0.0065,0.3107,47.9745
17.600,30.759,-1.3373,-0.0327,91.566,-3.0541,7.0160,98.320,7.0930,1.5235,7.2548,6.754,-1.8292,5.0075,-9.268,-0.7355,1.6264,91.566,2.050,-0.7519,32.312,7.7008,0.0122,0.4614,37.9193
17.650,30.871,-1.3380,0.0793,89.176,-2.9194,7.1336,93.360,7.0309,1.6827,7.2294,4.184,-1.7920,4.9097,-8.728,-0.7339,1.7354,89.176,1.979,-0.6832,32.421,7.6975,0.0006,0.6290,1133.2498
17.700,30.981,-1.3343,0.1894,87.008,-2.9218,7.2448,91.192,6.9629,1.9536,7.2318,4.184,-1.7683,4.8353,-8.268,-0.7281,1.8465,87.008,2.011,-0.7402,32.532,7.6981,0.0023,0.6946,300.3465
17.750,31.092,-1.3262,0.3005,84.630,-2.7726,7.3374,86.145,6.8707,2.0985,7.1840,1.515,-1.7398,4.7555,-7.917,-0.7178,1.9563,84.630,1.974,-0.7364,32.642,7.6965,0.0067,0.7282,108.5809
17.800,32.081,-1.2483,-0.6848,105.979,-2.6561,7.4204,104.711,8.1796,-0.8779,8.2266,-1.268,-1.7264,4.7380,-7.593,-0.7482,2.0624,105.979,0.381,-0.1622,32.753,8.7912,0.0007,0.6450,871.5679
17.850,32.110,-1.2561,-0.6567,105.275,-2.5448,7.4929,101.394,8.2012,-0.9038,8.2509,-3.880,-1.7150,4.6969,-7.266,-0.7764,2.1658,105.275,0.671,-0.2891,32.860,8.8688,0.0023,nan,nan
17.900,32.155,-1.2674,-0.6133,104.205,-2.4279,7.5550,97.709,8.2033,-0.8794,8.2503,-6.496,-1.6851,4.6596,-6.403,-0.8012,2.2637,104.205,0.953,-0.2662,32.961,8.9247,0.0006,nan,nan
17.950,32.216,-1.2821,-0.5535,103.535,-2.3530,7.6075,95.431,8.1850,-0.8689,8.2310,-8.105,-1.6851,4.6596,-6.403,-0.8264,2.3685,103.535,1.238,-0.2532,33.069,8.9708,0.0009,nan,nan
18.000,32.294,-1.2996,-0.4781,102.614,-2.3094,7.6442,93.794,8.1468,-0.7884,8.1848,-8.820,-1.6851,4.6596,-6.403,-0.8505,2.4760,102.614,1.520,-0.3283,33.179,9.0035,0.0017,nan,nan
18.050,32.294,-1.2996,-0.4781,102.614,-2.2662,7.5600,93.494,8.0552,-0.8121,8.0960,-9.120,-1.6824,4.5930,-6.691,-0.8505,2.4760,102.614,1.520,-0.3283,33.179,9.0035,0.0017,nan,nan
18.100,32.387,-1.3191,-0.3870,101.448,-2.2619,7.5859,92.784,8.0014,-0.6584,8.0284,-8.665,-1.7110,4.5359,-7.765,-0.8725,2.5845,101.448,1.868,-0.4390,33.290,9.0211,0.0037,nan,nan
