t,dist_m,true_x,true_y,true_yaw_deg,est_x,est_y,est_yaw_deg,err_along,err_cross,err_dist,err_yaw_deg,m2o_x,m2o_y,m2o_yaw_deg,o2b_x,o2b_y,o2b_yaw_deg,speed,yaw_rate,enc_dist,dr_err,fit_true,fit_est,fit_ratio,pp_v_est,pp_v_enc,pp_v_pose,pp_v_target,pp_u_cmd,pp_throttle,pp_steering,pp_ld,pp_e_lat,pp_e_head,pp_kappa,pp_s,pp_slip,pp_a_imu,pp_delay
0.000,0.000,0.8006,3.1583,-89.997,0.7975,3.1528,-90.623,0.0055,-0.0031,0.0063,-0.627,0.7975,3.1528,-0.627,0.0000,0.0000,-89.997,0.000,0.0000,0.000,0.0000,0.0098,0.0161,1.6440,nan,nan,nan,nan,nan,nan,nan,nan,nan,nan,nan,nan,nan,nan,nan
0.050,0.000,0.8006,3.1583,-89.997,0.7975,3.1528,-90.623,0.0055,-0.0031,0.0063,-0.627,0.7975,3.1528,-0.627,0.0000,0.0000,-89.997,0.000,0.0000,0.000,0.0000,0.0098,0.0161,1.6440,nan,nan,nan,nan,nan,nan,nan,nan,nan,nan,nan,nan,nan,nan,nan
0.100,0.000,0.8006,3.1583,-89.997,0.7975,3.1528,-90.623,0.0055,-0.0031,0.0063,-0.627,0.7975,3.1528,-0.627,0.0000,0.0000,-89.997,0.000,0.0000,0.000,0.0000,0.0098,0.0161,1.6440,nan,nan,nan,nan,nan,nan,nan,nan,nan,nan,nan,nan,nan,nan,nan
0.150,0.000,0.8006,3.1583,-89.997,0.7975,3.1528,-90.623,0.0055,-0.0031,0.0063,-0.627,0.7975,3.1528,-0.627,0.0000,0.0000,-89.997,0.000,0.0000,0.000,0.0000,0.0098,0.0161,1.6440,nan,nan,nan,nan,nan,nan,nan,nan,nan,nan,nan,nan,nan,nan,nan
0.200,0.000,0.8006,3.1583,-89.997,0.7975,3.1528,-90.623,0.0055,-0.0031,0.0063,-0.627,0.7975,3.1528,-0.627,0.0000,0.0000,-89.997,0.000,0.0000,0.000,0.0000,0.0098,0.0161,1.6440,nan,nan,nan,nan,nan,nan,nan,nan,nan,nan,nan,nan,nan,nan,nan
0.250,0.000,0.8006,3.1583,-89.997,0.7975,3.1528,-90.623,0.0055,-0.0031,0.0063,-0.627,0.7975,3.1528,-0.627,0.0000,0.0000,-89.997,0.000,0.0000,0.000,0.0000,0.0098,0.0161,1.6440,nan,nan,nan,nan,nan,nan,nan,nan,nan,nan,nan,nan,nan,nan,nan
0.300,0.000,0.8006,3.1583,-89.997,0.7975,3.1528,-90.623,0.0055,-0.0031,0.0063,-0.627,0.7975,3.1528,-0.627,0.0000,0.0000,-89.997,0.000,0.0000,0.000,0.0000,0.0098,0.0161,1.6440,nan,nan,nan,nan,nan,nan,nan,nan,nan,nan,nan,nan,nan,nan,nan
0.350,0.000,0.8006,3.1583,-89.997,0.7975,3.1528,-90.623,0.0055,-0.0031,0.0063,-0.627,0.7975,3.1528,-0.627,0.0000,0.0000,-89.997,0.000,0.0000,0.000,0.0000,0.0098,0.0161,1.6440,nan,nan,nan,nan,nan,nan,nan,nan,nan,nan,nan,nan,nan,nan,nan
0.400,0.000,0.8006,3.1583,-89.997,0.7945,3.1523,-90.677,0.0060,-0.0061,0.0086,-0.680,0.7945,3.1523,-0.680,0.0000,0.0000,-89.997,0.000,0.0000,0.000,0.0000,0.0098,0.0180,1.8383,nan,nan,nan,nan,nan,nan,nan,nan,nan,nan,nan,nan,nan,nan,nan
0.450,0.000,0.8006,3.1583,-89.997,0.7945,3.1523,-90.677,0.0060,-0.0061,0.0086,-0.680,0.7945,3.1523,-0.680,0.0000,0.0000,-89.997,0.000,0.0000,0.000,0.0000,0.0098,0.0180,1.8383,nan,nan,nan,nan,nan,nan,nan,nan,nan,nan,nan,nan,nan,nan,nan
0.500,0.000,0.8006,3.1583,-89.997,0.7945,3.1523,-90.677,0.0060,-0.0061,0.0086,-0.680,0.7945,3.1523,-0.680,0.0000,0.0000,-89.997,0.000,0.0000,0.000,0.0000,0.0098,0.0180,1.8383,nan,nan,nan,nan,nan,nan,nan,nan,nan,nan,nan,nan,nan,nan,nan
0.550,0.000,0.8006,3.1583,-89.997,0.7945,3.1523,-90.677,0.0060,-0.0061,0.0086,-0.680,0.7945,3.1523,-0.680,0.0000,0.0000,-89.997,0.000,0.0000,0.000,0.0000,0.0098,0.0180,1.8383,nan,nan,nan,nan,nan,nan,nan,nan,nan,nan,nan,nan,nan,nan,nan
0.600,0.000,0.8006,3.1583,-89.997,0.7945,3.1523,-90.677,0.0060,-0.0061,0.0086,-0.680,0.7945,3.1523,-0.680,0.0000,0.0000,-89.997,0.000,0.0000,0.000,0.0000,0.0098,0.0180,1.8383,nan,nan,nan,nan,nan,nan,nan,nan,nan,nan,nan,nan,nan,nan,nan
0.650,0.000,0.8006,3.1583,-89.997,0.7945,3.1523,-90.677,0.0060,-0.0061,0.0086,-0.680,0.7945,3.1523,-0.680,0.0000,0.0000,-89.997,0.000,0.0000,0.000,0.0000,0.0098,0.0180,1.8383,nan,nan,nan,nan,nan,nan,nan,nan,nan,nan,nan,nan,nan,nan,nan
0.700,0.000,0.8006,3.1583,-89.997,0.7945,3.1523,-90.677,0.0060,-0.0061,0.0086,-0.680,0.7945,3.1523,-0.680,0.0000,0.0000,-89.997,0.000,0.0000,0.000,0.0000,0.0098,0.0180,1.8383,nan,nan,nan,nan,nan,nan,nan,nan,nan,nan,nan,nan,nan,nan,nan
0.750,0.000,0.8006,3.1583,-89.997,0.7945,3.1523,-90.677,0.0060,-0.0061,0.0086,-0.680,0.7945,3.1523,-0.680,0.0000,0.0000,-89.997,0.000,0.0000,0.000,0.0000,0.0098,0.0180,1.8383,nan,nan,nan,nan,nan,nan,nan,nan,nan,nan,nan,nan,nan,nan,nan
0.800,0.000,0.8006,3.1583,-89.997,0.7945,3.1523,-90.677,0.0060,-0.0061,0.0086,-0.680,0.7945,3.1523,-0.680,0.0000,0.0000,-89.997,0.000,0.0000,0.000,0.0000,0.0098,0.0180,1.8383,nan,nan,nan,nan,nan,nan,nan,nan,nan,nan,nan,nan,nan,nan,nan
0.850,0.000,0.8006,3.1583,-89.997,0.7984,3.1523,-90.723,0.0060,-0.0022,0.0064,-0.726,0.7984,3.1523,-0.726,0.0000,0.0000,-89.997,0.000,0.0000,0.000,0.0000,0.0098,0.0159,1.6294,nan,nan,nan,nan,nan,nan,nan,nan,nan,nan,nan,nan,nan,nan,nan
0.900,0.000,0.8007,3.1583,-89.997,0.7984,3.1523,-90.723,0.0060,-0.0023,0.0065,-0.726,0.7984,3.1523,-0.726,0.0000,0.0000,-89.997,0.000,0.0000,0.000,0.0001,0.0098,0.0159,1.6213,nan,nan,nan,nan,nan,nan,nan,nan,nan,nan,nan,nan,nan,nan,nan
0.950,0.000,0.8007,3.1583,-89.997,0.7984,3.1523,-90.723,0.0060,-0.0023,0.0065,-0.726,0.7984,3.1523,-0.726,0.0000,0.0000,-89.997,0.000,0.0000,0.000,0.0001,0.0098,0.0159,1.6213,nan,nan,nan,nan,nan,nan,nan,nan,nan,nan,nan,nan,nan,nan,nan
1.000,0.000,0.8007,3.1583,-89.997,0.7984,3.1523,-90.723,0.0060,-0.0023,0.0065,-0.726,0.7984,3.1523,-0.726,0.0000,0.0000,-89.997,0.000,0.0000,0.000,0.0001,0.0098,0.0159,1.6213,nan,nan,nan,nan,nan,nan,nan,nan,nan,nan,nan,nan,nan,nan,nan
1.050,0.000,0.8007,3.1583,-89.997,0.7984,3.1523,-90.723,0.0060,-0.0023,0.0065,-0.726,0.7984,3.1523,-0.726,0.0000,0.0000,-89.997,0.000,0.0000,0.000,0.0001,0.0098,0.0159,1.6213,nan,nan,nan,nan,nan,nan,nan,nan,nan,nan,nan,nan,nan,nan,nan
1.100,0.000,0.8007,3.1583,-89.997,0.7984,3.1523,-90.723,0.0060,-0.0023,0.0065,-0.726,0.7984,3.1523,-0.726,0.0000,0.0000,-89.997,0.000,0.0000,0.000,0.0001,0.0098,0.0159,1.6213,nan,nan,nan,nan,nan,nan,nan,nan,nan,nan,nan,nan,nan,nan,nan
1.150,0.000,0.8007,3.1583,-89.997,0.7984,3.1523,-90.723,0.0060,-0.0023,0.0065,-0.726,0.7984,3.1523,-0.726,0.0000,0.0000,-89.997,0.000,0.0000,0.000,0.0001,0.0098,0.0159,1.6213,nan,nan,nan,nan,nan,nan,nan,nan,nan,nan,nan,nan,nan,nan,nan
1.200,0.000,0.8007,3.1583,-89.997,0.7984,3.1523,-90.723,0.0060,-0.0023,0.0065,-0.726,0.7984,3.1523,-0.726,0.0000,0.0000,-89.997,0.000,0.0000,0.000,0.0001,0.0098,0.0159,1.6213,nan,nan,nan,nan,nan,nan,nan,nan,nan,nan,nan,nan,nan,nan,nan
1.250,0.000,0.8007,3.1583,-89.997,0.7984,3.1523,-90.723,0.0060,-0.0023,0.0065,-0.726,0.7984,3.1523,-0.726,0.0000,0.0000,-89.997,0.000,0.0000,0.000,0.0001,0.0098,0.0159,1.6213,nan,nan,nan,nan,nan,nan,nan,nan,nan,nan,nan,nan,nan,nan,nan
1.300,0.000,0.8007,3.1583,-89.997,0.7981,3.1526,-90.778,0.0057,-0.0026,0.0063,-0.781,0.7981,3.1526,-0.781,0.0000,0.0000,-89.997,0.000,0.0000,0.000,0.0001,0.0098,0.0164,1.6699,nan,nan,nan,nan,nan,nan,nan,nan,nan,nan,nan,nan,nan,nan,nan
1.350,0.000,0.8007,3.1583,-89.997,0.7981,3.1526,-90.778,0.0057,-0.0026,0.0063,-0.781,0.7981,3.1526,-0.781,0.0000,0.0000,-89.997,0.000,0.0000,0.000,0.0001,0.0098,0.0164,1.6699,nan,nan,nan,nan,nan,nan,nan,nan,nan,nan,nan,nan,nan,nan,nan
1.400,0.000,0.8007,3.1583,-89.997,0.7981,3.1526,-90.778,0.0057,-0.0026,0.0063,-0.781,0.7981,3.1526,-0.781,0.0000,0.0000,-89.997,0.000,0.0000,0.000,0.0001,0.0098,0.0164,1.6699,nan,nan,nan,nan,nan,nan,nan,nan,nan,nan,nan,nan,nan,nan,nan
1.450,0.000,0.8007,3.1583,-89.997,0.7981,3.1526,-90.778,0.0057,-0.0026,0.0063,-0.781,0.7981,3.1526,-0.781,0.0000,0.0000,-89.997,0.000,0.0000,0.000,0.0001,0.0098,0.0164,1.6699,nan,nan,nan,nan,nan,nan,nan,nan,nan,nan,nan,nan,nan,nan,nan
1.500,0.000,0.8007,3.1583,-89.997,0.7981,3.1526,-90.778,0.0057,-0.0026,0.0063,-0.781,0.7981,3.1526,-0.781,0.0000,0.0000,-89.997,0.000,0.0000,0.000,0.0001,0.0098,0.0165,1.6749,nan,nan,nan,nan,nan,nan,nan,nan,nan,nan,nan,nan,nan,nan,nan
1.550,0.000,0.8007,3.1583,-89.997,0.7981,3.1526,-90.778,0.0057,-0.0026,0.0063,-0.781,0.7981,3.1526,-0.781,0.0000,0.0000,-89.997,0.000,0.0000,0.000,0.0001,0.0098,0.0165,1.6749,nan,nan,nan,nan,nan,nan,nan,nan,nan,nan,nan,nan,nan,nan,nan
1.601,0.000,0.8007,3.1583,-89.997,0.7981,3.1526,-90.778,0.0057,-0.0026,0.0063,-0.781,0.7981,3.1526,-0.781,0.0000,0.0000,-89.997,0.000,0.0000,0.000,0.0001,0.0098,0.0165,1.6749,nan,nan,nan,nan,nan,nan,nan,nan,nan,nan,nan,nan,nan,nan,nan
1.650,0.000,0.8007,3.1583,-89.997,0.7981,3.1526,-90.778,0.0057,-0.0026,0.0063,-0.781,0.7981,3.1526,-0.781,0.0000,0.0000,-89.997,0.000,0.0000,0.000,0.0001,0.0098,0.0165,1.6749,nan,nan,nan,nan,nan,nan,nan,nan,nan,nan,nan,nan,nan,nan,nan
1.700,0.000,0.8007,3.1583,-89.997,0.7981,3.1526,-90.778,0.0057,-0.0026,0.0063,-0.781,0.7981,3.1526,-0.781,0.0000,0.0000,-89.997,0.000,0.0000,0.000,0.0001,0.0098,0.0165,1.6749,nan,nan,nan,nan,nan,nan,nan,nan,nan,nan,nan,nan,nan,nan,nan
1.750,0.000,0.8007,3.1583,-89.997,0.7993,3.1548,-90.781,0.0035,-0.0014,0.0038,-0.784,0.7993,3.1548,-0.784,0.0000,0.0000,-89.997,0.000,0.0000,0.000,0.0001,0.0098,0.0160,1.6312,nan,nan,nan,nan,nan,nan,nan,nan,nan,nan,nan,nan,nan,nan,nan
1.800,0.000,0.8007,3.1583,-89.997,0.7993,3.1548,-90.781,0.0035,-0.0014,0.0038,-0.784,0.7993,3.1548,-0.784,0.0000,0.0000,-89.997,0.000,0.0000,0.000,0.0001,0.0098,0.0160,1.6312,nan,nan,nan,nan,nan,nan,nan,nan,nan,nan,nan,nan,nan,nan,nan
1.850,0.000,0.8007,3.1583,-89.997,0.7993,3.1548,-90.781,0.0035,-0.0014,0.0038,-0.784,0.7993,3.1548,-0.784,0.0000,0.0000,-89.997,0.000,0.0000,0.000,0.0001,0.0098,0.0160,1.6312,nan,nan,nan,nan,nan,nan,nan,nan,nan,nan,nan,nan,nan,nan,nan
1.900,0.000,0.8007,3.1583,-89.997,0.7993,3.1548,-90.781,0.0035,-0.0014,0.0038,-0.784,0.7993,3.1548,-0.784,0.0000,0.0000,-89.997,0.000,0.0000,0.000,0.0001,0.0098,0.0160,1.6312,0.0000,0.0000,nan,6.5179,0.8305,0.0329,0.7414,0.8000,-0.3289,-0.1834,-0.0849,8.0903,0.0800,0.0002,0.1750
1.950,0.000,0.8007,3.1583,-89.997,0.7993,3.1548,-90.781,0.0035,-0.0014,0.0038,-0.784,0.7993,3.1548,-0.784,0.0000,0.0000,-89.997,0.000,0.0000,0.000,0.0001,0.0098,0.0160,1.6312,0.0000,0.0000,nan,6.5179,0.8305,0.0329,0.7414,0.8000,-0.3289,-0.1834,-0.0849,8.0903,0.0800,0.0002,0.1750
2.000,0.000,0.8007,3.1582,-89.997,0.7993,3.1548,-90.781,0.0034,-0.0014,0.0037,-0.784,0.7993,3.1548,-0.784,0.0000,0.0000,-89.997,0.020,0.0008,0.003,0.0001,0.0098,0.0160,1.6312,0.0000,0.0000,nan,6.5179,0.8305,0.0329,0.7414,0.8000,-0.3289,-0.1834,-0.0849,8.0903,0.0800,-0.0008,0.1750
2.050,0.010,0.8007,3.1485,-89.781,0.7992,3.1495,-90.778,-0.0010,-0.0014,0.0018,-0.997,0.7993,3.1548,-0.784,0.0000,-0.0052,-89.994,0.316,0.1883,0.044,0.0046,0.0089,0.0170,1.9076,0.0409,0.0470,nan,6.5179,0.8713,0.0345,0.7517,0.8000,-0.3303,-0.1833,-0.0849,8.0903,0.0800,5.3629,0.1750
2.100,0.010,0.8007,3.1485,-89.781,0.7992,3.1495,-90.778,-0.0010,-0.0014,0.0018,-0.997,0.7993,3.1548,-0.784,0.0000,-0.0052,-89.994,0.316,0.1883,0.044,0.0046,0.0089,0.0170,1.9076,0.3831,0.7637,nan,6.5642,1.2269,0.0486,0.7337,0.8000,-0.3469,-0.1514,-0.0787,8.1902,0.0800,5.1565,0.1750
2.150,0.035,0.8008,3.1232,-88.442,0.7987,3.0666,-89.946,0.0566,-0.0037,0.0567,-1.504,0.7993,3.1548,-0.784,0.0006,-0.0882,-89.162,0.608,0.7147,0.085,0.0531,0.0093,0.0192,2.0719,0.6284,0.7151,nan,6.6111,1.4840,0.0588,0.5868,0.8000,-0.3502,-0.0695,-0.0725,8.2900,0.0800,5.2489,0.1750
2.200,0.075,0.8029,3.0832,-85.611,0.8006,3.0278,-86.961,0.0551,-0.0065,0.0555,-1.350,0.7992,3.1524,-0.772,0.0031,-0.1246,-86.189,0.789,0.9692,0.130,0.0495,0.0135,0.0146,1.0787,0.7831,0.8241,nan,6.6585,1.6387,0.0649,0.5674,0.8000,-0.3511,0.0006,-0.0725,8.2900,0.0800,1.4681,0.1750
2.250,0.128,0.8085,3.0311,-81.961,0.8064,2.9755,-83.241,0.0547,-0.0098,0.0556,-1.280,0.7992,3.1524,-0.772,0.0096,-0.1767,-82.469,1.057,1.1290,0.195,0.0496,0.0107,0.0260,2.4204,1.0450,1.1544,nan,6.7060,1.9113,0.0757,0.4486,0.8000,-0.3469,0.0792,-0.0664,8.3899,0.0800,6.7584,0.1750
2.300,0.194,0.8197,2.9661,-78.352,0.8195,2.8951,-79.632,0.0695,-0.0145,0.0710,-1.281,0.8003,3.1511,-1.123,0.0243,-0.2556,-78.509,1.311,1.2121,0.273,0.0636,0.0097,0.0199,2.0629,1.3187,1.4476,nan,6.7982,2.1924,0.0868,0.3455,0.8000,-0.3366,0.1458,-0.0619,8.4898,0.0800,4.4608,0.1750
2.350,0.272,0.8381,2.8904,-74.312,0.8416,2.8023,-75.652,0.0858,-0.0205,0.0882,-1.340,0.8003,3.1511,-1.123,0.0481,-0.3479,-74.529,1.510,1.1959,0.359,0.0807,0.0126,0.0170,1.3464,1.5099,1.5755,nan,6.7982,2.3838,0.0944,0.2132,0.8000,-0.3176,0.2151,-0.0609,8.5897,0.0800,5.8814,0.1750
2.400,0.364,0.8659,2.8024,-70.563,0.8694,2.7153,-72.147,0.0833,-0.0257,0.0872,-1.584,0.8026,3.1548,-1.650,0.0794,-0.4375,-70.497,1.764,1.0842,0.462,0.0828,0.0145,0.0152,1.0448,1.7495,1.8505,nan,6.8846,2.6150,0.1036,-0.0189,0.9194,-0.2890,0.2720,-0.0628,8.6896,0.0800,6.0257,0.1750
2.450,0.473,0.9053,2.7005,-67.200,0.9084,2.6055,-69.188,0.0888,-0.0340,0.0951,-1.987,0.8040,3.1579,-2.127,0.1248,-0.5482,-67.061,2.039,0.8849,0.582,0.0926,0.0167,0.0156,0.9315,1.8226,1.8505,nan,6.9258,2.6748,0.1059,-0.1139,0.9578,-0.2640,0.3233,-0.0654,8.7894,0.0800,6.0257,0.1750
2.500,0.592,0.9536,2.5919,-64.944,0.9628,2.4785,-66.407,0.1066,-0.0397,0.1138,-1.463,0.8040,3.1579,-2.127,0.1839,-0.6730,-64.281,2.262,0.5811,0.708,0.1110,0.0121,0.0273,2.2509,2.0389,2.1273,nan,6.9661,2.8768,0.1139,-0.2084,1.0715,-0.2242,0.3500,-0.0676,8.8893,0.0800,5.7862,0.1750
2.551,0.592,0.9536,2.5919,-64.944,0.9589,2.4862,-66.244,0.0980,-0.0400,0.1058,-1.300,0.7982,3.1651,-1.963,0.1839,-0.6730,-64.281,2.262,0.5811,0.708,0.1110,0.0121,0.0263,2.1653,2.1594,2.2033,nan,7.0444,2.9737,0.1178,-0.2491,1.1348,-0.1896,0.3658,-0.0695,9.0891,0.0800,6.0558,0.1750
2.600,0.726,1.0112,2.4711,-64.727,1.0082,2.3679,-65.314,0.0920,-0.0468,0.1032,-0.586,0.7998,3.1659,-2.257,0.2396,-0.7891,-63.056,2.491,-0.1279,0.850,0.1060,0.0135,0.0234,1.7418,2.4031,2.5215,nan,7.1213,3.2095,0.1271,-0.2048,1.2629,-0.1537,0.2939,-0.0695,9.1889,0.0800,6.0693,0.1750
2.650,0.872,1.0722,2.3384,-66.763,1.0644,2.2319,-67.488,0.0948,-0.0492,0.1068,-0.725,0.7988,3.1744,-2.359,0.3042,-0.9307,-65.129,2.692,-0.9064,1.006,0.1155,0.0222,0.0337,1.5199,2.6735,2.8321,nan,7.1593,3.4722,0.1375,-0.1249,1.4072,-0.1279,0.1934,-0.0671,9.3887,0.0800,3.2323,0.1750
2.700,1.027,1.1296,2.1944,-70.136,1.1134,2.0757,-72.153,0.1061,-0.0556,0.1198,-2.017,0.7939,3.1879,-2.436,0.3665,-1.0976,-69.717,2.844,-0.9379,1.168,0.1388,0.0297,0.0557,1.8737,2.8103,2.8674,nan,7.2343,3.6075,0.1429,-0.0908,1.4805,-0.1142,0.1430,-0.0657,9.4886,0.0800,4.9852,0.1750
2.750,1.204,1.1854,2.0263,-73.348,1.1605,1.9215,-75.000,0.0933,-0.0539,0.1077,-1.651,0.7832,3.1945,-1.702,0.4150,-1.2612,-73.297,3.044,-0.7829,1.356,0.1327,0.0229,0.0575,2.5147,3.0539,3.1851,nan,7.3086,3.8480,0.1524,-0.0933,1.6117,-0.0827,0.1338,-0.0630,9.6883,0.0800,5.4689,0.1750
2.801,1.382,1.2335,1.8553,-75.316,1.2072,1.7302,-77.223,0.1143,-0.0572,0.1279,-1.907,0.7782,3.1941,-1.349,0.4633,-1.4534,-75.874,3.271,-0.5024,1.544,0.1534,0.0222,0.0574,2.5865,3.2591,3.3588,nan,7.3826,4.0516,0.1605,-0.1106,1.7236,-0.0512,0.1446,-0.0597,9.8881,0.0800,4.3469,0.1750
2.850,1.570,1.2789,1.6725,-76.844,1.2530,1.5446,-77.876,0.1187,-0.0544,0.1305,-1.032,0.7720,3.1976,-0.956,0.5084,-1.6448,-76.920,3.438,-0.4930,1.741,0.1618,0.0192,0.0481,2.5036,3.4487,3.5399,nan,7.4929,4.2434,0.1681,-0.1052,1.8289,-0.0268,0.1329,-0.0554,10.0879,0.0800,4.7643,0.1750
2.900,1.768,1.3216,1.4788,-78.493,1.2910,1.3502,-79.299,0.1199,-0.0557,0.1322,-0.806,0.7704,3.2028,-0.909,0.5499,-1.8442,-78.391,3.631,-0.6019,1.951,0.1672,0.0177,0.0496,2.8021,3.5011,3.5399,nan,7.5658,4.2974,0.1702,-0.1073,1.8593,0.0038,0.1205,-0.0532,10.1877,0.0800,4.7643,0.1750
2.950,1.973,1.3594,1.2771,-80.507,1.3264,1.1213,-81.497,0.1482,-0.0583,0.1593,-0.990,0.7743,3.2063,-1.046,0.5900,-2.0746,-80.451,3.814,-0.6309,2.167,0.1959,0.0160,0.0528,3.3030,3.7202,3.8395,nan,7.6381,4.5345,0.1796,-0.0870,1.9810,0.0248,0.0923,-0.0490,10.3875,0.0800,4.4300,0.1750
3.000,2.193,1.3921,1.0603,-82.535,1.3491,0.9170,-83.517,0.1365,-0.0613,0.1496,-0.982,0.7743,3.2063,-1.046,0.6165,-2.2785,-82.471,4.009,-0.5677,2.399,0.1822,0.0160,0.0579,3.6107,3.7723,3.8135,nan,7.7095,4.5931,0.1819,-0.0708,2.0143,0.0339,0.0649,-0.0448,10.5873,0.0800,4.5329,0.1750
3.051,2.193,1.3921,1.0603,-82.535,1.3512,0.9316,-83.673,0.1223,-0.0572,0.1350,-1.137,0.7827,3.2225,-1.201,0.6165,-2.2785,-82.471,4.009,-0.5677,2.399,0.1822,0.0160,0.0585,3.6430,4.0502,4.2794,nan,7.8146,4.8939,0.1938,-0.0574,2.1703,0.0486,0.0488,-0.0394,10.8869,0.0800,5.5127,0.1750
3.100,2.420,1.4186,0.8345,-84.269,1.3701,0.7000,-85.826,0.1290,-0.0617,0.1430,-1.558,0.7907,3.2609,-1.442,0.6437,-2.5455,-84.384,4.231,-0.4961,2.642,0.2232,0.0138,0.0714,5.1748,4.1989,4.2823,nan,7.8828,5.0530,0.2001,-0.0451,2.2549,0.0515,0.0328,-0.0361,11.0867,0.0800,3.3898,0.1750
3.151,2.661,1.4398,0.5942,-85.778,1.3856,0.4577,-87.036,0.1322,-0.0642,0.1469,-1.258,0.7844,3.2489,-1.218,0.6603,-2.7778,-85.819,4.381,-0.4112,2.894,0.2148,0.0110,0.0641,5.8260,4.4403,4.6239,nan,7.9494,5.3118,0.2104,-0.0425,2.3891,0.0677,0.0276,-0.0331,11.2864,0.0800,4.9329,0.1750
3.200,2.908,1.4556,0.3476,-87.018,1.3956,0.1758,-88.728,0.1685,-0.0689,0.1820,-1.710,0.8020,3.2569,-1.585,0.6785,-3.0635,-87.143,4.585,-0.3477,3.156,0.2539,0.0095,0.0804,8.4350,4.4851,4.5385,nan,8.0000,5.3501,0.2119,-0.0349,2.4157,0.0673,0.0180,-0.0316,11.5861,0.0800,4.1625,0.1750
3.250,3.166,1.4669,0.0906,-88.050,1.3978,-0.0524,-89.794,0.1406,-0.0739,0.1588,-1.745,0.8112,3.2653,-1.720,0.6860,-3.2985,-88.075,4.761,-0.3173,3.427,0.2317,0.0131,0.0875,6.6815,4.7668,5.1282,nan,8.0000,5.6468,0.2236,-0.0274,2.5479,0.0707,0.0074,-0.0305,11.7858,0.0800,4.7055,0.1750
3.300,3.434,1.4740,-0.1772,-89.041,1.4021,-0.3507,-90.371,0.1723,-0.0747,0.1878,-1.331,0.7917,3.2842,-1.290,0.6922,-3.6202,-89.081,4.954,-0.2914,3.711,0.2853,0.0153,0.0825,5.3926,4.9002,5.0085,nan,8.0000,5.4257,0.2149,-0.0264,2.5607,0.0798,0.0098,-0.0229,12.0855,0.0800,3.0477,0.1750
3.350,3.715,1.4768,-0.4585,-89.896,1.4050,-0.6501,-90.590,0.1915,-0.0721,0.2046,-0.694,0.7553,3.2481,-0.623,0.6920,-3.8909,-89.968,5.090,-0.2340,4.005,0.2745,0.0143,0.0680,4.7469,5.1068,5.2964,nan,8.0000,5.5154,0.2184,-0.0230,2.5696,0.0809,0.0067,-0.0177,12.3851,0.0800,4.5983,0.1750
3.400,4.001,1.4757,-0.7443,-90.593,1.3993,-0.9666,-90.698,0.2231,-0.0741,0.2351,-0.106,0.7151,3.2327,-0.063,0.6888,-4.1985,-90.635,5.271,-0.2122,4.306,0.2962,0.0154,0.0608,3.9582,5.1993,5.2964,nan,8.0000,5.6152,0.2224,-0.0268,2.5756,0.0999,0.0114,-0.0141,12.6847,0.0800,4.5983,0.1750
3.450,4.296,1.4712,-1.0397,-91.264,1.4058,-1.2337,-91.405,0.1954,-0.0611,0.2048,-0.140,0.7339,3.2842,-0.128,0.6820,-4.5164,-91.277,5.281,-0.1952,4.605,0.3186,0.0195,0.0640,3.2919,5.3424,5.4809,nan,8.0000,5.7698,0.2285,-0.0294,2.5794,0.1095,0.0166,-0.0117,12.9844,0.0800,0.1879,0.1750
3.501,4.593,1.4633,-1.3365,-91.873,1.3952,-1.5258,-92.028,0.1914,-0.0619,0.2012,-0.155,0.7339,3.2842,-0.128,0.6721,-4.8085,-91.900,5.327,-0.2249,4.908,0.3138,0.0264,0.0654,2.4808,5.2767,5.3136,nan,8.0000,5.6988,0.2257,-0.0269,2.5739,0.1215,0.0091,-0.0100,13.1841,0.0800,0.8731,0.1750
3.550,4.593,1.4633,-1.3365,-91.873,1.4067,-1.4755,-91.312,0.1407,-0.0521,0.1501,0.561,0.6852,3.3259,0.588,0.6721,-4.8085,-91.900,5.327,-0.2249,4.908,0.3138,0.0256,0.0574,2.2445,5.2813,5.3410,nan,8.0000,5.7038,0.2259,-0.0296,2.5739,0.1363,0.0111,-0.0083,13.3839,0.0800,3.2288,0.1750
3.600,4.901,1.4514,-1.6443,-92.650,1.4029,-1.7491,-91.897,0.1070,-0.0436,0.1155,0.753,0.6845,3.3369,0.663,0.6595,-5.0940,-92.560,5.460,-0.2302,5.229,0.2915,0.0279,0.0509,1.8217,5.5548,6.0317,nan,8.0000,5.9992,0.2376,-0.0251,2.5724,0.1423,0.0011,-0.0056,13.6835,0.0800,0.9787,0.1750
3.650,5.192,1.4365,-1.9344,-93.350,1.3934,-2.0846,-93.101,0.1524,-0.0343,0.1562,0.249,0.7281,3.3800,0.288,0.6379,-5.4679,-93.389,5.499,-0.2442,5.525,0.3752,0.0272,0.0514,1.8897,5.3249,5.2940,nan,8.0000,5.7509,0.2278,-0.0152,2.5724,0.1430,-0.0167,-0.0040,13.8833,0.0800,0.5348,0.1750
3.700,5.500,1.4166,-2.2425,-94.173,1.3833,-2.3351,-94.209,0.0948,-0.0265,0.0984,-0.037,0.7668,3.4041,-0.031,0.6196,-5.7389,-94.179,5.532,-0.2300,5.840,0.3381,0.0217,0.0395,1.8176,5.2929,5.3404,nan,8.0000,5.7164,0.2264,-0.0048,2.5724,0.1381,-0.0327,-0.0006,14.0831,0.0800,3.2521,0.1750
3.750,5.854,1.3888,-2.5953,-94.932,1.3491,-2.6597,-94.827,0.0676,-0.0340,0.0757,0.105,0.7432,3.3970,0.133,0.5918,-6.0581,-94.960,5.670,-0.1569,6.208,0.3045,0.0189,0.0454,2.4067,5.5703,6.1627,nan,8.0000,6.0159,0.2383,0.0001,2.5424,0.1201,-0.0358,0.0002,14.4826,0.0800,-0.7391,0.1750
3.800,6.165,1.3611,-2.9049,-95.340,1.3181,-3.0545,-95.295,0.1529,-0.0289,0.1556,0.045,0.7486,3.3843,0.125,0.5554,-6.4400,-95.420,5.637,-0.0729,6.519,0.3768,0.0179,0.0432,2.4082,5.6357,5.7346,nan,8.0000,6.0866,0.2411,0.0021,2.5082,0.1098,-0.0367,0.0046,14.7822,0.0800,-0.8847,0.1750
3.850,6.480,1.3314,-3.2181,-95.476,1.3002,-3.3367,-94.771,0.1210,-0.0198,0.1226,0.705,0.6797,3.4044,0.813,0.5248,-6.7492,-95.584,5.609,-0.0145,6.834,0.3729,0.0195,0.0314,1.6070,5.6577,5.7346,nan,8.0000,6.1103,0.2420,0.0049,2.4744,0.1037,-0.0426,0.0091,15.0819,0.0800,-0.8847,0.1750
3.900,6.791,1.3015,-3.5284,-95.474,1.2827,-3.5660,-94.676,0.0392,-0.0151,0.0420,0.798,0.6808,3.4489,0.845,0.4984,-7.0230,-95.521,5.712,0.0204,7.158,0.3363,0.0164,0.0265,1.6132,5.4463,5.4259,nan,8.0000,5.8820,0.2329,-0.0063,2.4600,0.1136,-0.0277,0.0104,15.2816,0.0800,2.4385,0.1750
3.950,7.108,1.2715,-3.8441,-95.352,1.2544,-3.9201,-94.565,0.0772,-0.0100,0.0779,0.788,0.6808,3.4489,0.845,0.4648,-7.3766,-95.410,5.801,-0.0136,7.485,0.3742,0.0180,0.0243,1.3482,5.6766,5.9638,nan,8.0000,6.1308,0.2428,-0.0102,2.4161,0.1084,-0.0264,0.0119,15.5813,0.0800,2.2305,0.1750
4.000,7.108,1.2715,-3.8441,-95.352,1.2629,-3.9027,-94.359,0.0592,-0.0030,0.0593,0.993,0.6629,3.4641,1.051,0.4648,-7.3766,-95.410,5.801,-0.0136,7.485,0.3742,0.0180,0.0208,1.1521,5.8258,5.9989,nan,7.8306,6.2918,0.2492,-0.0158,2.3576,0.1091,-0.0286,0.0134,15.8809,0.0800,-0.8282,0.1750
4.050,7.438,1.2403,-4.1722,-95.524,1.2350,-4.2328,-94.588,0.0609,0.0006,0.0609,0.936,0.6938,3.4799,0.809,0.4323,-7.7196,-95.397,5.775,-0.0794,7.816,0.3892,0.0192,0.0181,0.9454,5.7493,5.7891,nan,7.5225,6.2092,0.2459,-0.0107,2.3499,0.0921,-0.0451,0.0160,16.0807,0.0800,1.9113,0.1750
4.100,7.758,1.2089,-4.4908,-95.814,1.2105,-4.4913,-95.612,0.0003,0.0017,0.0017,0.202,0.7866,3.5291,0.160,0.4015,-8.0216,-95.772,5.861,-0.1297,8.147,0.3726,0.0212,0.0193,0.9071,5.8979,6.0752,nan,7.3181,6.3698,0.2523,-0.0036,2.3196,0.0670,-0.0703,0.0130,16.3803,0.0800,2.4711,0.1750
4.150,8.090,1.1742,-4.8205,-96.276,1.1691,-4.8172,-96.043,-0.0027,-0.0054,0.0060,0.233,0.7780,3.5611,0.193,0.3629,-8.3796,-96.236,5.962,-0.1164,8.490,0.4009,0.0166,0.0189,1.1425,5.9561,6.0625,nan,7.0174,6.4326,0.2548,-0.0069,2.3035,0.0379,-0.0774,-0.0050,16.6799,0.0800,0.6806,0.1750
4.200,8.419,1.1376,-5.1473,-96.586,1.1362,-5.1241,-96.328,-0.0229,-0.0040,0.0232,0.258,0.7648,3.5763,0.307,0.3249,-8.7022,-96.635,5.996,-0.0618,8.826,0.3968,0.0183,0.0188,1.0279,6.0824,6.2483,nan,6.7241,6.5690,0.2602,-0.0200,2.2923,0.0177,-0.0711,-0.0267,16.9796,0.0800,1.7972,0.1750
4.250,8.757,1.0984,-5.4832,-96.723,1.0967,-5.4760,-95.763,-0.0069,-0.0025,0.0074,0.960,0.6529,3.5766,1.021,0.2823,-9.0591,-96.784,6.075,-0.0561,9.175,0.4179,0.0181,0.0196,1.0864,6.1281,6.2330,nan,6.4346,6.6183,0.2621,-0.0401,2.2680,0.0037,-0.0496,-0.0434,17.2792,0.0800,1.7052,0.1750
4.300,9.093,1.0586,-5.8173,-96.930,1.0593,-5.8443,-95.495,0.0267,0.0039,0.0270,1.436,0.5875,3.5561,1.411,0.2402,-9.4092,-96.905,6.151,-0.1399,9.522,0.4339,0.0204,0.0217,1.0618,6.0692,6.1206,nan,6.1744,6.2543,0.2477,-0.0550,2.1979,-0.0112,-0.0410,-0.0726,17.5789,0.0305,2.0860,0.1750
4.350,9.440,1.0153,-6.1618,-97.555,1.0227,-6.2155,-96.183,0.0523,0.0144,0.0542,1.371,0.6215,3.5227,1.199,0.1974,-9.7444,-97.382,6.242,-0.2939,9.882,0.4247,0.0219,0.0178,0.8134,6.0518,6.1206,nan,5.9385,5.4019,0.2139,-0.0800,2.1434,-0.0160,-0.0179,-0.0850,17.8785,0.0800,2.0860,0.1750
4.400,9.786,0.9671,-6.5038,-98.766,0.9768,-6.5802,-97.281,0.0740,0.0212,0.0770,1.485,0.6215,3.5227,1.199,0.1439,-10.1081,-98.480,6.274,-0.4561,10.233,0.4465,0.0153,0.0166,1.0816,6.2067,6.4115,nan,5.6328,5.7065,0.2260,-0.1008,2.0870,-0.0271,-0.0079,-0.1286,18.2780,0.0800,1.5495,0.1750
4.450,10.136,0.9086,-6.8489,-101.140,0.9116,-6.9758,-99.975,0.1239,0.0275,0.1269,1.165,0.7910,3.4751,0.212,0.0819,-10.4513,-100.188,5.846,-0.8873,10.547,0.4448,0.0178,0.0141,0.7903,6.2850,6.4193,nan,5.2312,5.0526,0.2001,-0.1095,2.0247,-0.0444,-0.0033,-0.1588,18.6775,-0.0756,-8.6375,0.1750
4.500,10.136,0.9086,-6.8489,-101.140,0.9163,-6.9325,-100.546,0.0805,0.0237,0.0839,0.594,0.8998,3.5191,-0.359,0.0819,-10.4513,-100.188,5.846,-0.8873,10.547,0.4448,0.0178,0.0103,0.5805,5.9388,5.7815,nan,5.1397,5.1147,0.2026,-0.0700,2.0232,-0.0906,-0.0648,-0.1761,18.8773,-0.0112,-3.4023,0.1750
4.550,10.442,0.8438,-7.1479,-103.920,0.8469,-7.2298,-103.285,0.0787,0.0227,0.0819,0.635,0.7005,3.5046,0.743,0.0071,-10.7353,-104.028,5.690,-0.9304,10.843,0.4306,0.0213,0.0133,0.6275,5.5304,5.2190,nan,5.0439,5.1455,0.2038,-0.0856,2.0232,-0.0966,-0.0565,-0.1838,19.0771,0.0800,-8.1459,0.1750
4.600,10.744,0.7651,-7.4396,-106.836,0.7768,-7.4897,-105.819,0.0446,0.0257,0.0515,1.017,0.6439,3.4905,1.055,-0.0693,-10.9807,-106.875,5.338,-0.6850,11.120,0.3843,0.0257,0.0139,0.5411,5.1689,5.0032,nan,4.7828,4.7666,0.1888,-0.1186,2.0035,-0.1029,-0.0170,-0.1991,19.3767,0.0800,-3.6945,0.1750
4.650,11.038,0.6761,-7.7199,-108.700,0.6876,-7.7586,-108.355,0.0330,0.0233,0.0404,0.345,0.7145,3.4750,0.672,-0.1587,-11.2325,-109.027,5.178,-0.6179,11.404,0.3560,0.0057,0.0058,1.0178,5.0631,5.0859,nan,4.6303,4.6003,0.1822,-0.1407,1.8601,-0.1087,-0.0069,-0.1936,19.5765,0.0800,-2.1151,0.1750
4.700,11.326,0.5796,-7.9908,-110.914,0.5905,-8.0178,-110.293,0.0213,0.0198,0.0291,0.621,0.7817,3.4782,0.324,-0.2563,-11.4947,-110.617,5.079,-0.7816,11.686,0.3474,0.0090,0.0086,0.9588,5.1352,5.2192,nan,4.4921,4.5913,0.1818,-0.1475,1.6444,-0.1236,-0.0031,-0.2185,19.8761,0.0527,-5.2708,0.1750
4.750,11.598,0.4770,-8.2436,-113.792,0.4714,-8.3175,-113.329,0.0699,0.0247,0.0741,0.463,0.8264,3.4532,0.097,-0.3748,-11.7701,-113.426,4.859,-0.9778,11.945,0.3717,0.0139,0.0137,0.9813,4.7775,4.6295,nan,4.3026,4.4313,0.1755,-0.1209,1.4266,-0.1308,-0.0205,-0.2556,20.0758,0.0800,-5.0422,0.1750
4.800,11.864,0.3638,-8.4843,-117.146,0.3801,-8.4832,-116.384,-0.0084,0.0140,0.0164,0.762,0.7513,3.4888,0.516,-0.4789,-11.9682,-116.900,4.661,-1.0661,12.200,0.3283,0.0243,0.0084,0.3454,4.6028,4.6018,nan,4.1812,4.3080,0.1706,-0.1132,1.3291,-0.1469,-0.0184,-0.2889,20.2756,0.0732,-2.7001,0.1750
4.850,12.118,0.2428,-8.7068,-120.464,0.2606,-8.6827,-119.954,-0.0298,0.0031,0.0299,0.510,0.7373,3.5128,0.627,-0.6102,-12.1895,-120.581,4.554,-0.9077,12.449,0.3286,0.0336,0.0195,0.5799,4.5671,4.6018,nan,4.0719,4.0725,0.1613,-0.0275,0.8795,-0.1477,0.0213,-0.3310,20.5753,0.0004,-2.7001,0.1750
4.900,12.369,0.1110,-8.9206,-123.142,0.1392,-8.8783,-122.519,-0.0508,0.0005,0.0508,0.623,0.7094,3.5122,0.779,-0.7385,-12.3817,-123.298,4.411,-0.5974,12.691,0.3067,0.0048,0.0008,0.1731,4.4164,4.4232,nan,4.0312,4.1006,0.1624,-0.0818,0.8795,-0.1533,0.0240,-0.3433,20.6751,0.0402,-3.1165,0.1750
4.950,12.605,-0.0193,-9.1172,-123.825,-0.0057,-9.0891,-124.307,-0.0309,-0.0043,0.0312,-0.482,0.7094,3.5122,0.779,-0.8863,-12.5905,-125.086,4.191,-0.2790,12.914,0.3219,0.0086,0.0021,0.2425,4.4239,4.4659,nan,3.8902,3.8189,0.1512,-0.2203,0.8795,-0.1280,0.1268,-0.3778,20.9748,-0.0412,-5.4282,0.1750
5.001,12.605,-0.0193,-9.1172,-123.825,0.0022,-9.0764,-124.037,-0.0458,-0.0048,0.0461,-0.212,0.6578,3.5282,1.049,-0.8863,-12.5905,-125.086,4.191,-0.2790,12.914,0.3219,0.0086,0.0005,0.0593,4.0580,3.9165,nan,3.8158,3.9317,0.1557,-0.2614,0.8795,-0.0952,0.1955,-0.3908,21.0746,0.0671,-2.6321,0.1750
5.050,12.836,-0.1505,-9.3080,-125.471,-0.0980,-9.2186,-124.259,-0.1033,-0.0091,0.1037,1.212,0.7896,3.5357,0.460,-0.9899,-12.7467,-124.719,4.072,-0.6115,13.138,0.2831,0.0167,0.0010,0.0581,4.0074,4.0327,nan,3.6232,3.5335,0.1399,-0.2679,0.8795,-0.0790,0.2065,-0.4241,21.2744,-0.0519,-5.0323,0.1750
5.100,13.073,-0.2927,-9.4974,-129.377,-0.2609,-9.4274,-127.782,-0.0743,-0.0199,0.0769,1.595,0.9213,3.5161,-0.170,-1.1439,-12.9470,-127.612,3.858,-1.4326,13.366,0.2956,0.0034,0.0034,1.0000,3.7575,3.7271,nan,3.5128,3.6067,0.1428,-0.3042,0.8795,-0.0798,0.1461,-0.4222,21.4742,0.0544,-1.4740,0.1750
5.150,13.303,-0.4457,-9.6691,-134.717,-0.4092,-9.5756,-134.084,-0.0921,-0.0398,0.1004,0.633,0.8680,3.5105,0.033,-1.2848,-13.0853,-134.117,3.787,-1.5656,13.596,0.2608,0.0135,0.0051,0.3777,3.9143,3.9936,nan,3.3556,3.3455,0.1325,-0.2807,0.8795,-0.0539,0.1403,-0.4146,21.6739,-0.0058,-5.9703,0.1750
5.200,13.505,-0.5928,-9.8069,-139.579,-0.5737,-9.7196,-138.486,-0.0712,-0.0541,0.0894,1.093,0.6238,3.5444,1.153,-1.4641,-13.2372,-139.639,3.579,-1.5937,13.789,0.2810,0.0215,0.0105,0.4906,3.6007,3.5292,nan,3.3272,3.2405,0.1283,-0.3308,0.8795,-0.0400,0.1625,-0.4103,21.8737,0.0800,-2.2983,0.1750
5.250,13.696,-0.7433,-9.9249,-144.756,-0.7101,-9.8252,-143.188,-0.0847,-0.0623,0.1051,1.568,0.5681,3.5422,1.394,-1.6031,-13.3323,-144.582,3.504,-1.5568,13.980,0.2561,0.0266,0.0118,0.4448,3.4778,3.4865,nan,3.2970,3.1657,0.1254,-0.3540,0.8795,-0.0258,0.1256,-0.4444,21.9736,0.0800,-4.5931,0.1750
5.300,13.887,-0.9032,-10.0290,-149.576,-0.8805,-9.9293,-148.517,-0.0701,-0.0744,0.1022,1.058,0.5681,3.5422,1.394,-1.7760,-13.4323,-149.912,3.327,-1.5343,14.165,0.2554,0.0106,0.0115,1.0916,3.4611,3.4865,nan,3.2655,3.2875,0.1302,-0.3574,0.8795,0.0093,0.1553,-0.5936,22.1733,0.0128,-4.5931,0.1750
5.350,14.068,-1.0637,-10.1144,-154.921,-1.0225,-10.0139,-151.961,-0.0799,-0.0736,0.1086,2.959,0.3282,3.5539,2.408,-1.9196,-13.4990,-154.369,3.194,-1.7110,14.344,0.2330,0.0156,0.0194,1.2426,3.2281,3.2013,nan,3.2517,3.2696,0.1295,-0.4093,0.8795,0.0378,0.1634,-0.6270,22.2732,0.0104,-4.0614,0.1750
5.400,14.243,-1.2251,-10.1813,-160.521,-1.1904,-10.0942,-157.264,-0.0618,-0.0706,0.0938,3.257,0.2020,3.5564,2.948,-2.0926,-13.5609,-160.211,3.162,-1.8191,14.521,0.2312,0.0240,0.0233,0.9728,3.2656,3.2989,nan,3.2667,3.2676,0.1294,-0.4002,1.1115,0.0716,0.1861,-0.5637,22.4730,0.0005,-1.5514,0.1750
5.450,14.243,-1.2251,-10.1813,-160.521,-1.1981,-10.1028,-157.397,-0.0516,-0.0650,0.0830,3.124,0.2261,3.5445,2.814,-2.0926,-13.5609,-160.211,3.162,-1.8191,14.521,0.2312,0.0240,0.0238,0.9937,3.2512,3.2752,nan,3.3046,3.3452,0.1325,-0.4037,1.2368,0.1056,0.2023,-0.6528,22.6727,0.0235,-1.5929,0.1750
5.500,14.416,-1.3902,-10.2309,-166.709,-1.3675,-10.1620,-163.451,-0.0379,-0.0619,0.0726,3.258,0.2039,3.5480,2.918,-2.2673,-13.6122,-166.369,3.121,-1.9674,14.696,0.2358,0.0314,0.0281,0.8928,3.1307,3.1368,nan,3.4050,3.4507,0.1367,-0.4343,1.1928,0.1159,0.1575,-0.6620,22.7726,0.0800,-0.6937,0.1750
5.550,14.587,-1.5587,-10.2619,-172.867,-1.5390,-10.1874,-170.941,-0.0288,-0.0715,0.0771,1.926,0.3489,3.5322,2.320,-2.4417,-13.6319,-173.261,3.113,-1.9597,14.872,0.2272,0.0382,0.0166,0.4345,3.0246,3.0326,nan,3.4615,3.3873,0.1341,-0.4641,1.1609,0.1229,0.1209,-0.6462,22.8725,0.0800,0.1210,0.1750
5.600,14.765,-1.7366,-10.2748,-179.347,-1.7159,-10.1989,-177.061,-0.0215,-0.0756,0.0786,2.286,0.3746,3.5238,2.167,-2.6080,-13.6339,-179.228,3.149,-2.0329,15.058,0.2129,0.0175,0.0228,1.2985,3.2116,3.2983,nan,3.5754,3.6649,0.1451,-0.4134,1.2625,0.1469,0.1357,-0.5956,23.0723,0.0518,0.6636,0.1750
5.650,14.949,-1.9206,-10.2666,173.517,-1.9147,-10.1886,175.566,0.0029,-0.0782,0.0783,2.048,0.5846,3.4866,1.275,-2.8029,-13.6162,174.291,3.195,-2.1888,15.253,0.2080,0.0276,0.0199,0.7233,3.4442,3.5720,nan,3.6870,3.6224,0.1435,-0.3608,1.3901,0.1695,0.1058,-0.5414,23.2720,-0.0374,-0.9586,0.1750
5.700,15.118,-2.0871,-10.2385,166.679,-2.0996,-10.1625,168.301,0.0296,-0.0711,0.0770,1.622,0.5423,3.4945,1.534,-3.0066,-13.5813,166.767,3.199,-2.1469,15.430,0.2195,0.0321,0.0183,0.5692,3.2892,3.2893,nan,3.7371,3.8155,0.1511,-0.3947,1.3416,0.1660,0.0554,-0.5201,23.3719,0.0454,3.0999,0.1750
5.751,15.301,-2.2626,-10.1867,159.891,-2.2557,-10.1098,161.231,0.0200,-0.0745,0.0772,1.340,0.5537,3.4887,1.512,-3.1672,-13.5197,159.719,3.330,-1.9301,15.629,0.2033,0.0409,0.0059,0.1435,3.4516,3.5280,nan,3.7800,3.7626,0.1490,-0.3593,1.4211,0.1628,0.0095,-0.5014,23.4718,-0.0101,1.7603,0.1750
5.800,15.486,-2.4332,-10.1148,153.903,-2.4459,-10.0294,154.666,0.0490,-0.0711,0.0863,0.763,0.6822,3.4650,0.995,-3.3618,-13.4381,153.672,3.401,-1.9527,15.823,0.2088,0.0184,0.0117,0.6380,3.4920,3.5280,nan,3.8366,3.8409,0.1521,-0.3512,1.4579,0.1921,0.0635,-0.4615,23.7714,0.0025,1.7603,0.1750
5.850,15.676,-2.5990,-10.0228,147.320,-2.5971,-9.9374,148.913,0.0445,-0.0729,0.0854,1.593,0.6869,3.4623,0.994,-3.5159,-13.3407,147.919,3.498,-1.9831,16.028,0.1975,0.0200,0.0164,0.8172,3.4433,3.4639,nan,3.8820,3.9838,0.1578,-0.3240,1.4375,0.1771,0.0051,-0.4590,23.8713,0.0589,1.7644,0.1750
5.900,15.676,-2.5990,-10.0228,147.320,-2.5971,-9.9374,148.913,0.0445,-0.0729,0.0854,1.593,0.6869,3.4623,0.994,-3.5159,-13.3407,147.919,3.498,-1.9831,16.028,0.1975,0.0200,0.0164,0.8172,3.6845,3.8271,nan,4.0212,4.1418,0.1640,-0.2829,1.5382,0.1666,-0.0138,-0.4737,24.0711,0.0800,2.0880,0.1750
5.950,15.871,-2.7577,-9.9098,141.215,-2.7991,-9.7864,141.828,0.1096,-0.0703,0.1302,0.613,0.6694,3.4691,1.017,-3.7033,-13.1918,140.811,3.586,-1.8668,16.234,0.1906,0.0247,0.0130,0.5275,3.6040,3.6211,nan,4.1480,4.1285,0.1635,-0.2706,1.5398,0.1601,-0.0030,-0.4288,24.2708,0.0800,2.7106,0.1750
6.001,16.079,-2.9134,-9.7719,135.193,-2.9305,-9.6567,136.479,0.0934,-0.0697,0.1165,1.286,0.6641,3.4720,1.042,-3.8328,-13.0611,135.437,3.706,-1.7455,16.455,0.1768,0.0296,0.0115,0.3874,3.8818,4.1011,nan,4.2489,4.1619,0.1648,-0.2363,1.7309,0.1523,-0.0118,-0.3408,24.4706,-0.0462,3.5865,0.1750
6.050,16.287,-3.0547,-9.6193,129.932,-3.0978,-9.4677,130.477,0.1439,-0.0643,0.1576,0.546,0.6923,3.4597,0.932,-3.9998,-12.8640,129.546,3.844,-1.6354,16.677,0.1683,0.0302,0.0138,0.4569,3.8930,3.9267,nan,4.3523,4.3560,0.1725,-0.2185,1.7359,0.1414,-0.0160,-0.3456,24.6703,0.0020,1.6068,0.1750
6.100,16.504,-3.1873,-9.4469,124.715,-3.2295,-9.2849,125.199,0.1572,-0.0575,0.1674,0.483,0.7237,3.4511,0.776,-4.1253,-12.6814,124.423,3.922,-1.4745,16.903,0.1571,0.0196,0.0174,0.8918,3.8478,3.8721,nan,4.4559,4.5563,0.1804,-0.2115,1.7252,0.1302,-0.0131,-0.3384,24.8701,0.0800,1.4418,0.1750
6.150,16.750,-3.3185,-9.2396,119.574,-3.3477,-9.0933,120.363,0.1417,-0.0469,0.1492,0.789,0.7233,3.4429,0.774,-4.2399,-12.4800,119.589,3.994,-1.3822,17.157,0.1461,0.0199,0.0151,0.7603,4.0603,4.1804,nan,4.6052,4.7231,0.1871,-0.1949,1.8433,0.1174,-0.0153,-0.3157,25.0698,0.0614,2.9344,0.1750
6.200,16.973,-3.4220,-9.0418,115.230,-3.4531,-8.8933,116.860,0.1475,-0.0352,0.1517,1.630,0.5571,3.4785,1.551,-4.3437,-12.2587,115.308,4.115,-1.3740,17.391,0.1345,0.0184,0.0229,1.2434,4.2474,4.3567,nan,4.6520,4.6585,0.1845,-0.1653,1.9385,0.1116,-0.0529,-0.3061,25.1697,0.0033,3.2202,0.1750
6.250,17.216,-3.5177,-8.8181,110.674,-3.5554,-8.6717,112.175,0.1503,-0.0164,0.1512,1.502,0.5816,3.4584,1.462,-4.4452,-12.0206,110.713,4.269,-1.3140,17.649,0.1343,0.0184,0.0315,1.7113,4.3045,4.3567,nan,4.7762,4.8321,0.1914,-0.1814,1.9895,0.1255,-0.0212,-0.2835,25.4694,0.0275,3.2202,0.1750
6.300,17.216,-3.5177,-8.8181,110.674,-3.5554,-8.6717,112.175,0.1503,-0.0164,0.1512,1.502,0.5816,3.4584,1.462,-4.4452,-12.0206,110.713,4.269,-1.3140,17.776,0.1343,0.0184,0.0315,1.7113,4.4172,4.4932,nan,4.8493,4.8855,0.1935,-0.1674,2.0527,0.1108,-0.0298,-0.2740,25.6691,0.0175,3.4896,0.1750
6.350,17.455,-3.5949,-8.5917,106.529,-3.6282,-8.4417,107.714,0.1532,-0.0108,0.1536,1.185,0.5892,3.4296,1.479,-4.5224,-11.7585,106.236,4.421,-1.2580,17.902,0.1271,0.0151,0.0283,1.8704,4.2921,4.3054,nan,4.9228,5.0176,0.1987,-0.1544,1.9993,0.0937,-0.0300,-0.2698,25.8689,0.0800,2.8583,0.1750
6.400,17.725,-3.6628,-8.3309,102.208,-3.6851,-8.2195,103.923,0.1135,-0.0018,0.1136,1.715,0.5836,3.4255,1.499,-4.5719,-11.5294,102.423,4.550,-1.2052,18.184,0.1157,0.0122,0.0285,2.3367,4.5808,4.9671,nan,5.0627,5.1949,0.2057,-0.1430,2.1436,0.0833,-0.0114,-0.2616,26.1685,0.0626,1.9760,0.1750
6.450,17.982,-3.7098,-8.0778,98.393,-3.7319,-7.9490,100.654,0.1307,0.0031,0.1307,2.261,0.4335,3.4454,2.302,-4.6198,-11.2178,98.352,4.641,-1.1358,18.452,0.1109,0.0108,0.0365,3.3887,4.7038,4.7968,nan,5.0971,5.1567,0.2042,-0.1383,2.2135,0.0718,0.0006,-0.2519,26.3683,0.0275,2.6450,0.1750
6.500,18.246,-3.7410,-7.8164,94.806,-3.7538,-7.7037,96.382,0.1134,0.0033,0.1135,1.576,0.5834,3.3835,1.571,-4.6396,-10.9641,94.811,4.761,-1.0761,18.727,0.0986,0.0130,0.0370,2.8424,4.8739,5.0078,nan,5.2119,5.2319,0.2072,-0.1218,2.2336,0.0519,-0.0143,-0.2448,26.5680,0.0089,3.1528,0.1750
6.550,18.477,-3.7553,-7.5851,91.865,-3.7671,-7.4594,93.251,0.1260,0.0077,0.1263,1.386,0.6032,3.3630,1.469,-4.6464,-10.7068,91.781,4.878,-1.0644,18.970,0.0976,0.0134,0.0389,2.9034,4.9078,4.9689,nan,5.3053,5.3774,0.2130,-0.1102,2.2476,0.0437,0.0044,-0.2340,26.8677,0.0320,1.3133,0.1750
6.600,18.713,-3.7578,-7.3498,88.966,-3.7671,-7.1921,89.467,0.1575,0.0122,0.1580,0.500,0.7553,3.3203,0.652,-4.6417,-10.4603,88.815,4.926,-1.0518,19.212,0.0960,0.0140,0.0296,2.1075,4.8204,4.8462,nan,5.4792,5.5649,0.2204,-0.0940,2.2659,0.0319,-0.0142,-0.2201,27.0674,0.0800,0.5965,0.1750
6.650,18.996,-3.7460,-7.0670,85.886,-3.7547,-6.9544,86.363,0.1117,0.0167,0.1129,0.477,0.7466,3.3030,0.684,-4.6235,-10.2029,85.679,5.004,-0.8759,19.504,0.0801,0.0063,0.0229,3.6209,5.0778,5.3679,nan,5.6076,5.6832,0.2251,-0.0945,2.3129,0.0309,0.0131,-0.1853,27.3671,0.0318,2.5358,0.1750
6.700,19.274,-3.7203,-6.7899,83.189,-3.7158,-6.6235,83.654,0.1658,0.0153,0.1665,0.464,0.7616,3.2972,0.625,-4.5853,-9.8712,83.029,5.111,-0.7821,19.794,0.1004,0.0044,0.0353,8.0537,5.0453,5.0882,nan,5.7733,5.9364,0.2351,-0.0902,2.3604,0.0237,0.0121,-0.1515,27.5669,0.0680,3.1614,0.1750
6.750,19.559,-3.6813,-6.5075,80.804,-3.6637,-6.3681,80.798,0.1404,0.0049,0.1405,-0.006,0.8718,3.2498,0.039,-4.5420,-9.6149,80.759,5.244,-0.7638,20.092,0.0787,0.0034,0.0276,8.1831,5.2812,5.5380,nan,5.9570,5.9963,0.2375,-0.0891,2.3836,0.0246,0.0109,-0.1132,27.8665,0.0154,2.8516,0.1750
6.800,19.856,-3.6283,-6.2148,78.326,-3.5936,-6.0337,78.203,0.1844,0.0027,0.1844,-0.124,0.8880,3.2379,-0.047,-4.4740,-9.2752,78.250,5.374,-0.7621,20.404,0.1077,0.0044,0.0388,8.8700,5.4084,5.5380,nan,6.0839,6.1869,0.2450,-0.0765,2.3836,0.0101,-0.0010,-0.1289,28.1661,0.0401,2.8516,0.1750
6.850,20.157,-3.5622,-5.9215,75.937,-3.5449,-5.7889,76.983,0.1328,0.0154,0.1337,1.046,0.7083,3.2968,0.973,-4.4068,-9.0122,76.010,5.549,-0.6965,20.723,0.0806,0.0024,0.0296,12.4121,5.3112,5.3389,nan,6.1668,6.2428,0.2472,-0.0667,2.3836,-0.0019,0.0006,-0.1355,28.4658,0.0800,3.9065,0.1750
6.900,20.474,-3.4803,-5.6154,73.817,-3.4494,-5.4333,74.709,0.1835,0.0210,0.1847,0.892,0.7083,3.2968,0.973,-4.3053,-8.6583,73.737,5.745,-0.6226,21.060,0.1180,0.0008,0.0373,47.1152,5.5815,6.0256,nan,6.2874,6.4842,0.2568,-0.0782,2.3908,0.0219,0.0262,-0.1306,28.7654,0.0756,4.5089,0.1750
6.950,20.474,-3.4803,-5.6154,73.817,-3.4368,-5.4360,74.690,0.1844,0.0082,0.1846,0.873,0.7238,3.2927,0.953,-4.3053,-8.6583,73.737,5.745,-0.6226,21.060,0.1180,0.0008,0.0275,34.6906,5.8145,6.1245,nan,6.4245,6.5500,0.2594,-0.0729,2.3962,0.0172,0.0382,-0.1230,29.0650,0.0464,3.0722,0.1750
7.000,20.794,-3.3867,-5.3095,71.891,-3.3393,-5.1171,72.533,0.1976,0.0148,0.1981,0.642,0.7588,3.2646,0.687,-4.1983,-8.3320,71.846,5.881,-0.6732,21.396,0.1363,0.0013,0.0309,23.8067,5.9353,6.0874,nan,6.5657,6.7134,0.2659,-0.0608,2.3962,0.0218,0.0341,-0.1185,29.3647,0.0537,3.7319,0.1750
7.050,21.128,-3.2775,-4.9933,69.602,-3.2121,-4.7983,70.089,0.2055,0.0067,0.2056,0.488,0.8139,3.2389,0.387,-4.0802,-8.0099,69.703,6.050,-0.6991,21.750,0.1417,0.0034,0.0250,7.4048,6.0747,6.2532,nan,6.7805,6.9397,0.2748,-0.0422,2.3978,0.0100,0.0394,-0.1259,29.7642,0.0800,2.6921,0.1750
7.100,21.465,-3.1552,-4.6801,67.424,-3.0667,-4.4559,67.437,0.2410,0.0043,0.2410,0.013,0.8598,3.2258,0.104,-3.9403,-7.6746,67.333,6.171,-0.6257,22.102,0.1646,0.0049,0.0081,1.6355,6.1295,6.2405,nan,6.9325,7.1052,0.2814,-0.0263,2.4953,0.0103,0.0339,-0.0504,30.0638,0.0596,3.1541,0.1750
7.150,21.815,-3.0165,-4.3589,65.546,-2.9166,-4.1190,66.189,0.2597,0.0084,0.2598,0.643,0.7746,3.2877,0.795,-3.7936,-7.3548,65.394,6.315,-0.4830,22.470,0.1641,0.0014,0.0104,7.2714,6.2967,6.5252,nan,7.1234,7.2723,0.2880,-0.0252,2.4940,0.0293,0.0366,-0.0130,30.3635,0.0498,3.7975,0.1750
7.200,22.173,-2.8647,-4.0338,64.212,-2.7624,-3.7904,65.246,0.2636,0.0138,0.2640,1.034,0.7255,3.3102,1.183,-3.6337,-7.0271,64.063,6.484,-0.3381,22.850,0.1680,0.0014,0.0113,7.8843,6.5527,7.0896,nan,7.3040,7.4148,0.2937,-0.0224,2.4929,0.0463,0.0396,-0.0194,30.7630,0.0359,3.5059,0.1750
7.250,22.548,-2.6995,-3.6977,63.335,-2.5798,-3.3848,65.065,0.3333,0.0335,0.3350,1.730,0.6292,3.3680,1.959,-3.4379,-6.6392,63.106,6.648,-0.2590,23.245,0.2255,0.0033,0.0183,5.5779,6.7036,6.9382,nan,7.4303,7.5405,0.2986,-0.0172,2.4587,0.0598,0.0405,-0.0216,31.1625,0.0350,3.4763,0.1750
7.300,22.911,-2.5345,-3.3739,62.543,-2.4367,-3.0633,66.421,0.3207,0.0565,0.3256,3.878,0.3962,3.4575,3.891,-3.2689,-6.3136,62.530,6.801,-0.2438,23.629,0.2284,0.0064,0.0353,5.4770,6.7812,6.9382,nan,7.5824,7.7585,0.3073,-0.0185,2.4071,0.0954,0.0471,-0.0140,31.4622,0.0555,3.4763,0.1750
7.350,23.297,-2.3549,-3.0329,61.808,-2.2645,-2.6822,65.625,0.3518,0.0860,0.3621,3.816,0.3962,3.4575,3.891,-3.0712,-5.9451,61.734,6.952,-0.2022,24.036,0.2602,0.0014,0.0477,33.2474,6.8926,7.0898,nan,7.7069,7.9183,0.3136,-0.0320,2.3686,0.1449,0.0649,0.0298,31.8617,0.0659,3.3284,0.1750
7.400,23.690,-2.1674,-2.6870,61.193,-2.1208,-2.3616,65.917,0.3076,0.1159,0.3287,4.723,0.2957,3.4735,4.734,-2.8897,-5.6158,61.183,7.097,-0.2848,24.450,0.2424,0.0026,0.0630,24.3346,6.9180,7.0380,nan,7.5015,7.5641,0.2996,-0.0315,2.3479,0.1732,0.0630,0.0394,32.1613,0.0195,3.0161,0.1750
7.450,23.690,-2.1674,-2.6870,61.193,-2.0920,-2.3361,66.149,0.3438,0.1030,0.3589,4.955,0.3008,3.5088,4.965,-2.8897,-5.6158,61.183,7.097,-0.2848,24.450,0.2424,0.0026,0.0561,21.6586,7.1577,7.6932,nan,7.1046,7.0643,0.2798,-0.0020,2.3144,0.1810,0.0228,0.0626,32.6607,-0.0131,4.4640,0.1750
7.501,24.086,-1.9738,-2.3411,60.078,-1.8874,-1.9115,64.778,0.4154,0.1394,0.4382,4.700,0.3585,3.4908,4.498,-2.6627,-5.2096,60.280,7.288,-0.3560,24.874,0.3106,0.0073,0.0339,4.6632,7.3051,7.5797,nan,6.7403,6.7555,0.2675,0.0438,2.3117,0.1545,-0.0354,0.0641,33.0602,0.0800,0.2299,0.1750
7.550,24.487,-1.7711,-1.9951,58.980,-1.7016,-1.5315,62.992,0.4331,0.1793,0.4688,4.011,0.3994,3.4861,4.041,-2.4493,-4.8571,58.951,7.284,-0.1744,25.281,0.3206,0.0142,0.0163,1.1466,7.2812,7.3783,nan,6.4287,6.5787,0.2605,0.0755,2.2904,0.1361,-0.0660,0.0417,33.4598,0.0558,-3.5640,0.1750
7.600,24.890,-1.5630,-1.6500,58.887,-1.4985,-1.1806,61.833,0.4352,0.1874,0.4738,2.947,0.4663,3.4612,3.412,-2.2376,-4.5165,58.421,7.113,0.1099,25.670,0.3178,0.0067,0.0295,4.4044,7.0250,6.9642,nan,6.2121,6.3922,0.2532,0.0877,2.2483,0.1030,-0.0704,0.0858,33.7594,0.0698,-4.7977,0.1750
7.650,25.227,-1.3910,-1.3609,60.080,-1.3352,-0.8626,62.008,0.4597,0.2002,0.5014,1.928,0.5264,3.4705,2.806,-2.0715,-4.2369,59.202,6.921,0.4792,25.991,0.3068,0.0111,0.0185,1.6705,6.6502,6.4217,nan,6.0009,6.1721,0.2444,0.0979,2.2304,0.0970,-0.0588,0.1196,34.0590,0.0800,-3.2274,0.1750
7.700,25.615,-1.2026,-1.0220,62.529,-1.1849,-0.5237,64.063,0.4503,0.2142,0.4986,1.534,0.5631,3.5159,2.519,-1.9238,-3.9588,61.545,6.694,0.8661,26.361,0.2353,0.0053,0.0259,4.8723,6.7637,6.9556,nan,5.7239,5.5486,0.2197,0.0946,2.0947,0.0906,-0.0430,0.1458,34.4585,-0.0682,-4.9722,0.1750
7.750,25.931,-1.0610,-0.7389,65.013,-1.0347,-0.1753,67.287,0.5219,0.2143,0.5642,2.273,0.5784,3.5282,2.375,-1.7652,-3.6335,64.912,6.507,0.8980,26.665,0.2808,0.0097,0.0197,2.0261,6.4506,6.3312,nan,5.4967,5.3489,0.2118,0.1040,2.0820,0.0861,-0.0435,0.1602,34.7582,-0.0601,-3.1854,0.1750
7.800,26.282,-0.9192,-0.4177,68.072,-0.9082,0.1168,69.373,0.4999,0.1894,0.5346,1.301,0.6502,3.4769,1.378,-1.6388,-3.3217,67.995,6.263,0.9288,26.998,0.2669,0.0063,0.0120,1.9108,6.0471,5.7496,nan,5.3269,5.3279,0.2110,0.1183,2.0570,0.0625,-0.0622,0.1739,35.0578,0.0004,-8.6325,0.1750
7.850,26.621,-0.7988,-0.1007,70.980,-0.8124,0.3980,71.320,0.4671,0.1754,0.4989,0.340,0.7211,3.4574,0.302,-1.5496,-3.0512,71.018,5.871,0.9275,27.306,0.2137,0.0057,0.0139,2.4249,5.7210,5.5969,nan,5.1502,5.2490,0.2079,0.1321,2.0153,0.0381,-0.0708,0.1841,35.2576,0.0456,-7.3312,0.1750
7.900,26.935,-0.7025,0.1979,73.904,-0.7297,0.6697,74.355,0.4457,0.1570,0.4726,0.451,0.7153,3.4467,0.467,-1.4676,-2.7652,73.888,5.567,0.9655,27.598,0.1984,0.0064,0.0143,2.2560,5.4202,5.3318,nan,4.9809,5.0328,0.1993,0.1471,1.9384,0.0178,-0.0782,0.1858,35.5572,0.0800,-4.6620,0.1750
7.950,27.241,-0.6243,0.4939,77.146,-0.6487,0.9115,77.149,0.4017,0.1167,0.4183,0.003,0.7493,3.4031,0.146,-1.4043,-2.4881,77.003,5.377,1.0698,27.893,0.1775,0.0245,0.0251,1.0267,5.3088,5.3318,nan,4.7125,4.8641,0.1926,0.1534,1.8753,0.0080,-0.0632,0.1872,35.7570,0.0800,-4.6620,0.1750
8.000,27.533,-0.5663,0.7798,80.595,-0.6026,1.1956,80.685,0.4043,0.1037,0.4174,0.090,0.7493,3.4031,0.146,-1.3575,-2.2041,80.539,5.224,1.1353,28.176,0.1747,0.0214,0.0338,1.5788,5.2319,5.2650,nan,4.5262,4.6066,0.1824,0.1579,1.8226,-0.0198,-0.0446,0.1978,35.9567,0.0421,-3.5185,0.1750
8.050,27.533,-0.5663,0.7798,80.595,-0.5768,1.1754,79.393,0.3886,0.0750,0.3958,-1.202,0.8245,3.3519,-1.146,-1.3575,-2.2041,80.539,5.224,1.1353,28.176,0.1747,0.0214,0.0093,0.4331,5.1178,5.1385,nan,4.4489,4.4931,0.1779,0.1650,1.8226,-0.0584,-0.0689,0.2329,36.2564,0.0233,-5.8979,0.1750
8.100,27.813,-0.5280,1.0571,84.404,-0.5231,1.4480,81.756,0.3896,0.0332,0.3910,-2.648,0.8877,3.3183,-2.437,-1.3299,-1.9285,84.193,4.969,1.2059,28.441,0.1727,0.0284,0.0236,0.8296,4.8452,4.7908,nan,4.3306,4.3934,0.1740,0.1839,1.6512,-0.0853,-0.0698,0.2295,36.4562,0.0800,-6.4953,0.1750
8.150,29.508,-1.1003,-0.5384,88.156,-0.5697,1.6554,88.395,2.2097,-0.4598,2.2571,0.239,0.7492,3.3451,0.204,-1.3248,-1.6850,88.192,0.424,0.1122,28.685,2.0926,0.0174,0.4083,23.5069,4.5364,4.4579,nan,4.2832,4.0608,0.1608,0.2096,1.5845,-0.0242,-0.0947,0.2322,36.5560,0.0800,5.3478,0.1750
8.200,29.541,-1.0998,-0.5054,88.648,-0.7231,1.8771,95.451,2.3908,-0.3204,2.4121,6.803,0.4179,3.4841,6.940,-1.3268,-1.4573,88.511,0.722,0.2112,28.932,2.2797,0.0196,0.2533,12.9032,4.4617,4.4870,nan,4.1767,4.2198,0.1671,0.1920,1.5584,0.1512,-0.0398,0.3105,36.8557,0.0800,5.1616,0.1750
8.250,29.589,-1.0993,-0.4577,89.440,-0.8846,2.1581,101.778,2.6178,-0.1891,2.6246,12.338,0.1505,3.6111,12.429,-1.3236,-1.1961,89.349,1.004,0.3295,29.164,2.4875,0.0161,0.1724,10.7122,4.1185,4.0145,nan,3.9332,4.0634,0.1609,0.1000,1.4385,0.3006,0.0115,0.3600,37.0554,0.0800,4.9957,0.1750
8.300,29.652,-1.0995,-0.3947,90.650,-0.9570,2.3723,103.723,2.7652,-0.1738,2.7706,13.074,0.1005,3.6518,13.245,-1.3225,-1.0032,90.478,1.283,0.3949,29.381,2.6144,0.0188,0.1651,8.7826,3.9450,3.9453,nan,3.8483,3.8690,0.1532,0.1358,1.3779,0.3298,-0.0222,0.3604,37.2552,0.0800,5.0306,0.1750
8.350,29.732,-1.1015,-0.3148,92.022,-1.0233,2.6034,104.843,2.9136,-0.1811,2.9192,12.821,0.0946,3.6748,12.965,-1.3299,-0.7933,91.877,1.562,0.3312,29.608,2.7402,0.0216,0.1678,7.7579,4.1118,4.2012,nan,3.5089,3.4932,0.1383,0.2380,1.2820,0.3126,-0.1193,0.3788,37.5548,-0.0090,4.8270,0.1750
8.400,29.829,-1.1058,-0.2176,92.913,-1.0937,2.8423,105.009,3.0553,-0.1676,3.0599,12.096,0.1089,3.6513,11.917,-1.3437,-0.5433,93.092,1.843,0.3700,29.831,2.8880,0.0213,0.1772,8.3250,3.9508,3.9548,nan,3.4293,3.4611,0.1371,0.2756,1.2098,0.2790,-0.2220,0.4331,37.8545,0.0184,4.7009,0.1750
8.450,29.936,-1.1124,-0.1111,94.251,-1.1407,3.0501,104.768,3.1546,-0.2061,3.1614,10.517,0.1333,3.6262,10.638,-1.3584,-0.3310,94.130,2.103,0.5219,30.031,2.9903,0.0161,0.1983,12.3519,3.9266,3.9548,nan,3.2800,3.1920,0.1264,0.2789,1.2025,0.2317,-0.3153,0.4805,38.0542,-0.0510,4.7009,0.1750
8.500,30.058,-1.1238,0.0111,96.811,-1.1870,3.2027,106.493,3.1766,-0.3158,3.1922,9.682,0.1333,3.6262,10.638,-1.3757,-0.1725,95.854,2.361,0.9534,30.214,3.0248,0.0221,0.2227,10.0830,3.5849,3.4823,nan,3.1479,3.1967,0.1266,0.3336,1.0978,0.1825,-0.3494,0.5094,38.1541,0.0283,4.5443,0.1750
8.550,30.058,-1.1238,0.0111,96.811,-1.1835,3.1398,106.930,3.1137,-0.3118,3.1293,10.119,0.1335,3.5735,11.075,-1.3757,-0.1725,95.854,2.361,0.9534,30.214,3.0248,0.0221,0.2122,9.6094,3.4257,3.4258,nan,3.0413,3.1016,0.1228,0.3646,1.0491,0.1865,-0.3044,0.5425,38.2540,0.0349,5.1936,0.1750
8.600,30.187,-1.1421,0.1385,100.112,-1.2367,3.2964,109.498,3.1255,-0.4613,3.1594,9.386,0.1552,3.5168,9.603,-1.4092,0.0149,99.895,2.676,1.2517,30.369,3.0812,0.0247,0.2431,9.8617,3.0361,2.7456,nan,3.0413,3.0452,0.1206,0.4608,0.9297,0.1759,-0.3035,0.5768,38.3539,0.0023,4.8830,0.1750
8.650,30.358,-1.1789,0.3058,105.216,-1.2789,3.3495,113.219,2.9632,-0.7023,3.0453,8.003,0.1632,3.4534,9.104,-1.4404,0.1256,104.115,2.912,1.5471,30.556,3.0265,0.0506,0.2597,5.1310,3.2594,3.3741,nan,2.8550,2.8709,0.1137,0.4017,0.9981,0.1564,-0.2599,0.5905,38.4538,0.0092,0.6469,0.1750
8.700,30.520,-1.2276,0.4596,110.463,-1.3680,3.4970,118.694,2.8948,-0.9304,3.0406,8.231,0.1798,3.3897,8.543,-1.5146,0.3360,110.151,2.952,1.7258,30.723,3.0779,0.0656,0.3046,4.6452,3.0244,2.9945,nan,2.8426,2.9729,0.1177,0.4642,0.9262,0.1627,-0.2311,0.6366,38.5537,0.0800,-1.0632,0.1750
8.750,30.684,-1.2922,0.6103,116.637,-1.4445,3.5557,124.698,2.7011,-1.1843,2.9493,8.061,0.1880,3.3402,8.826,-1.5802,0.4634,115.871,2.911,1.8716,30.890,3.0547,0.0272,0.3346,12.2822,3.0311,3.0566,nan,2.8300,2.6286,0.1041,0.4622,0.9282,0.1834,-0.2173,0.2988,38.7534,0.0800,-2.4938,0.1750
8.800,30.821,-1.3587,0.7305,121.622,-1.5348,3.6391,130.363,2.5691,-1.3751,2.9139,8.741,0.1986,3.2964,8.441,-1.6643,0.5934,121.922,2.829,1.7892,31.026,3.0615,0.0217,0.3752,17.2782,2.7982,2.7669,nan,2.8300,2.8542,0.1130,0.4396,0.8569,0.1886,-0.1427,0.2988,38.7534,0.0140,-1.2336,0.1750
8.850,30.979,-1.4481,0.8606,128.000,-1.6209,3.6961,135.547,2.3408,-1.6096,2.8408,7.546,0.2097,3.2547,8.339,-1.7472,0.7022,127.207,2.792,2.0207,31.187,3.0416,0.0418,0.4126,9.8763,2.9155,2.9665,nan,2.7289,2.6525,0.1051,0.4669,0.8928,0.2040,-0.1315,0.8577,38.9531,-0.0442,-5.7190,0.1750
8.900,32.433,-1.1030,-0.5518,87.910,-1.7426,3.7725,142.704,4.2981,0.7969,4.3713,54.794,0.2274,3.2201,8.251,-1.8703,0.8294,134.453,0.066,0.0319,31.331,4.5396,0.4945,0.4651,0.9405,0.2265,2.5874,nan,2.8770,0.5465,0.0216,1.0000,0.8000,0.0777,-0.8892,0.2988,38.7534,0.0800,12.9990,0.1750
8.950,32.450,-1.1020,-0.5346,88.613,-1.5786,4.0381,92.123,4.5599,0.5872,4.5975,3.510,0.2391,3.1664,4.107,-1.7506,0.9997,88.017,0.476,0.3583,31.482,4.6950,0.0211,0.5312,25.1915,0.4510,2.6059,nan,2.8550,0.7710,0.0305,1.0000,0.8000,-0.0348,-0.9157,0.4831,38.8532,0.0800,5.0976,0.1750
9.000,32.486,-1.1019,-0.4991,90.168,-1.5221,4.2583,92.481,4.7586,0.4062,4.7759,2.314,0.2802,3.1925,2.694,-1.7502,1.1493,89.788,0.708,0.5633,31.614,4.8091,0.0159,0.5298,33.2641,0.6701,2.6059,nan,2.8300,0.9901,0.0392,1.0000,0.8000,-0.2601,-1.0186,0.8577,38.9531,0.0800,5.0976,0.1750
9.050,32.518,-1.1029,-0.4663,92.185,-1.5315,4.3614,94.555,4.8405,0.2442,4.8467,2.370,0.2802,3.1925,2.694,-1.7549,1.2528,91.862,0.569,0.8110,31.647,4.8796,0.0198,0.5470,27.5978,0.8872,2.3066,nan,2.8300,1.2072,0.0478,1.0000,0.8000,-0.4424,-0.9956,0.8577,38.9531,0.0800,-6.8243,0.1750
9.100,32.518,-1.1029,-0.4663,92.185,-1.4894,4.3902,94.380,4.8677,0.2010,4.8719,2.195,0.3188,3.2158,2.519,-1.7549,1.2528,91.862,0.569,0.8110,31.647,4.8796,0.0198,0.5348,26.9859,0.6724,0.6233,nan,2.8426,0.9924,0.0393,1.0000,0.8000,-0.4115,-0.9374,0.8577,38.9531,0.0800,4.9868,0.1750
9.150,32.556,-1.1055,-0.4290,95.779,-1.4877,4.3365,97.310,4.7798,-0.0995,4.7808,1.531,0.3188,3.2158,2.519,-1.7556,1.1990,94.791,0.786,1.3773,31.696,4.7887,0.0296,0.5388,18.1917,0.8350,0.8795,nan,2.8300,1.1550,0.0457,1.0000,0.8000,-0.4625,-0.8205,0.8577,38.9531,0.0800,5.3613,0.1750
9.200,32.607,-1.1129,-0.3785,100.858,-1.4705,4.4162,102.518,4.7763,-0.5520,4.8081,1.659,0.3444,3.2270,2.325,-1.7652,1.2619,100.193,0.948,1.6100,31.759,4.8010,0.0471,0.5494,11.6641,1.0586,1.1364,nan,2.8300,1.3786,0.0546,1.0000,0.8000,-0.5478,-0.7203,0.8577,38.9531,0.0800,-2.5708,0.1750
9.250,32.656,-1.1245,-0.3309,105.643,-1.4930,4.4892,108.214,4.7409,-0.9449,4.8342,2.570,0.3444,3.2270,2.325,-1.7847,1.3357,105.888,0.897,1.5479,31.811,4.8270,0.0530,0.5753,10.8580,0.9614,0.9534,nan,2.8300,1.2814,0.0507,1.0000,0.8000,-0.5669,-0.6498,0.8577,38.9531,0.0800,2.1519,0.1750
9.300,32.709,-1.1411,-0.2808,110.869,-1.4945,4.4848,114.977,4.5788,-1.3674,4.7787,4.109,0.4051,3.2474,4.311,-1.8012,1.3767,110.667,0.986,1.7188,31.874,4.8179,0.0184,0.6077,33.0630,1.0792,1.1113,nan,2.8300,1.3992,0.0554,1.0000,0.8000,-0.5687,-0.6013,0.8548,39.0530,0.0800,3.5503,0.1750
9.350,32.767,-1.1647,-0.2272,116.697,-1.5293,4.5460,120.622,4.4282,-1.8188,4.7872,3.924,0.4051,3.2474,4.311,-1.8313,1.4404,116.311,1.112,1.9079,31.946,4.8278,0.0293,0.6332,21.6367,1.2502,1.3028,nan,2.7289,1.5702,0.0622,1.0000,0.8000,-0.6089,-0.4930,0.8548,39.0530,0.0800,-0.8884,0.1750
9.400,32.830,-1.1961,-0.1726,122.895,-1.6065,4.6038,131.390,4.2334,-2.2495,4.7940,8.495,0.4753,3.3958,8.735,-1.8742,1.5101,122.655,1.111,1.9143,32.018,4.8425,0.0481,0.6625,13.7807,1.2979,1.3158,nan,2.7289,1.6179,0.0641,1.0000,0.8000,-0.6102,-0.3995,0.8368,39.1529,0.0800,0.9064,0.1750
9.450,32.892,-1.2323,-0.1229,128.966,-1.6699,4.6361,140.856,3.9755,-2.6525,4.7791,11.890,0.5298,3.4865,11.639,-1.9226,1.5698,129.217,1.167,2.0265,32.090,4.8522,0.0622,0.7072,11.3701,1.2608,1.2657,nan,2.7289,1.5808,0.0626,1.0000,0.8000,-0.6150,-0.2983,0.8368,39.1529,0.0800,2.2711,0.1750
9.500,32.962,-1.2794,-0.0712,135.904,-1.7274,4.6776,147.402,3.6263,-3.0987,4.7699,11.498,0.5298,3.4865,11.639,-1.9705,1.6220,135.763,1.271,2.1938,32.176,4.8527,0.0105,0.7703,73.7041,1.2565,1.2657,nan,2.6050,1.5765,0.0624,1.0000,0.8000,-0.6186,-0.1479,0.8368,39.1529,0.0800,2.2711,0.1750
9.550,33.033,-1.3338,-0.0246,142.962,-1.8377,4.6991,158.543,3.2475,-3.4671,4.7505,15.581,0.5863,3.6468,15.950,-2.0415,1.6779,142.593,1.325,2.2678,32.261,4.8617,0.0234,0.8327,35.5586,1.4196,1.4711,nan,2.4880,1.7396,0.0689,1.0000,0.8000,-0.6007,-0.0310,0.7952,39.2528,0.0800,0.8894,0.1750
9.600,33.107,-1.3955,0.0161,150.229,-1.9538,4.7292,168.455,2.8248,-3.8138,4.7460,18.226,0.6062,3.7638,18.457,-2.1227,1.7261,149.999,1.331,2.3024,32.347,4.8689,0.1943,0.7941,4.0861,1.5610,1.6057,nan,2.4775,1.8810,0.0745,1.0000,0.8000,-0.5971,0.0589,0.7761,39.3527,0.0800,-0.9169,0.1750
9.650,33.107,-1.3955,0.0161,150.229,-1.9573,4.7377,169.673,2.8321,-3.8195,4.7549,19.445,0.6227,3.8270,19.675,-2.1227,1.7261,149.999,1.331,2.3024,32.347,4.8689,0.0417,0.8620,20.6547,1.5707,1.5845,nan,2.4775,1.8907,0.0749,1.0000,0.8000,-0.5921,0.1220,0.7715,39.4525,0.0800,1.4221,0.1750
9.700,33.183,-1.4635,0.0494,157.724,-2.0973,4.7402,180.353,2.3647,-4.1005,4.7335,22.629,0.6149,3.9645,22.746,-2.2013,1.7641,157.607,1.416,2.4470,32.439,4.8734,0.0625,0.8850,14.1641,1.6325,1.6561,nan,2.4670,1.9525,0.0773,0.8334,0.8000,-0.5514,0.2184,0.9830,39.5524,0.0800,1.4325,0.1750
9.751,33.875,-1.1020,-0.5414,88.955,-2.1793,4.7093,188.379,5.2302,1.1729,5.3601,99.424,0.6302,3.9525,22.869,-2.2946,1.7892,165.509,0.380,0.6716,32.536,5.5028,0.0281,0.7644,27.2213,0.2262,1.7403,nan,2.4880,0.5462,0.0216,1.0000,0.8000,-0.7306,-1.0707,0.7715,39.4525,0.0800,4.9895,0.1750
9.800,33.904,-1.1024,-0.5123,91.857,-2.0384,5.0424,106.045,5.5821,0.7555,5.6330,14.188,0.5968,3.7274,14.989,-2.2054,1.9518,91.056,0.662,0.9966,32.636,5.6305,0.0173,0.6778,39.0749,0.4496,1.8392,nan,2.6050,0.7696,0.0305,0.6879,0.8000,-0.9844,-1.1317,0.7715,39.4525,0.0800,6.3028,0.1750
9.850,33.949,-1.1053,-0.4682,95.435,-2.0653,5.2033,109.591,5.7369,0.4185,5.7522,14.156,0.5953,3.7635,14.511,-2.2150,2.0606,95.080,0.892,1.2976,32.732,5.6955,0.0244,0.6609,27.0699,0.6707,1.6951,nan,2.4775,0.9907,0.0392,0.6299,0.8000,-1.1235,-1.0587,0.7715,39.4525,0.0800,-6.8046,0.1750
9.900,33.985,-1.1101,-0.4320,98.887,-2.0979,5.2743,113.725,5.7904,0.0944,5.7911,14.838,0.5953,3.7635,14.511,-2.2287,2.1375,99.213,0.639,1.0361,32.761,5.7366,0.0217,0.6615,30.4655,0.5825,0.5729,nan,2.4775,0.9025,0.0357,0.6685,0.8000,-1.1101,-1.0211,0.7715,39.4525,0.0800,1.1540,0.1750
9.950,34.024,-1.1174,-0.3936,101.417,-2.1124,5.3071,117.716,5.7849,-0.1532,5.7869,16.299,0.6038,3.8799,15.728,-2.2276,2.1100,101.988,0.746,0.7724,32.801,5.6704,0.0250,0.6677,26.6958,0.7411,0.7830,nan,2.4775,1.0611,0.0420,0.6097,0.8000,-1.2136,-0.9790,0.7715,39.4525,0.0800,4.8398,0.1675
10.000,34.071,-1.1279,-0.3482,104.133,-2.1381,5.3560,119.652,5.7782,-0.4132,5.7929,15.520,0.6038,3.8799,15.728,-2.2392,2.1640,103.924,0.893,0.9503,32.851,5.6790,0.0336,0.6690,19.9362,0.8553,0.8841,nan,2.4775,1.1753,0.0465,0.6104,0.8000,-1.2562,-0.9236,0.7715,39.4525,0.0800,-1.6589,0.1675
10.050,34.119,-1.1412,-0.3017,107.092,-2.1977,5.4308,125.568,5.7898,-0.6750,5.8290,18.475,0.6413,4.0374,18.371,-2.2551,2.2172,107.196,0.894,0.8774,32.900,5.6858,0.0403,0.6774,16.8068,0.8745,0.8841,nan,2.4775,1.1945,0.0473,0.6113,0.8000,-1.2917,-0.8761,0.7715,39.4525,0.0800,-1.6589,0.1675
10.100,34.173,-1.1586,-0.2507,110.115,-2.2265,5.4671,128.190,5.7363,-0.9637,5.8167,18.075,0.6413,4.0374,18.371,-2.2710,2.2607,109.819,1.011,0.9919,32.957,5.6783,0.0176,0.6819,38.8512,0.8644,0.8699,nan,2.4775,1.1844,0.0469,0.6448,0.8000,-1.3469,-0.8816,0.9830,39.5524,0.0800,4.0561,0.1675
10.150,34.225,-1.1776,-0.2029,113.006,-2.2671,5.5139,131.335,5.6879,-1.2314,5.8197,18.329,0.6413,4.0374,18.371,-2.2947,2.3179,112.964,1.108,1.0822,33.011,5.6879,0.0147,0.6825,46.3590,1.0068,1.0457,nan,2.4670,1.3268,0.0525,0.6371,0.8000,-1.4000,-0.8195,0.9830,39.5524,0.0800,3.4220,0.1675
10.200,34.288,-1.2046,-0.1451,116.776,-2.3348,5.5635,137.385,5.6056,-1.5627,5.8194,20.609,0.6811,4.1750,20.909,-2.3217,2.3733,116.476,1.145,1.1787,33.076,5.6856,0.0237,0.6975,29.4157,1.0594,1.0760,nan,2.4670,1.3794,0.0546,0.6475,0.8000,-1.4449,-0.7144,0.9830,39.5524,0.0800,0.7447,0.1675
10.251,34.288,-1.2046,-0.1451,116.776,-2.3348,5.5635,137.385,5.6056,-1.5627,5.8194,20.609,0.6811,4.1750,20.909,-2.3217,2.3733,116.476,1.145,1.1787,33.076,5.6856,0.0237,0.6975,29.4157,1.1507,1.1758,nan,2.4670,1.4707,0.0582,0.6451,0.8000,-1.4872,-0.6446,0.9830,39.5524,0.0800,2.9942,0.1675
10.300,34.355,-1.2367,-0.0870,120.690,-2.4041,5.6023,143.466,5.4883,-1.8999,5.8078,22.776,0.7139,4.2658,22.735,-2.3593,2.4377,120.731,1.250,1.3030,33.147,5.6921,0.0346,0.7186,20.7751,1.1915,1.2076,nan,2.4670,1.5115,0.0599,0.6762,0.8000,-1.5129,-0.6451,1.1404,39.6523,0.0800,1.4883,0.1675
10.350,34.435,-1.2804,-0.0201,125.458,-2.4701,5.6444,148.160,5.3042,-2.3169,5.7881,22.703,0.7139,4.2658,22.735,-2.4038,2.5020,125.425,1.328,1.3792,33.230,5.6896,0.0110,0.7478,67.9110,1.2876,1.3158,nan,2.4273,1.6076,0.0637,0.6721,0.8000,-1.5544,-0.5727,1.1404,39.6523,0.0800,1.3025,0.1675
10.400,34.509,-1.3261,0.0389,129.904,-2.5131,5.6434,153.140,5.0608,-2.6848,5.7289,23.237,0.7583,4.2788,23.589,-2.4520,2.5598,129.551,1.376,1.4272,33.307,5.6885,0.0193,0.7871,40.7975,1.4460,1.4958,nan,2.4273,1.7660,0.0699,0.6894,0.8000,-1.5576,-0.4786,1.1404,39.6523,0.0800,0.0744,0.1675
10.450,34.588,-1.3789,0.0966,134.782,-2.5985,5.6792,158.040,4.8216,-3.0668,5.7142,23.258,0.7583,4.2788,23.589,-2.5160,2.6267,134.451,1.421,1.5473,33.389,5.6984,0.0330,0.8040,24.3582,1.4614,1.4752,nan,2.4273,1.7814,0.0706,0.6907,0.8000,-1.5850,-0.3918,1.1404,39.6523,0.0800,1.6800,0.1675
10.501,34.669,-1.4391,0.1520,139.889,-2.6806,5.6960,163.573,4.5213,-3.4402,5.6813,23.684,0.7614,4.2934,23.930,-2.5772,2.6782,139.643,1.497,1.6782,33.477,5.6945,0.0530,0.8194,15.4709,1.5690,1.6030,nan,2.4273,1.8890,0.0748,0.6953,0.8000,-1.6154,-0.4077,1.0230,39.7522,0.0800,1.5946,0.1675
10.550,35.449,-1.1029,-0.5518,87.920,-2.7758,5.7152,169.222,6.2022,1.8993,6.4865,81.303,0.7614,4.2934,23.930,-2.6564,2.7344,145.292,0.074,0.0681,33.570,6.4884,0.5356,0.8278,1.5455,1.5876,1.6030,nan,2.4170,1.9076,0.0755,0.6960,0.8000,-1.6391,-0.3178,1.0230,39.7522,0.0800,1.5946,0.1675
10.600,35.468,-1.1019,-0.5336,89.101,-2.7608,5.8750,112.087,6.3818,1.7593,6.6199,22.986,0.7614,4.2934,23.930,-2.5779,2.8744,88.157,0.482,0.5606,33.668,6.6009,0.0177,0.4076,22.9730,0.2259,1.6670,nan,2.4670,0.5459,0.0216,0.1671,0.8000,-1.7768,-1.3175,1.1404,39.6523,0.0800,13.9587,0.1675
10.650,35.468,-1.1019,-0.5336,89.101,-2.8306,5.9101,113.988,6.4157,1.8296,6.6715,24.887,0.7422,4.4461,25.831,-2.5779,2.8744,88.157,0.482,0.5606,33.668,6.6009,0.0177,0.3868,21.7998,0.4489,1.6019,nan,2.4376,0.7689,0.0305,0.2208,0.8000,-1.9089,-1.3190,1.0230,39.7522,0.0800,5.0586,0.1675
10.700,35.506,-1.1023,-0.4954,91.615,-2.8710,5.9890,116.787,6.5316,1.5852,6.7212,25.172,0.7422,4.4461,25.831,-2.5799,2.9630,90.957,0.759,0.7883,33.771,6.6512,0.0280,0.3727,13.3120,0.6693,1.7833,nan,4.3327,1.3513,0.0535,-0.4322,0.8000,-1.9461,2.2812,-0.3325,1.5981,0.0800,-5.8015,0.1675
10.750,35.543,-1.1042,-0.4582,92.523,-3.0183,6.1084,122.668,6.6444,1.6232,6.8398,30.145,0.7229,4.6449,28.532,-2.5878,3.0727,94.136,0.612,0.1820,33.805,6.7240,0.0178,0.3419,19.1625,0.6198,0.6177,nan,4.1862,1.3048,0.0517,-0.3785,0.8000,-1.9553,2.1758,-0.3765,1.2984,0.0800,5.8362,0.1675
10.800,35.581,-1.1062,-0.4207,93.252,-3.0025,6.0830,121.650,6.6008,1.5243,6.7745,28.398,0.7229,4.6449,28.532,-2.5860,3.0428,93.118,0.751,0.2403,33.846,6.6566,0.0144,0.3468,24.1463,0.6949,0.7127,nan,4.1377,1.4163,0.0561,-0.3749,0.8000,-1.9196,2.1554,-0.3650,1.1986,0.0800,5.2436,0.1675
10.850,35.634,-1.1097,-0.3671,93.295,-3.0261,6.1201,122.534,6.5867,1.5404,6.7644,29.239,0.7229,4.6449,28.532,-2.5890,3.0868,94.002,1.083,-0.2670,33.920,6.6469,0.0117,0.3420,29.2277,1.0300,1.3552,nan,4.0423,1.8142,0.0718,-0.3588,0.8000,-1.8265,2.0761,-0.3801,1.0987,0.0800,6.1212,0.1675
10.900,35.696,-1.1126,-0.3056,91.602,-3.1357,6.2082,122.668,6.5678,1.8402,6.8207,31.066,0.7167,4.7516,30.239,-2.5947,3.1985,92.429,1.250,-0.7356,33.984,6.6972,0.0066,0.3170,48.2581,1.1220,1.1478,nan,4.0423,1.9730,0.0781,-0.3073,0.8000,-1.7754,1.9766,-0.3445,0.9988,0.0800,3.7891,0.1675
10.950,35.770,-1.1131,-0.2317,89.130,-3.1600,6.2529,119.538,6.4528,2.1451,6.8000,30.408,0.7167,4.7516,30.239,-2.5931,3.2493,89.299,1.379,-0.8040,34.061,6.6740,0.0053,0.3051,57.3614,1.3385,1.4160,nan,3.9222,1.6585,0.0657,-0.2314,0.8000,-1.6949,1.8405,-0.4054,0.6992,0.0800,6.3412,0.1675
11.000,35.854,-1.1099,-0.1473,86.394,-3.2034,6.3368,116.769,6.3395,2.4972,6.8137,30.375,0.7167,4.7516,30.239,-2.5884,3.3437,86.530,1.669,-0.8213,34.156,6.6838,0.0049,0.2932,60.3660,1.3955,1.4160,nan,3.8410,1.7155,0.0679,-0.2223,0.8000,-1.6234,1.8002,-0.4054,0.6992,0.0800,6.3412,0.1675
11.050,35.952,-1.1015,-0.0496,83.734,-3.3057,6.4187,116.413,6.1891,2.8970,6.8335,32.679,0.7272,4.9022,32.610,-2.5798,3.4508,83.803,1.837,-0.6813,34.259,6.6931,0.0117,0.2856,24.4050,1.6063,1.6843,nan,3.7734,2.4833,0.0983,-0.1812,0.8000,-1.5136,1.7260,-0.3469,0.4994,0.0800,6.0129,0.1675
11.100,36.039,-1.0906,0.0367,82.008,-3.3912,6.4907,116.341,6.0715,3.1757,6.8518,34.333,0.7390,5.0212,34.570,-2.5671,3.5536,81.771,1.737,-0.5977,34.342,6.7094,0.0135,0.2863,21.2736,1.7967,1.8657,nan,3.7734,2.5587,0.1013,-0.1245,0.8000,-1.4097,1.6551,-0.4605,0.2996,0.0800,-3.0168,0.1675
11.150,36.133,-1.0764,0.1296,80.422,-3.4006,6.5265,115.180,5.9210,3.3563,6.8061,34.758,0.7693,5.0140,34.903,-2.5544,3.6265,80.276,2.041,-0.5631,34.458,6.6896,0.0139,0.2873,20.6373,1.6726,1.6653,nan,3.7894,2.4676,0.0977,-0.1744,0.8000,-1.3816,1.6817,-0.3786,0.3995,0.0800,-1.1560,0.1675
11.200,36.133,-1.0764,0.1296,80.422,-3.4006,6.5265,115.180,5.9210,3.3563,6.8061,34.758,0.7693,5.0140,34.903,-2.5544,3.6265,80.276,2.041,-0.5631,34.458,6.6896,0.0139,0.2873,20.6373,1.9945,2.3062,nan,3.7894,2.7565,0.1092,-0.1207,0.8000,-1.2121,1.6165,-0.4605,0.2996,0.0800,6.6601,0.1675
11.250,36.272,-1.0515,0.2658,78.840,-3.4162,6.6042,114.242,5.7609,3.5468,6.7652,35.402,0.8438,4.9988,35.685,-2.5237,3.7890,78.557,2.358,-0.5469,34.608,6.7151,0.0059,0.2948,50.1904,2.3100,2.5947,nan,3.7734,3.1051,0.1230,-0.2045,0.9148,-1.1356,1.6501,-0.3786,0.3995,0.0800,1.1611,0.1675
11.300,36.401,-1.0245,0.3919,76.895,-3.4186,6.6693,113.734,5.5711,3.7551,6.7185,36.839,0.9374,4.9880,36.700,-2.4877,3.9513,77.034,2.429,-0.4968,34.740,6.7503,0.0041,0.3024,73.4509,2.2741,2.2872,nan,3.7734,3.0692,0.1216,-0.1693,0.9005,-1.1413,1.6427,-0.3786,0.3995,0.0800,5.5801,0.1675
11.350,36.543,-0.9905,0.5299,75.352,-3.3579,6.6927,111.620,5.3638,3.8489,6.6018,36.269,1.0227,4.8794,36.265,-2.4595,4.0532,75.355,2.630,-0.5691,34.890,6.7149,0.0191,0.2964,15.4986,2.5696,2.7807,nan,3.8410,3.4465,0.1365,-0.1824,1.0175,-1.0651,1.6402,-0.3469,0.4994,0.0800,5.8901,0.1675
11.400,36.698,-0.9483,0.6789,72.683,-3.3388,6.7906,109.623,5.1231,4.1013,6.5626,36.939,1.1006,4.7943,36.089,-2.4116,4.2282,73.534,2.871,-0.7829,35.057,6.7402,0.0107,0.3102,29.0305,2.8386,3.0000,nan,3.9222,3.3400,0.1323,-0.5240,1.1241,-0.9811,1.6095,-0.3125,0.5993,0.0800,2.6851,0.1675
11.450,36.862,-0.8964,0.8344,70.198,-3.2969,6.8715,106.600,4.8669,4.3038,6.4969,36.402,1.2014,4.7278,36.364,-2.3514,4.3934,70.236,2.987,-0.8429,35.226,6.7491,0.0044,0.3186,71.7618,3.0325,3.1210,nan,4.0423,3.3525,0.1328,-0.4618,1.2008,-0.9161,1.6066,-0.4054,0.6992,0.0800,5.4513,0.1675
11.500,37.029,-0.8362,0.9910,67.459,-3.3100,6.9502,106.178,4.5557,4.5692,6.4523,38.719,1.3205,4.8158,38.643,-2.2838,4.5587,67.535,3.189,-0.9725,35.405,6.7570,0.0026,0.3303,126.5794,3.1768,3.2410,nan,4.0423,3.4968,0.1385,-0.4222,1.2580,-0.8422,1.5930,-0.4054,0.6992,0.0800,0.4623,0.1675
11.550,37.208,-0.7626,1.1540,63.199,-3.3227,7.0362,105.240,4.0960,4.9374,6.4152,42.041,1.4468,4.9084,40.979,-2.2054,4.7341,64.260,3.203,-1.4570,35.588,6.7690,0.0147,0.3416,23.2480,3.1877,3.2152,nan,4.0423,3.5077,0.1389,-0.4194,1.2623,-0.6796,1.5444,-0.4054,0.6992,0.0800,0.4623,0.1675
11.600,37.385,-0.6771,1.3087,58.425,-3.2716,7.0866,101.696,3.5640,5.2358,6.3337,43.271,1.6120,4.9733,43.223,-2.1114,4.8844,58.474,3.225,-1.5907,35.769,6.7638,0.0164,0.3007,18.3115,3.1604,3.1818,nan,4.0423,3.4804,0.1378,-0.4264,1.2515,-0.6307,1.5037,-0.4916,0.7990,0.0800,0.2535,0.1675
11.650,39.279,-1.1026,-0.5365,87.294,-3.2918,7.2583,96.775,7.6827,2.5548,8.0964,9.482,1.6120,4.9733,43.223,-2.0086,5.0234,53.553,0.457,-0.3149,35.959,8.7188,0.0095,0.4471,47.1484,3.1754,3.2036,nan,4.0897,3.7085,0.1469,-0.4226,1.3323,-0.6024,1.4958,-0.3601,0.8989,0.0800,1.1699,0.1675
11.700,39.279,-1.1026,-0.5365,87.294,-3.2655,7.1934,97.035,7.6192,2.5254,8.0268,9.741,1.6486,4.9307,43.482,-2.0086,5.0234,53.553,0.457,-0.3149,35.959,8.7188,0.0095,0.4233,44.6458,0.2263,3.5621,nan,3.7894,0.7278,0.0288,-1.0000,0.8000,-0.6726,2.0260,-0.3125,0.5993,0.0800,5.2559,0.1675
11.750,39.311,-1.1005,-0.5042,86.017,-3.4419,7.2737,130.388,7.5965,2.8760,8.1227,44.371,1.7259,4.9387,44.123,-2.0841,5.2740,86.265,0.736,-0.5024,36.141,8.9383,0.0064,0.5259,82.3975,0.4497,3.1989,nan,3.7894,1.3266,0.0525,-1.0000,0.8000,-0.5962,1.9641,-0.3469,0.4994,0.0800,5.0880,0.1675
