t,dist_m,true_x,true_y,true_yaw_deg,est_x,est_y,est_yaw_deg,err_along,err_cross,err_dist,err_yaw_deg,m2o_x,m2o_y,m2o_yaw_deg,o2b_x,o2b_y,o2b_yaw_deg,speed,yaw_rate,enc_dist,dr_err,fit_true,fit_est,fit_ratio,pp_v_est,pp_v_enc,pp_v_pose,pp_v_target,pp_u_cmd,pp_throttle,pp_steering,pp_ld,pp_e_lat,pp_e_head,pp_kappa,pp_s,pp_slip,pp_a_imu
0.000,0.000,0.8003,3.1583,-89.997,0.7984,3.1548,-90.150,0.0035,-0.0019,0.0039,-0.153,0.7953,3.1580,-0.025,0.0000,0.0000,-89.997,0.000,0.0000,0.000,0.0000,0.0073,0.0108,1.4768,nan,nan,nan,nan,nan,nan,nan,nan,nan,nan,nan,nan,nan,nan
0.050,0.000,0.8003,3.1583,-89.997,0.7981,3.1552,-89.934,0.0031,-0.0022,0.0038,0.063,0.7953,3.1580,-0.025,0.0000,0.0000,-89.997,0.000,0.0000,0.000,0.0000,0.0073,0.0097,1.3311,nan,nan,nan,nan,nan,nan,nan,nan,nan,nan,nan,nan,nan,nan
0.100,0.000,0.8003,3.1583,-89.997,0.7981,3.1552,-89.922,0.0031,-0.0022,0.0038,0.074,0.7953,3.1580,-0.025,0.0000,0.0000,-89.997,0.000,0.0000,0.000,0.0000,0.0073,0.0097,1.3245,nan,nan,nan,nan,nan,nan,nan,nan,nan,nan,nan,nan,nan,nan
0.150,0.000,0.8003,3.1583,-89.997,0.7981,3.1552,-89.922,0.0031,-0.0022,0.0038,0.074,0.7953,3.1580,-0.025,0.0000,0.0000,-89.997,0.000,0.0000,0.000,0.0000,0.0074,0.0097,1.3072,nan,nan,nan,nan,nan,nan,nan,nan,nan,nan,nan,nan,nan,nan
0.200,0.000,0.8003,3.1583,-89.997,0.7981,3.1552,-89.922,0.0031,-0.0022,0.0038,0.074,0.7953,3.1580,-0.025,0.0000,0.0000,-89.997,0.000,0.0000,0.000,0.0000,0.0074,0.0097,1.3072,nan,nan,nan,nan,nan,nan,nan,nan,nan,nan,nan,nan,nan,nan
0.250,0.000,0.8003,3.1583,-89.997,0.7981,3.1552,-89.922,0.0031,-0.0022,0.0038,0.074,0.7953,3.1580,-0.025,0.0000,0.0000,-89.997,0.000,0.0000,0.000,0.0000,0.0074,0.0097,1.3072,nan,nan,nan,nan,nan,nan,nan,nan,nan,nan,nan,nan,nan,nan
0.300,0.000,0.8003,3.1583,-89.997,0.7981,3.1552,-89.922,0.0031,-0.0022,0.0038,0.074,0.7953,3.1580,-0.025,0.0000,0.0000,-89.997,0.000,0.0000,0.000,0.0000,0.0074,0.0097,1.3072,nan,nan,nan,nan,nan,nan,nan,nan,nan,nan,nan,nan,nan,nan
0.350,0.000,0.8003,3.1583,-89.997,0.7981,3.1552,-89.922,0.0031,-0.0022,0.0038,0.074,0.7953,3.1580,-0.025,0.0000,0.0000,-89.997,0.000,0.0000,0.000,0.0000,0.0074,0.0097,1.3072,nan,nan,nan,nan,nan,nan,nan,nan,nan,nan,nan,nan,nan,nan
0.400,0.000,0.8003,3.1583,-89.997,0.7975,3.1559,-89.946,0.0024,-0.0028,0.0037,0.051,0.7963,3.1603,-0.023,0.0000,0.0000,-89.997,0.000,0.0000,0.000,0.0000,0.0074,0.0105,1.4183,nan,nan,nan,nan,nan,nan,nan,nan,nan,nan,nan,nan,nan,nan
0.450,0.000,0.8003,3.1583,-89.997,0.7953,3.1580,-90.022,0.0003,-0.0050,0.0050,-0.025,0.7963,3.1603,-0.023,0.0000,0.0000,-89.997,0.000,0.0000,0.000,0.0000,0.0074,0.0128,1.7320,nan,nan,nan,nan,nan,nan,nan,nan,nan,nan,nan,nan,nan,nan
0.500,0.000,0.8003,3.1583,-89.997,0.7953,3.1580,-90.022,0.0003,-0.0050,0.0050,-0.025,0.7963,3.1603,-0.023,0.0000,0.0000,-89.997,0.000,0.0000,0.000,0.0000,0.0074,0.0128,1.7320,nan,nan,nan,nan,nan,nan,nan,nan,nan,nan,nan,nan,nan,nan
0.550,0.000,0.8003,3.1583,-89.997,0.7953,3.1580,-90.022,0.0003,-0.0050,0.0050,-0.025,0.7963,3.1603,-0.023,0.0000,0.0000,-89.997,0.000,0.0000,0.000,0.0000,0.0074,0.0128,1.7320,nan,nan,nan,nan,nan,nan,nan,nan,nan,nan,nan,nan,nan,nan
0.600,0.000,0.8003,3.1583,-89.997,0.7953,3.1580,-90.022,0.0003,-0.0050,0.0050,-0.025,0.7963,3.1603,-0.023,0.0000,0.0000,-89.997,0.000,0.0000,0.000,0.0000,0.0074,0.0128,1.7320,nan,nan,nan,nan,nan,nan,nan,nan,nan,nan,nan,nan,nan,nan
0.650,0.000,0.8003,3.1583,-89.997,0.7953,3.1580,-90.022,0.0003,-0.0050,0.0050,-0.025,0.7963,3.1603,-0.023,0.0000,0.0000,-89.997,0.000,0.0000,0.000,0.0000,0.0074,0.0128,1.7320,nan,nan,nan,nan,nan,nan,nan,nan,nan,nan,nan,nan,nan,nan
0.700,0.000,0.8003,3.1583,-89.997,0.7953,3.1580,-90.022,0.0003,-0.0050,0.0050,-0.025,0.7963,3.1603,-0.023,0.0000,0.0000,-89.997,0.000,0.0000,0.000,0.0000,0.0074,0.0128,1.7320,nan,nan,nan,nan,nan,nan,nan,nan,nan,nan,nan,nan,nan,nan
0.750,0.000,0.8003,3.1583,-89.997,0.7953,3.1580,-90.022,0.0003,-0.0050,0.0050,-0.025,0.7963,3.1603,-0.023,0.0000,0.0000,-89.997,0.000,0.0000,0.000,0.0000,0.0074,0.0129,1.7386,nan,nan,nan,nan,nan,nan,nan,nan,nan,nan,nan,nan,nan,nan
0.800,0.000,0.8003,3.1583,-89.997,0.7956,3.1586,-90.022,-0.0003,-0.0047,0.0047,-0.025,0.7963,3.1603,-0.023,0.0000,0.0000,-89.997,0.000,0.0000,0.000,0.0000,0.0075,0.0127,1.7078,nan,nan,nan,nan,nan,nan,nan,nan,nan,nan,nan,nan,nan,nan
0.850,0.000,0.8003,3.1583,-89.997,0.7963,3.1603,-90.020,-0.0020,-0.0040,0.0045,-0.023,0.7964,3.1598,-0.144,0.0000,0.0000,-89.997,0.000,0.0000,0.000,0.0000,0.0075,0.0123,1.6494,nan,nan,nan,nan,nan,nan,nan,nan,nan,nan,nan,nan,nan,nan
0.900,0.000,0.8003,3.1583,-89.997,0.7963,3.1603,-90.020,-0.0020,-0.0040,0.0045,-0.023,0.7964,3.1598,-0.144,0.0000,0.0000,-89.997,0.000,0.0000,0.000,0.0000,0.0075,0.0123,1.6494,nan,nan,nan,nan,nan,nan,nan,nan,nan,nan,nan,nan,nan,nan
0.950,0.000,0.8003,3.1583,-89.997,0.7963,3.1603,-90.020,-0.0020,-0.0040,0.0045,-0.023,0.7964,3.1598,-0.144,0.0000,0.0000,-89.997,0.000,0.0000,0.000,0.0000,0.0075,0.0123,1.6494,nan,nan,nan,nan,nan,nan,nan,nan,nan,nan,nan,nan,nan,nan
1.000,0.000,0.8003,3.1583,-89.997,0.7963,3.1603,-90.020,-0.0020,-0.0040,0.0045,-0.023,0.7964,3.1598,-0.144,0.0000,0.0000,-89.997,0.000,0.0000,0.000,0.0000,0.0075,0.0123,1.6494,nan,nan,nan,nan,nan,nan,nan,nan,nan,nan,nan,nan,nan,nan
1.050,0.000,0.8003,3.1583,-89.997,0.7963,3.1603,-90.020,-0.0020,-0.0040,0.0045,-0.023,0.7964,3.1598,-0.144,0.0000,0.0000,-89.997,0.000,0.0000,0.000,0.0000,0.0075,0.0123,1.6494,nan,nan,nan,nan,nan,nan,nan,nan,nan,nan,nan,nan,nan,nan
1.100,0.000,0.8003,3.1583,-89.997,0.7963,3.1603,-90.020,-0.0020,-0.0040,0.0045,-0.023,0.7964,3.1598,-0.144,0.0000,0.0000,-89.997,0.000,0.0000,0.000,0.0000,0.0075,0.0123,1.6494,nan,nan,nan,nan,nan,nan,nan,nan,nan,nan,nan,nan,nan,nan
1.150,0.000,0.8003,3.1583,-89.997,0.7963,3.1603,-90.020,-0.0020,-0.0040,0.0045,-0.023,0.7964,3.1598,-0.144,0.0000,0.0000,-89.997,0.000,0.0000,0.000,0.0000,0.0075,0.0123,1.6494,nan,nan,nan,nan,nan,nan,nan,nan,nan,nan,nan,nan,nan,nan
1.200,0.000,0.8003,3.1583,-89.997,0.7963,3.1603,-90.020,-0.0020,-0.0040,0.0045,-0.023,0.7964,3.1598,-0.144,0.0000,0.0000,-89.997,0.000,0.0000,0.000,0.0000,0.0075,0.0123,1.6494,nan,nan,nan,nan,nan,nan,nan,nan,nan,nan,nan,nan,nan,nan
1.250,0.000,0.8003,3.1583,-89.997,0.7963,3.1602,-90.041,-0.0019,-0.0040,0.0044,-0.044,0.7952,3.1593,-0.028,0.0000,0.0000,-89.997,0.000,0.0000,0.000,0.0000,0.0075,0.0125,1.6818,nan,nan,nan,nan,nan,nan,nan,nan,nan,nan,nan,nan,nan,nan
1.300,0.000,0.8004,3.1583,-89.997,0.7964,3.1598,-90.140,-0.0015,-0.0040,0.0043,-0.144,0.7952,3.1593,-0.028,0.0000,0.0000,-89.997,0.000,0.0000,0.000,0.0001,0.0073,0.0136,1.8800,nan,nan,nan,nan,nan,nan,nan,nan,nan,nan,nan,nan,nan,nan
1.350,0.000,0.8004,3.1583,-89.997,0.7964,3.1598,-90.140,-0.0015,-0.0040,0.0043,-0.144,0.7952,3.1593,-0.028,0.0000,0.0000,-89.997,0.000,0.0000,0.000,0.0001,0.0073,0.0136,1.8800,nan,nan,nan,nan,nan,nan,nan,nan,nan,nan,nan,nan,nan,nan
1.400,0.000,0.8004,3.1583,-89.997,0.7964,3.1598,-90.140,-0.0015,-0.0040,0.0043,-0.144,0.7952,3.1593,-0.028,0.0000,0.0000,-89.997,0.000,0.0000,0.000,0.0001,0.0073,0.0136,1.8800,nan,nan,nan,nan,nan,nan,nan,nan,nan,nan,nan,nan,nan,nan
1.450,0.000,0.8004,3.1583,-89.997,0.7964,3.1598,-90.140,-0.0015,-0.0040,0.0043,-0.144,0.7952,3.1593,-0.028,0.0000,0.0000,-89.997,0.000,0.0000,0.000,0.0001,0.0073,0.0136,1.8675,nan,nan,nan,nan,nan,nan,nan,nan,nan,nan,nan,nan,nan,nan
1.500,0.000,0.8004,3.1583,-89.997,0.7964,3.1598,-90.140,-0.0015,-0.0040,0.0043,-0.144,0.7952,3.1593,-0.028,0.0000,0.0000,-89.997,0.000,0.0000,0.000,0.0001,0.0073,0.0136,1.8675,nan,nan,nan,nan,nan,nan,nan,nan,nan,nan,nan,nan,nan,nan
1.550,0.000,0.8004,3.1583,-89.997,0.7964,3.1598,-90.140,-0.0015,-0.0040,0.0043,-0.144,0.7952,3.1593,-0.028,0.0000,0.0000,-89.997,0.000,0.0000,0.000,0.0001,0.0073,0.0136,1.8675,nan,nan,nan,nan,nan,nan,nan,nan,nan,nan,nan,nan,nan,nan
1.600,0.000,0.8004,3.1583,-89.997,0.7964,3.1598,-90.140,-0.0015,-0.0040,0.0043,-0.144,0.7952,3.1593,-0.028,0.0000,0.0000,-89.997,0.000,0.0000,0.000,0.0001,0.0073,0.0136,1.8675,0.0000,0.0000,nan,3.9513,0.6710,0.0266,0.4700,0.8000,-0.1663,-0.2068,-0.2405,3.1262,0.0800,-0.0004
1.650,0.000,0.8004,3.1582,-89.997,0.7963,3.1582,-90.126,-0.0001,-0.0041,0.0041,-0.130,0.7952,3.1593,-0.028,0.0000,-0.0015,-89.996,0.015,0.0004,0.002,0.0014,0.0073,0.0134,1.8278,0.0000,0.0000,nan,3.9513,0.6710,0.0266,0.4700,0.8000,-0.1663,-0.2068,-0.2405,3.1262,0.0800,0.0005
1.700,0.009,0.8003,3.1492,-89.797,0.7953,3.1251,-89.345,0.0241,-0.0051,0.0246,0.453,0.7952,3.1593,-0.028,0.0001,-0.0342,-89.317,0.306,0.1761,0.034,0.0251,0.0073,0.0082,1.1267,0.0243,0.0278,nan,3.9513,0.6953,0.0275,0.4740,0.8000,-0.1672,-0.2065,-0.2405,3.1262,0.0800,5.3651
1.750,0.039,0.8007,3.1198,-88.554,0.7962,3.0881,-87.546,0.0316,-0.0053,0.0320,1.008,0.7952,3.1593,-0.028,0.0010,-0.0712,-87.518,0.613,0.4599,0.071,0.0327,0.0058,0.0097,1.6703,0.3538,0.5643,nan,4.0357,1.0311,0.0408,0.4328,0.8000,-0.1803,-0.1589,-0.2320,3.1957,0.0800,5.1690
1.800,0.076,0.8022,3.0828,-86.964,0.7982,3.0499,-86.084,0.0327,-0.0057,0.0332,0.880,0.7952,3.1593,-0.028,0.0031,-0.1095,-86.056,0.701,0.4978,0.110,0.0340,0.0054,0.0099,1.8278,0.5687,0.6341,nan,4.0783,1.2524,0.0496,0.3378,0.8000,-0.1876,-0.0833,-0.2235,3.2651,0.0800,3.0858
1.850,0.123,0.8055,3.0359,-85.129,0.8027,2.9974,-84.296,0.0381,-0.0061,0.0386,0.833,0.7941,3.1625,-0.037,0.0076,-0.1619,-84.268,0.970,0.5502,0.162,0.0396,0.0071,0.0060,0.8453,0.6486,0.6673,nan,4.1213,1.3389,0.0530,0.2730,0.8000,-0.1912,-0.0387,-0.2151,3.3346,0.0800,6.6835
1.900,0.123,0.8055,3.0359,-85.129,0.8027,2.9974,-82.718,0.0381,-0.0061,0.0386,2.411,0.7941,3.1625,-0.037,0.0076,-0.1619,-82.690,0.970,0.5502,0.162,0.0396,0.0071,0.0170,2.4110,0.8821,0.9644,nan,4.2083,1.5792,0.0625,0.2143,0.8000,-0.1939,0.0123,-0.2067,3.4041,0.0800,6.8605
1.950,0.186,0.8120,2.9729,-83.229,0.8106,2.9302,-81.232,0.0423,-0.0064,0.0428,1.997,0.7941,3.1625,-0.037,0.0155,-0.2291,-81.203,1.204,0.5147,0.230,0.0439,0.0043,0.0149,3.4912,0.9465,0.9644,nan,4.2083,1.6436,0.0651,0.1738,0.8000,-0.1915,0.0399,-0.2067,3.4041,0.0800,6.8605
2.000,0.265,0.8227,2.8949,-81.358,0.8227,2.8502,-79.860,0.0442,-0.0067,0.0447,1.498,0.7952,3.1596,-0.122,0.0277,-0.3091,-79.832,1.335,0.4504,0.311,0.0460,0.0019,0.0145,7.4860,1.1069,1.1536,nan,4.2523,1.8109,0.0717,0.1294,0.8000,-0.1898,0.0764,-0.1984,3.4735,0.0800,3.5840
2.050,0.344,0.8358,2.8163,-79.870,0.8375,2.7673,-78.781,0.0485,-0.0070,0.0490,1.089,0.7952,3.1596,-0.122,0.0425,-0.3919,-78.753,1.537,0.3572,0.395,0.0504,0.0019,0.0137,7.2526,1.2980,1.3608,nan,4.3862,2.0162,0.0798,0.0492,0.8000,-0.1829,0.1203,-0.1819,3.6125,0.0800,6.4495
2.100,0.439,0.8534,2.7232,-78.827,0.8568,2.6693,-78.483,0.0535,-0.0071,0.0540,0.344,0.7986,3.1602,-0.159,0.0618,-0.4900,-78.455,1.759,0.1582,0.495,0.0556,0.0039,0.0004,0.1111,1.4813,1.5421,nan,4.4315,2.2066,0.0874,0.0128,0.8147,-0.1717,0.1421,-0.1736,3.6820,0.0800,6.3491
2.150,0.559,0.8773,2.6055,-78.324,0.8820,2.5470,-78.238,0.0583,-0.0072,0.0587,0.086,0.7986,3.1602,-0.159,0.0871,-0.6123,-78.210,1.955,0.0579,0.620,0.0604,0.0002,0.0002,0.8000,1.5531,1.5782,nan,4.5229,2.2931,0.0908,-0.0427,0.8542,-0.1582,0.1504,-0.1573,3.8209,0.0800,5.8038
2.200,0.670,0.8998,2.4973,-78.220,0.9054,2.4344,-78.351,0.0627,-0.0073,0.0631,-0.130,0.7994,3.1593,-0.337,0.1106,-0.7248,-78.323,2.117,-0.0631,0.735,0.0648,0.0001,0.0005,5.5000,1.8766,2.1903,nan,4.6618,2.6311,0.1042,-0.1107,1.0321,-0.1343,0.1654,-0.1410,3.9598,0.0800,4.9498
2.251,0.801,0.9262,2.3688,-78.724,0.9054,2.4344,-78.532,-0.0684,-0.0075,0.0689,0.193,0.7994,3.1593,-0.337,0.1106,-0.7248,-78.504,2.117,-0.0631,0.870,0.0665,0.0065,0.0009,0.1374,2.0058,2.0506,nan,4.7554,2.7747,0.1099,-0.1270,1.1032,-0.1130,0.1698,-0.1248,4.0988,0.0800,3.2738
2.300,0.801,0.9262,2.3688,-78.724,0.9312,2.3032,-79.794,0.0653,-0.0080,0.0658,-1.070,0.7963,3.1621,-0.003,0.1371,-0.8579,-79.761,2.260,-0.2605,0.870,0.0693,0.0048,0.0136,2.8043,2.1384,2.1861,nan,4.8024,2.9074,0.1151,-0.1265,1.1761,-0.1113,0.1670,-0.1248,4.0988,0.0800,3.2738
2.350,0.927,0.9498,2.2448,-79.946,0.9539,2.1730,-81.529,0.0714,-0.0085,0.0719,-1.583,0.7973,3.1551,-0.074,0.1604,-0.9894,-81.491,2.467,-0.4231,1.004,0.0767,0.0058,0.0238,4.1245,2.2647,2.3119,nan,4.8966,3.0475,0.1207,-0.1076,1.2456,-0.0904,0.1411,-0.1086,4.2377,0.0800,5.9033
2.400,1.079,0.9743,2.0951,-81.633,0.9791,2.0151,-83.180,0.0799,-0.0069,0.0802,-1.548,0.7957,3.1500,-0.093,0.1859,-1.1463,-83.117,2.656,-0.4656,1.163,0.0840,0.0062,0.0257,4.1291,2.3560,2.3935,nan,4.9904,3.1518,0.1248,-0.0793,1.2958,-0.0732,0.1085,-0.0925,4.3767,0.0800,2.2651
2.450,1.235,0.9951,1.9406,-83.109,0.9981,1.8488,-84.335,0.0915,-0.0080,0.0919,-1.225,0.7986,3.1543,-0.035,0.2057,-1.3104,-84.213,2.880,-0.3771,1.328,0.0933,0.0070,0.0196,2.8005,2.6081,2.7398,nan,5.1746,3.4209,0.1355,-0.0693,1.3000,-0.0493,0.0922,-0.0683,4.5851,0.0800,6.0681
2.500,1.379,1.0113,1.7968,-84.125,1.0133,1.6995,-85.228,0.0970,-0.0079,0.0974,-1.103,0.7941,3.1572,0.206,0.2211,-1.4597,-85.103,3.006,-0.3663,1.478,0.0987,0.0070,0.0181,2.5933,2.8704,3.0220,nan,5.3085,3.6931,0.1463,-0.0737,1.3000,-0.0279,0.0929,-0.0479,4.7935,0.0800,3.9516
2.550,1.577,1.0296,1.6000,-85.350,1.0318,1.4907,-86.265,0.1091,-0.0067,0.1093,-0.915,0.7913,3.1574,0.382,0.2381,-1.6688,-86.112,3.257,-0.3742,1.688,0.1109,0.0054,0.0137,2.5294,2.7507,2.7538,nan,5.3953,3.5762,0.1416,-0.0692,1.3000,-0.0134,0.0842,-0.0358,4.9324,0.0800,1.6068
2.600,1.784,1.0441,1.3941,-86.698,1.0440,1.2737,-87.400,0.1202,-0.0070,0.1204,-0.702,0.7913,3.1574,0.382,0.2506,-1.8859,-87.241,3.469,-0.3776,1.905,0.1219,0.0034,0.0095,2.8212,3.0594,3.4480,nan,5.5612,3.8852,0.1539,-0.0674,1.3000,0.0118,0.0710,-0.0187,5.1408,0.0800,5.4374
2.650,1.784,1.0441,1.3941,-86.698,1.0410,1.2727,-88.589,0.1210,-0.0101,0.1215,-1.891,0.7902,3.1585,0.519,0.2506,-1.8859,-88.325,3.469,-0.3776,1.905,0.1219,0.0034,0.0334,9.8863,3.3509,3.5894,nan,5.7136,4.1696,0.1651,-0.0533,1.3000,0.0304,0.0529,0.0041,5.4187,0.0800,0.7151
2.700,1.986,1.0538,1.1921,-87.936,1.0493,1.0687,-89.397,0.1231,-0.0089,0.1235,-1.461,0.7938,3.1428,0.396,0.2580,-2.0911,-89.214,3.523,-0.3679,2.111,0.1250,0.0033,0.0297,9.1023,3.5131,3.5894,nan,5.7500,4.3328,0.1716,-0.0283,1.3000,0.0216,0.0321,0.0041,5.4187,0.0800,0.7151
2.750,2.229,1.0598,0.9490,-89.345,1.0565,0.8136,-90.038,0.1354,-0.0048,0.1355,-0.693,0.7922,3.1400,0.354,0.2609,-2.3461,-90.012,3.722,-0.2452,2.366,0.1368,0.0033,0.0129,3.9189,3.2351,3.1834,nan,5.8215,4.0407,0.1600,-0.0172,1.3000,0.0325,0.0163,0.0214,5.6271,0.0800,4.2904
2.800,2.478,1.0612,0.6996,-89.973,1.0545,0.5402,-90.327,0.1594,-0.0068,0.1595,-0.354,0.8073,3.1373,-0.082,0.2611,-2.6134,-90.249,4.009,-0.1252,2.633,0.1547,0.0032,0.0153,4.7924,3.5164,4.0400,nan,5.9949,4.2924,0.1700,-0.0207,1.3000,0.0472,0.0085,0.0398,5.9050,0.0800,6.3709
2.850,2.698,1.0607,0.4800,-90.299,1.0515,0.3174,-90.616,0.1627,-0.0083,0.1629,-0.317,0.8150,3.1460,-0.327,0.2599,-2.8326,-90.528,3.993,-0.1208,2.852,0.1543,0.0034,0.0249,7.3839,3.7052,4.5373,nan,6.1283,4.4828,0.1775,-0.0242,1.3000,0.0518,0.0047,0.0365,6.1829,0.0800,-0.7070
2.900,2.921,1.0588,0.2569,-90.722,1.0538,0.0911,-90.985,0.1659,-0.0029,0.1659,-0.263,0.8376,3.1355,-0.774,0.2570,-3.0631,-90.952,4.105,-0.1402,3.083,0.1617,0.0056,0.0203,3.6000,3.8639,3.9438,nan,6.2254,4.6500,0.1842,-0.0136,1.3000,0.0513,-0.0071,0.0320,6.3913,0.0800,2.8947
2.950,3.156,1.0550,0.0221,-91.195,1.0571,-0.1509,-91.162,0.1729,0.0057,0.1730,0.034,0.8376,3.1355,-0.774,0.2519,-3.3087,-91.349,4.266,-0.1084,3.329,0.1725,0.0080,0.0061,0.7661,4.1012,4.2507,nan,6.3818,4.9007,0.1941,-0.0058,1.3000,0.0535,-0.0235,0.0259,6.6692,0.0800,3.5316
3.000,3.156,1.0550,0.0221,-91.195,1.0633,-0.1498,-91.322,0.1717,0.0119,0.1721,-0.127,0.8284,3.1300,-0.544,0.2519,-3.3087,-91.659,4.266,-0.1084,3.329,0.1725,0.0080,0.0046,0.5833,4.3506,4.5392,nan,6.5020,5.1642,0.2045,-0.0055,1.3000,0.0563,-0.0297,0.0197,6.9471,0.0800,3.5954
3.050,3.399,1.0493,-0.2213,-91.490,1.0646,-0.4033,-91.234,0.1816,0.0200,0.1826,0.255,0.8245,3.1170,-0.387,0.2453,-3.5634,-91.694,4.424,-0.0522,3.583,0.1838,0.0144,0.0088,0.6064,4.4621,4.5392,nan,6.5313,5.2846,0.2093,-0.0065,1.3000,0.0611,-0.0325,0.0197,6.9471,0.0800,3.5954
3.100,3.648,1.0425,-0.4701,-91.620,1.0610,-0.6719,-91.279,0.2012,0.0242,0.2026,0.341,0.8289,3.1330,-0.537,0.2378,-3.8266,-91.752,4.616,-0.0377,3.847,0.1983,0.0220,0.0130,0.5922,4.4826,4.5291,nan,6.6459,5.3002,0.2099,-0.0130,1.3000,0.0627,-0.0300,0.0136,7.2250,0.0800,4.4720
3.150,3.909,1.0349,-0.7303,-91.750,1.0509,-0.9595,-91.602,0.2286,0.0230,0.2297,0.148,0.8117,3.1573,-0.212,0.2294,-4.1035,-91.991,4.829,-0.0749,4.124,0.2150,0.0208,0.0146,0.6992,4.5547,4.6192,nan,6.7555,5.3705,0.2127,-0.0116,1.3000,0.0574,-0.0323,0.0075,7.5029,0.0800,5.0921
3.200,4.184,1.0259,-1.0058,-92.047,1.0387,-1.2511,-91.959,0.2446,0.0215,0.2456,0.088,0.7991,3.1855,0.047,0.2190,-4.3927,-92.316,4.996,-0.0946,4.413,0.2287,0.0189,0.0117,0.6171,4.7996,5.0256,nan,6.5352,5.6262,0.2228,0.0022,1.3000,0.0419,-0.0428,0.0013,7.7807,0.0800,3.9860
3.250,4.462,1.0153,-1.2839,-92.328,1.0121,-1.5444,-92.348,0.2604,0.0074,0.2605,-0.020,0.7798,3.1829,0.324,0.2072,-4.6823,-92.357,5.122,-0.0111,4.703,0.2402,0.0085,0.0109,1.2896,4.9646,5.0983,nan,6.2077,5.7934,0.2294,0.0124,1.3000,0.0239,-0.0505,-0.0055,8.0586,0.0800,2.8541
3.300,4.755,1.0034,-1.5758,-92.261,0.9860,-1.8475,-92.335,0.2722,-0.0067,0.2723,-0.074,0.7769,3.1874,0.324,0.1951,-4.9899,-92.087,5.296,0.0749,5.011,0.2559,0.0026,0.0165,6.3618,5.1962,5.4392,nan,5.8881,5.6119,0.2223,0.0198,1.3000,-0.0086,-0.0452,-0.0178,8.4060,0.0800,4.0367
3.350,5.051,0.9923,-1.8715,-91.946,0.9574,-2.1608,-92.247,0.2903,-0.0250,0.2914,-0.301,0.8071,3.1799,0.009,0.1837,-5.2990,-91.656,5.438,0.1436,5.320,0.2694,0.0031,0.0458,14.9950,5.3680,5.5353,nan,5.5234,5.6415,0.2234,0.0063,1.3000,-0.0351,-0.0264,-0.0397,8.7533,0.0509,3.6164
3.400,5.350,0.9831,-2.1707,-91.437,0.9449,-2.4704,-91.951,0.3005,-0.0307,0.3021,-0.514,0.7729,3.1860,0.392,0.1762,-5.6014,-91.295,5.447,0.0894,5.623,0.2725,0.0075,0.0553,7.3314,5.4683,5.5816,nan,5.2938,4.9961,0.1979,-0.0163,1.3000,-0.0589,-0.0045,-0.0578,9.0312,0.0800,0.1842
3.450,5.655,0.9758,-2.4761,-91.273,0.9562,-2.4782,-91.516,0.0026,-0.0196,0.0197,-0.243,0.7729,3.1860,0.392,0.1762,-5.6014,-91.039,5.447,0.0894,5.930,0.0330,0.0389,0.0436,1.1205,5.2764,5.2668,nan,5.0754,4.8726,0.1930,-0.0478,1.3000,-0.0590,0.0198,-0.0840,9.3786,0.0800,0.3641
3.500,5.655,0.9758,-2.4761,-91.273,0.9505,-2.7885,-91.722,0.3128,-0.0184,0.3134,-0.448,0.7910,3.1770,0.213,0.1693,-5.9093,-91.288,5.452,-0.0037,5.930,0.2749,0.0088,0.0422,4.7969,5.2798,5.3391,nan,5.0754,4.8763,0.1931,-0.0574,1.3000,-0.0433,0.0181,-0.0840,9.3786,0.0800,-5.6059
3.550,5.989,0.9675,-2.8092,-91.739,0.9339,-3.0845,-93.074,0.2762,-0.0252,0.2773,-1.335,0.7410,3.1915,0.718,0.1599,-6.2211,-92.600,5.159,-0.2507,6.243,0.2537,0.0073,0.0554,7.5753,5.2807,5.3391,nan,4.8682,4.9459,0.1959,-0.1021,1.3000,-0.0333,0.0408,-0.1055,9.6564,0.0800,-5.6059
3.600,6.266,0.9568,-3.0869,-92.905,0.9357,-3.3265,-94.340,0.2403,-0.0090,0.2405,-1.435,0.7495,3.2083,0.646,0.1464,-6.4860,-94.153,4.972,-0.4023,6.508,0.2410,0.0098,0.0564,5.7416,5.1618,5.1811,nan,4.6715,4.7853,0.1895,-0.1021,1.3000,-0.0366,0.0248,-0.1271,9.9343,0.0583,-4.6744
3.650,6.538,0.9390,-3.3575,-95.235,0.9262,-3.5680,-97.390,0.2108,0.0064,0.2109,-2.155,0.8666,3.1856,-0.540,0.1219,-6.7530,-97.431,4.894,-0.7798,6.776,0.2378,0.0099,0.0366,3.6948,4.8504,4.7621,nan,4.5767,4.5940,0.1819,-0.1163,1.3000,-0.0187,0.0158,-0.1433,10.1427,0.0800,-1.9073
3.700,6.832,0.9064,-3.6502,-97.950,0.9006,-3.8534,-99.670,0.2021,0.0224,0.2033,-1.720,0.8289,3.1937,-0.193,0.0823,-7.0371,-99.970,4.757,-0.8482,7.063,0.2298,0.0129,0.0336,2.5982,4.8340,4.8777,nan,4.3936,4.4716,0.1771,-0.0790,1.3000,-0.0173,-0.0324,-0.1651,10.4206,0.0421,-1.6506
3.750,7.071,0.8691,-3.8862,-100.435,0.8638,-4.0787,-102.046,0.1902,0.0297,0.1925,-1.611,0.8359,3.2162,-0.262,0.0453,-7.2656,-102.369,4.626,-0.8376,7.294,0.2224,0.0152,0.0321,2.1186,4.9024,4.9769,nan,4.1750,4.0550,0.1606,-0.1056,1.3000,-0.0056,-0.0301,-0.1872,10.6985,-0.0800,-3.5900
3.800,7.322,0.8202,-4.1320,-102.280,0.8054,-4.3195,-103.356,0.1863,0.0254,0.1880,-1.076,0.7093,3.2232,0.798,-0.0060,-7.5015,-103.453,4.478,-0.6350,7.536,0.2127,0.0165,0.0376,2.2836,4.5947,4.5155,nan,4.0900,4.0581,0.1607,-0.1128,1.3000,-0.0087,-0.0297,-0.2040,10.9069,-0.0179,-1.9756
3.850,7.564,0.7647,-4.3679,-104.548,0.7559,-4.5371,-105.410,0.1660,0.0340,0.1694,-0.862,0.7093,3.2232,0.798,-0.0629,-7.7205,-105.649,4.211,-0.7209,7.762,0.1962,0.0132,0.0159,1.2038,4.2625,4.1665,nan,4.0064,4.1415,0.1640,-0.1633,1.3000,-0.0095,0.0120,-0.2211,11.1153,0.0782,-6.5514
3.900,7.792,0.7037,-4.5873,-106.863,0.6970,-4.7508,-107.564,0.1584,0.0411,0.1636,-0.701,0.7567,3.2034,0.377,-0.1270,-7.9321,-107.873,4.086,-0.7925,7.983,0.1889,0.0175,0.0206,1.1743,4.0696,4.0640,nan,3.8830,3.9815,0.1577,-0.1819,1.3000,-0.0022,0.0154,-0.2386,11.3237,0.0800,-3.3851
3.950,7.792,0.7037,-4.5873,-106.863,0.6997,-4.7511,-109.772,0.1579,0.0437,0.1639,-2.908,0.7553,3.1927,0.369,-0.1270,-7.9321,-110.144,4.086,-0.7925,7.983,0.1889,0.0175,0.0319,1.8209,4.0347,4.0623,nan,3.7614,3.8469,0.1524,-0.2092,1.3000,0.0070,0.0223,-0.2567,11.5322,0.0495,-1.0820
4.000,8.015,0.6339,-4.7998,-110.051,0.6392,-4.9494,-113.458,0.1387,0.0563,0.1497,-3.407,0.7924,3.1880,0.031,-0.2036,-8.1419,-114.164,4.042,-1.0987,8.206,0.1875,0.0245,0.0394,1.6104,4.0299,4.0623,nan,3.7614,3.8505,0.1525,-0.1654,1.3000,-0.0060,-0.0163,-0.2567,11.5322,0.0516,-1.0820
4.050,8.267,0.5404,-5.0329,-114.119,0.5444,-5.1663,-116.830,0.1202,0.0581,0.1335,-2.710,0.7064,3.2093,0.652,-0.2964,-8.3708,-117.409,3.938,-1.0336,8.453,0.1832,0.0383,0.0521,1.3583,3.9077,3.9198,nan,3.6811,3.7866,0.1500,-0.1403,1.3000,-0.0038,-0.0557,-0.2757,11.7406,0.0611,-2.7407
4.100,8.484,0.4468,-5.2287,-117.287,0.3946,-5.3689,-120.130,0.1485,0.0179,0.1496,-2.844,0.7284,3.2028,0.477,-0.3935,-8.5591,-119.634,3.827,-0.8569,8.665,0.1767,0.0230,0.0576,2.5050,4.0605,4.1403,nan,3.5215,3.3929,0.1344,-0.1760,1.3000,-0.0070,-0.0486,-0.2957,11.9490,-0.0800,-2.8762
4.150,8.696,0.3456,-5.4151,-119.948,0.2997,-5.5445,-122.371,0.1350,0.0249,0.1373,-2.423,0.7987,3.1830,-0.045,-0.4973,-8.7392,-122.123,3.737,-0.8680,8.873,0.1711,0.0286,0.0572,1.9970,3.7446,3.6735,nan,3.4013,3.3892,0.1342,-0.1919,1.3000,-0.0494,-0.0024,-0.3243,12.2269,-0.0070,-1.8528
4.200,8.893,0.2429,-5.5840,-123.029,0.1978,-5.6801,-125.511,0.1052,0.0146,0.1062,-2.482,0.8288,3.1626,-0.300,-0.5982,-8.8944,-125.263,3.487,-1.0266,9.058,0.1575,0.0334,0.0600,1.7962,3.7922,3.8325,nan,3.2798,3.1584,0.1251,-0.2441,1.3000,-0.0359,0.0274,-0.3477,12.4353,-0.0800,-6.4400
4.250,9.085,0.1342,-5.7419,-126.340,0.1138,-5.8289,-127.926,0.0822,0.0351,0.0893,-1.586,0.8060,3.1617,-0.157,-0.7086,-9.0444,-128.386,3.357,-1.0970,9.245,0.1504,0.0388,0.0461,1.1879,3.4429,3.3251,nan,3.2389,3.3168,0.1314,-0.2285,1.3000,-0.0507,0.0062,-0.3643,12.5742,0.0451,-3.2552
4.300,9.264,0.0239,-5.8829,-130.179,0.0058,-5.9720,-131.391,0.0797,0.0437,0.0909,-1.212,0.8110,3.1427,-0.278,-0.8200,-9.1764,-131.951,3.196,-1.1512,9.417,0.1421,0.0274,0.0173,0.6334,3.3510,3.3641,nan,3.1567,3.2377,0.1282,-0.2721,1.3000,-0.0262,0.0088,-0.3817,12.7132,0.0469,-4.9815
4.351,9.440,-0.0938,-6.0142,-133.796,-0.1267,-6.1127,-134.984,0.0938,0.0444,0.1038,-1.188,0.8110,3.1427,-0.278,-0.9433,-9.3050,-135.357,3.204,-1.2006,9.595,0.1413,0.0296,0.0255,0.8606,3.1254,3.1009,nan,3.0740,3.1497,0.1247,-0.2890,1.3000,-0.0193,-0.0028,-0.4003,12.8521,0.0800,0.2914
4.400,9.440,-0.0938,-6.0142,-133.796,-0.1348,-6.1180,-138.531,0.1033,0.0422,0.1116,-4.735,0.7968,3.1256,-0.247,-0.9433,-9.3050,-138.773,3.204,-1.2006,9.595,0.1413,0.0296,0.0405,1.3668,3.2199,3.2661,nan,2.9506,2.9653,0.1174,-0.3331,1.3000,-0.0133,0.0161,-0.4309,13.0605,0.0086,-1.6937
4.450,9.618,-0.2211,-6.1383,-138.091,-0.2741,-6.2338,-143.053,0.1032,0.0357,0.1092,-4.961,0.7766,3.1217,-0.150,-1.0755,-9.4236,-143.234,3.151,-1.4040,9.773,0.1380,0.0328,0.0462,1.4064,3.2369,3.2661,nan,2.9506,2.9524,0.1169,-0.2751,1.3000,-0.0337,-0.0458,-0.4309,13.0605,0.0011,-1.6937
4.500,9.811,-0.3700,-6.2613,-143.086,-0.4142,-6.3430,-146.677,0.0844,0.0388,0.0929,-3.591,0.7846,3.1225,-0.241,-1.2287,-9.5387,-147.316,3.078,-1.3285,9.965,0.1327,0.0392,0.0464,1.1834,3.0579,3.0491,nan,2.8270,2.8653,0.1135,-0.2792,1.3000,-0.0432,-0.0517,-0.4657,13.2689,0.0222,-2.1268
4.550,9.976,-0.5052,-6.3560,-147.164,-0.5511,-6.4385,-150.364,0.0833,0.0444,0.0944,-3.200,0.8910,3.1068,-0.933,-1.3603,-9.6305,-150.852,2.942,-1.2763,10.125,0.1284,0.0299,0.0224,0.7472,3.2059,3.2721,nan,2.6977,2.6159,0.1036,-0.3500,1.3000,-0.0361,-0.0062,-0.5060,13.4773,-0.0800,-3.8085
4.600,10.138,-0.6435,-6.4388,-151.190,-0.7043,-6.5211,-154.414,0.0929,0.0428,0.1023,-3.224,0.9550,3.1024,-1.363,-1.4978,-9.7061,-154.437,2.817,-1.2916,10.282,0.1216,0.0297,0.0282,0.9501,2.9527,2.9130,nan,2.6530,2.6238,0.1039,-0.3893,1.3000,-0.0294,0.0071,-0.5362,13.6163,-0.0170,-3.3580
4.650,10.289,-0.7789,-6.5068,-155.858,-0.8504,-6.5916,-159.370,0.1000,0.0481,0.1110,-3.512,1.0242,3.0961,-1.782,-1.6311,-9.7659,-159.128,2.630,-1.5110,10.428,0.1134,0.0290,0.0308,1.0626,2.7868,2.7792,nan,2.5617,2.5850,0.1024,-0.4278,1.3000,-0.0267,0.0116,-0.5684,13.7552,0.0135,-5.3346
4.700,10.431,-0.9111,-6.5595,-160.845,-0.9866,-6.6441,-164.028,0.0990,0.0551,0.1134,-3.183,0.9940,3.1087,-1.584,-1.7651,-9.8124,-163.824,2.556,-1.6198,10.570,0.1088,0.0280,0.0321,1.1445,2.6191,2.6092,nan,2.4674,2.5469,0.1009,-0.4336,1.3000,-0.0222,-0.0156,-0.6017,13.8942,0.0461,-2.7514
4.750,10.575,-1.0487,-6.6003,-166.382,-1.1352,-6.6878,-169.093,0.1047,0.0647,0.1231,-2.712,1.0727,3.0941,-2.110,-1.9052,-9.8463,-168.867,2.494,-1.7018,10.714,0.1042,0.0250,0.0226,0.9027,2.5297,2.5366,nan,2.4193,2.5318,0.1003,-0.4485,1.3000,-0.0166,-0.0215,-0.6399,14.0331,0.0652,-2.4660
4.800,10.709,-1.1798,-6.6260,-171.622,-1.2796,-6.7220,-174.037,0.1127,0.0804,0.1385,-2.415,1.0727,3.0941,-2.110,-2.0385,-9.8660,-173.774,2.459,-1.7195,10.849,0.1004,0.0240,0.0322,1.3410,2.5280,2.5479,nan,2.3201,2.3578,0.0934,-0.4708,1.3000,-0.0074,-0.0262,-0.6842,14.1720,0.0218,-1.4554
4.850,10.709,-1.1798,-6.6260,-171.622,-1.2855,-6.7343,-178.907,0.1203,0.0917,0.1513,-7.285,1.1489,3.0780,-2.587,-2.0385,-9.8660,-178.696,2.459,-1.7195,10.849,0.1004,0.0240,0.0285,1.1901,2.4972,2.5129,nan,2.3065,2.3562,0.0933,-0.4909,1.3000,0.0079,-0.0157,-0.7350,14.3110,0.0288,-1.5521
4.900,10.848,-1.3182,-6.6396,-177.280,-1.4295,-6.7442,176.054,0.1161,0.0992,0.1527,-6.666,1.2150,3.0580,-3.023,-2.1786,-9.8726,176.224,2.409,-1.7627,10.989,0.0959,0.0234,0.0386,1.6467,2.4935,2.5129,nan,2.3469,2.4294,0.0962,-0.4301,1.3000,-0.0005,-0.0486,-0.7631,14.3805,0.0477,-1.5521
4.950,10.974,-1.4447,-6.6398,177.365,-1.5618,-6.7394,171.580,0.1124,0.1049,0.1538,-5.785,1.2290,3.0568,-3.097,-2.3038,-9.8728,171.883,2.312,-1.5810,11.115,0.0951,0.0218,0.0498,2.2816,2.4255,2.4351,nan,2.4160,2.4917,0.0987,-0.4399,1.3000,0.0061,-0.0305,-0.8261,14.5194,0.0800,-4.2368
5.000,11.104,-1.5742,-6.6281,172.308,-1.7045,-6.7074,166.371,0.1185,0.0961,0.1525,-5.937,1.3021,3.0426,-3.512,-2.4354,-9.8551,167.298,2.330,-1.6080,11.247,0.0918,0.0194,0.0610,3.1401,2.3248,2.3279,nan,2.4470,2.5400,0.1006,-0.4652,1.2786,0.0131,-0.0317,-0.8604,14.5889,0.0538,0.5399
5.050,11.239,-1.7064,-6.6040,166.957,-1.8475,-6.6595,161.295,0.1249,0.0859,0.1516,-5.661,1.3515,3.0314,-3.791,-2.5707,-9.8237,162.606,2.377,-1.7067,11.386,0.0887,0.0111,0.0589,5.3288,2.3438,2.3655,nan,2.5049,2.5637,0.1015,-0.4749,1.2891,0.0119,-0.0028,-0.8638,14.7278,0.0340,0.7164
5.100,11.385,-1.8470,-6.5637,160.808,-1.9918,-6.5924,155.374,0.1273,0.0747,0.1476,-5.434,1.3456,3.0339,-3.782,-2.7138,-9.7739,157.057,2.416,-1.7941,11.538,0.0844,0.0116,0.0647,5.5878,2.3136,2.3278,nan,2.5751,2.6450,0.1048,-0.4793,1.2725,0.0148,0.0725,-0.8025,14.9362,0.0404,0.1530
5.150,11.521,-1.9730,-6.5127,154.962,-2.1187,-6.5307,150.130,0.1244,0.0780,0.1468,-4.832,1.3678,3.0298,-3.818,-2.8440,-9.7211,151.780,2.443,-1.8419,11.678,0.0867,0.0145,0.0786,5.4179,2.5184,2.6062,nan,2.6056,2.5543,0.1012,-0.4837,1.3000,0.0243,0.0694,-0.7671,15.0752,-0.0297,-0.0274
5.200,11.657,-2.0931,-6.4492,149.079,-2.2420,-6.4456,144.520,0.1296,0.0734,0.1489,-4.558,1.3678,3.0298,-3.818,-2.9654,-9.6484,146.397,2.483,-1.8868,11.820,0.0828,0.0137,0.0738,5.3806,2.4815,2.4961,nan,2.6521,2.6791,0.1061,-0.4792,1.3000,0.0408,0.0778,-0.7410,15.2141,0.0156,0.7205
5.250,11.657,-2.0931,-6.4492,149.079,-2.2473,-6.4332,138.664,0.1405,0.0656,0.1551,-10.415,1.3651,3.0351,-3.773,-2.9654,-9.6484,140.994,2.483,-1.8868,11.820,0.0828,0.0137,0.0566,4.1274,2.5306,2.5597,nan,2.6999,2.7458,0.1087,-0.4761,1.3000,0.0537,0.0770,-0.7221,15.3531,0.0266,-1.7177
5.300,11.799,-2.2115,-6.3695,142.826,-2.3629,-6.3311,132.774,0.1439,0.0609,0.1562,-10.051,1.3515,3.0425,-3.628,-3.0814,-9.5604,135.522,2.462,-1.8638,11.966,0.0769,0.0162,0.0641,3.9608,2.5382,2.5597,nan,2.7224,2.7976,0.1108,-0.3981,1.3000,0.0249,0.0248,-0.7188,15.4225,0.0435,-1.7177
5.350,11.931,-2.3126,-6.2848,137.112,-2.4620,-6.2263,127.130,0.1493,0.0589,0.1604,-9.982,1.3224,3.0550,-3.406,-3.1828,-9.4663,130.172,2.515,-1.8920,12.104,0.0736,0.0197,0.0747,3.7907,2.5566,2.5801,nan,2.7628,2.8191,0.1116,-0.3925,1.3000,0.0368,0.0215,-0.6844,15.5615,0.0326,0.9258
5.400,12.077,-2.4138,-6.1805,130.901,-2.5530,-6.1008,122.047,0.1514,0.0530,0.1604,-8.854,1.1568,3.1090,-2.349,-3.2827,-9.3509,125.216,2.589,-1.6827,12.257,0.0697,0.0290,0.0925,3.1932,2.5255,2.5412,nan,2.7927,2.8910,0.1145,-0.3740,1.3000,0.0477,0.0135,-0.6592,15.7004,0.0569,1.0549
5.450,12.219,-2.5024,-6.0688,125.884,-2.6265,-5.9637,117.440,0.1579,0.0390,0.1626,-8.444,1.0539,3.1403,-1.711,-3.3698,-9.2305,120.969,2.679,-1.5816,12.405,0.0672,0.0267,0.0784,2.9317,2.7005,2.7732,nan,2.8904,2.9377,0.1163,-0.3965,1.3000,0.0629,0.0359,-0.6402,15.8393,0.0274,3.3110
5.500,12.371,-2.5862,-5.9420,120.763,-2.6932,-5.8170,112.498,0.1622,0.0280,0.1646,-8.265,0.9273,3.1766,-0.896,-3.4502,-9.0955,116.258,2.741,-1.6553,12.562,0.0639,0.0325,0.0946,2.9093,2.6985,2.7198,nan,2.9689,3.0888,0.1223,-0.4018,1.3000,0.0709,0.0535,-0.6245,15.9783,0.0694,1.5513
5.550,12.523,-2.6580,-5.8081,115.344,-2.7539,-5.6680,107.181,0.1676,0.0267,0.1697,-8.163,1.0203,3.1451,-1.435,-3.5177,-8.9529,110.965,2.789,-1.7563,12.720,0.0609,0.0418,0.1072,2.5672,2.7358,2.7644,nan,3.0968,3.2287,0.1279,-0.3782,1.3000,0.0841,0.0858,-0.5725,16.1867,0.0763,0.3380
5.600,12.682,-2.7192,-5.6613,109.613,-2.7902,-5.5066,102.273,0.1696,0.0149,0.1702,-7.340,0.9659,3.1631,-1.072,-3.5742,-8.7944,106.078,2.893,-1.7335,12.888,0.0602,0.0530,0.1102,2.0779,2.8656,2.9201,nan,3.1868,3.2544,0.1289,-0.3605,1.3000,0.1057,0.0594,-0.5293,16.3256,0.0391,1.7555
5.650,12.845,-2.7669,-5.5059,104.108,-2.8210,-5.3382,97.324,0.1759,0.0116,0.1762,-6.784,0.8249,3.2212,-0.140,-3.6243,-8.6295,101.118,3.009,-1.7203,13.061,0.0668,0.0609,0.1181,1.9376,2.8832,2.9094,nan,3.2800,3.3825,0.1340,-0.3461,1.3000,0.1143,0.0467,-0.4892,16.4646,0.0593,2.7369
5.700,13.015,-2.8010,-5.3386,98.590,-2.8311,-5.1611,92.315,0.1800,0.0032,0.1800,-6.275,0.8838,3.2087,-0.539,-3.6509,-8.4535,96.027,3.088,-1.6860,13.239,0.0659,0.0519,0.1083,2.0851,3.0529,3.1276,nan,3.4752,3.5717,0.1415,-0.3248,1.3000,0.1335,0.0577,-0.4335,16.6730,0.0559,1.7422
5.750,13.191,-2.8195,-5.1637,93.164,-2.8248,-4.9789,87.625,0.1848,-0.0049,0.1849,-5.540,0.8838,3.2087,-0.539,-3.6611,-8.2685,91.180,3.193,-1.6422,13.424,0.0676,0.0569,0.1122,1.9712,3.2220,3.2986,nan,3.5772,3.6075,0.1429,-0.3115,1.3000,0.1442,0.0316,-0.3985,16.8119,0.0175,2.2015
5.800,13.191,-2.8195,-5.1637,93.164,-2.8276,-4.9867,83.340,0.1772,-0.0017,0.1772,-9.824,0.8826,3.2127,-0.507,-3.6611,-8.2685,86.490,3.193,-1.6422,13.424,0.0676,0.0569,0.1029,1.8088,3.2911,3.3318,nan,3.7356,3.8109,0.1509,-0.2784,1.3000,0.1512,0.0319,-0.3483,17.0203,0.0436,2.9985
5.850,13.371,-2.8219,-4.9843,87.951,-2.8277,-4.8148,79.772,0.1692,0.0119,0.1696,-8.179,0.8219,3.2193,-0.104,-3.6543,-8.0784,82.023,3.321,-1.6263,13.614,0.0718,0.0621,0.1072,1.7258,3.3031,3.3318,nan,3.7356,3.8018,0.1506,-0.1979,1.3000,0.1279,-0.0429,-0.3483,17.0203,0.0383,2.9985
5.900,13.559,-2.8072,-4.7961,82.758,-2.8101,-4.6310,76.475,0.1634,0.0237,0.1651,-6.283,0.7644,3.2328,0.273,-3.6293,-7.8820,78.134,3.425,-1.3628,13.812,0.0756,0.0677,0.1218,1.7997,3.2953,3.3207,nan,3.8446,3.9817,0.1577,-0.1890,1.3000,0.1527,-0.0575,-0.3160,17.1593,0.0800,2.0410
5.950,13.753,-2.7771,-4.6049,79.303,-2.7828,-4.4467,75.086,0.1544,0.0349,0.1583,-4.217,0.7912,3.2235,0.072,-3.5914,-7.6813,76.026,3.596,-1.0684,14.017,0.0831,0.0568,0.1144,2.0157,3.5175,3.6347,nan,4.0698,4.1860,0.1658,-0.1998,1.3000,0.1771,-0.0278,-0.2686,17.3677,0.0672,4.1636
6.000,13.974,-2.7295,-4.3886,75.556,-2.7015,-4.2192,71.470,0.1710,0.0151,0.1717,-4.086,0.8514,3.2104,-0.331,-3.5330,-7.4546,72.831,3.775,-1.1697,14.251,0.0924,0.0590,0.1163,1.9711,3.6147,3.6668,nan,4.2430,4.3730,0.1732,-0.2361,1.3000,0.2111,0.0286,-0.2219,17.5761,0.0800,3.9478
6.050,14.202,-2.6656,-4.1698,71.495,-2.6229,-3.9959,67.855,0.1784,0.0147,0.1790,-3.639,0.9911,3.1530,-1.331,-3.4566,-7.2263,69.024,3.937,-1.2541,14.491,0.1023,0.0619,0.1144,1.8478,3.6824,3.7266,nan,4.4168,4.4843,0.1776,-0.1904,1.3000,0.2072,-0.0033,-0.1756,17.7845,0.0800,3.6066
6.100,14.439,-2.5821,-3.9481,66.653,-2.5388,-3.7674,64.484,0.1831,0.0319,0.1858,-2.168,0.9911,3.1530,-1.331,-3.3571,-6.9957,64.978,4.087,-1.2953,14.743,0.1135,0.0500,0.0912,1.8238,3.9779,4.2827,nan,4.6958,4.8504,0.1921,-0.1271,1.3000,0.2151,-0.0345,-0.1141,18.0624,0.0800,2.9986
6.150,14.439,-2.5821,-3.9481,66.653,-2.5437,-3.7603,60.914,0.1877,0.0392,0.1917,-5.739,1.0522,3.1236,-1.793,-3.3571,-6.9957,61.271,4.087,-1.2953,14.743,0.1135,0.0500,0.1014,2.0263,4.0190,4.0602,nan,4.5721,4.5783,0.1813,-0.0564,1.3000,0.2252,-0.0743,-0.0525,18.3403,0.0032,3.6906
6.200,14.681,-2.4792,-3.7294,62.569,-2.4184,-3.5292,57.796,0.2057,0.0382,0.2092,-4.773,1.0698,3.1054,-1.957,-3.2398,-6.7697,58.321,4.237,-1.1214,14.997,0.1245,0.0458,0.1003,2.1917,4.0259,4.0602,nan,4.5721,4.5731,0.1811,0.0111,1.3000,0.2079,-0.1367,-0.0525,18.3403,0.0005,3.6906
6.250,14.926,-2.3614,-3.5149,59.774,-2.2940,-3.3052,57.075,0.2151,0.0473,0.2203,-2.699,1.0873,3.0943,-2.106,-3.1135,-6.5402,57.440,4.461,-0.6753,15.259,0.1414,0.0432,0.0952,2.2045,4.2893,4.5003,nan,4.2830,4.2782,0.1694,0.0902,1.3000,0.1865,-0.1677,0.0092,18.6182,-0.0026,4.9254
6.300,15.176,-2.2344,-3.2997,59.653,-2.1806,-3.1012,60.207,0.1985,0.0538,0.2056,0.554,1.1291,3.0727,-2.482,-2.9872,-6.3245,60.223,4.449,0.1843,15.509,0.1417,0.0418,0.0813,1.9469,4.5261,4.7118,nan,3.9555,3.9122,0.1549,0.1143,1.3000,0.1784,-0.1468,0.0711,18.8961,-0.0250,0.0543
6.350,15.416,-2.1151,-3.0912,61.403,-2.0789,-2.9038,63.483,0.1819,0.0580,0.1909,2.079,1.0725,3.1058,-1.962,-2.8733,-6.1230,63.239,4.301,0.6326,15.741,0.1333,0.0401,0.0812,2.0244,4.4376,4.4602,nan,3.7819,3.8263,0.1515,0.0317,1.3000,0.1986,-0.0258,0.1176,19.1045,0.0257,-3.5415
6.400,15.653,-2.0052,-2.8815,63.730,-1.9758,-2.7042,64.915,0.1720,0.0521,0.1797,1.185,1.0112,3.1546,-1.358,-2.7754,-5.9246,64.863,4.040,0.4358,15.962,0.1191,0.0365,0.0704,1.9260,4.2977,4.3067,nan,3.6783,3.6965,0.1464,-0.0223,1.3000,0.2208,0.0468,0.1642,19.3129,0.0105,-5.9322
6.450,15.870,-1.9099,-2.6858,64.367,-1.8702,-2.5116,64.112,0.1742,0.0395,0.1786,-0.255,1.0041,3.1561,-1.313,-2.6852,-5.7367,64.376,3.886,0.0044,16.170,0.1103,0.0313,0.0591,1.8869,4.0308,3.9957,nan,3.5499,3.6180,0.1433,0.0324,1.3000,0.2204,0.0131,0.2106,19.5213,0.0394,-3.6063
6.500,16.083,-1.8173,-2.4941,64.018,-1.7458,-2.3358,63.043,0.1736,0.0051,0.1737,-0.975,0.9910,3.1654,-1.188,-2.5959,-5.5535,64.083,3.732,0.0341,16.374,0.1013,0.0272,0.0508,1.8694,3.7387,3.6833,nan,3.5291,3.5626,0.1411,0.1648,1.3000,0.1906,-0.0929,0.2574,19.7297,0.0800,-3.8560
6.550,16.289,-1.7278,-2.3088,64.601,-1.6335,-2.1650,63.490,0.1704,-0.0235,0.1720,-1.111,0.9364,3.2120,-0.622,-2.5104,-5.3733,65.073,3.622,0.3373,16.574,0.0954,0.0239,0.0350,1.4642,3.6571,3.6745,nan,3.5915,3.5603,0.1410,0.2783,1.3000,0.1243,-0.1671,0.3049,19.9381,0.0800,-2.7778
6.600,16.478,-1.6493,-2.1365,67.070,-1.5461,-2.0036,66.461,0.1626,-0.0433,0.1683,-0.609,0.9364,3.2120,-0.622,-2.4379,-5.2019,68.317,3.535,0.9377,16.760,0.0937,0.0193,0.0391,2.0326,3.4215,3.3978,nan,3.6487,3.7415,0.1482,0.3270,1.3000,0.0694,-0.1976,0.3534,20.1465,0.0800,-2.1446
6.650,16.478,-1.6493,-2.1365,67.070,-1.5432,-2.0114,69.010,0.1566,-0.0490,0.1641,1.940,0.8396,3.2816,0.445,-2.4379,-5.2019,71.008,3.535,0.9377,16.760,0.0937,0.0193,0.0230,1.1919,3.5639,3.6330,nan,3.7478,3.8839,0.1538,0.3018,1.3000,0.0314,-0.1370,0.3911,20.2855,0.0800,-1.3523
6.700,16.678,-1.5772,-1.9506,71.513,-1.4610,-1.8309,75.248,0.1504,-0.0722,0.1668,3.735,0.9249,3.2438,-0.440,-2.3672,-5.0147,77.417,3.479,1.5730,16.960,0.0947,0.0194,0.0424,2.1851,3.5976,3.6330,nan,3.7478,3.8620,0.1530,0.2574,1.3000,0.0419,-0.0925,0.3911,20.2855,0.0661,-1.3523
6.750,16.881,-1.5212,-1.7550,77.251,-1.3980,-1.6295,79.943,0.1496,-0.0925,0.1759,2.693,0.8772,3.2896,0.094,-2.3203,-4.8076,82.402,3.549,1.4750,17.172,0.1057,0.0234,0.0663,2.8370,3.4638,3.4698,nan,3.8202,3.9573,0.1567,0.1591,1.3000,0.0249,0.0028,0.3532,20.4939,0.0794,0.8060
6.800,17.069,-1.4860,-1.5709,81.527,-1.3756,-1.4267,83.497,0.1589,-0.0880,0.1816,1.970,0.8654,3.2814,0.150,-2.2914,-4.6136,85.460,3.655,1.2131,17.368,0.1157,0.0200,0.0755,3.7778,3.7233,3.8947,nan,3.9762,3.9850,0.1578,0.1604,1.3000,-0.0005,0.0047,0.3209,20.7023,0.0051,2.8587
6.850,17.273,-1.4607,-1.3676,84.472,-1.3619,-1.1949,85.817,0.1814,-0.0817,0.1990,1.345,0.8906,3.2370,-0.268,-2.2709,-4.4021,87.235,3.771,0.9357,17.581,0.1242,0.0064,0.0708,11.0199,3.5961,3.6049,nan,4.1013,4.1998,0.1663,0.1630,1.3000,-0.0000,-0.0231,0.2900,20.9107,0.0800,3.1985
6.900,17.487,-1.4453,-1.1549,87.512,-1.3518,-0.9741,88.737,0.1847,-0.0855,0.2035,1.225,0.8762,3.2384,-0.118,-2.2614,-4.1832,90.060,3.844,0.9726,17.800,0.1310,0.0058,0.0838,14.4812,3.7714,3.8593,nan,4.2771,4.4118,0.1747,0.2053,1.3000,-0.0181,-0.0854,0.2506,21.1886,0.0761,1.4806
6.950,17.724,-1.4418,-0.9181,91.483,-1.3565,-0.7176,92.469,0.1983,-0.0904,0.2179,0.986,0.8175,3.2721,0.618,-2.2680,-3.9295,93.698,4.048,1.2901,18.054,0.1492,0.0120,0.1031,8.6075,3.8703,3.9253,nan,4.4145,4.5554,0.1804,0.2028,1.3000,-0.0395,-0.0800,0.2217,21.3970,0.0772,3.0722
7.000,17.962,-1.4560,-0.6798,95.844,-1.3885,-0.4544,97.024,0.2173,-0.0901,0.2353,1.180,0.8590,3.2348,0.015,-2.2934,-3.6809,97.903,4.167,1.3267,18.304,0.1615,0.0018,0.0901,51.2345,3.8392,3.8656,nan,4.6036,4.5755,0.1812,0.1494,1.3000,-0.0564,-0.0394,0.1840,21.6749,0.0800,2.6449
7.050,18.199,-1.4878,-0.4451,100.091,-1.4530,-0.1872,101.371,0.2478,-0.0795,0.2603,1.280,0.8590,3.2348,0.015,-2.3369,-3.4366,101.499,4.286,1.1134,18.552,0.1738,0.0045,0.0880,19.7519,4.0799,4.7192,nan,4.8453,4.8754,0.1931,0.0968,1.3000,-0.0587,-0.0022,0.1467,21.9528,0.0800,1.1502
7.100,18.199,-1.4878,-0.4451,100.091,-1.4580,-0.1738,104.789,0.2618,-0.0769,0.2729,4.699,0.8525,3.2320,-0.034,-2.3369,-3.4366,104.690,4.286,1.1134,18.552,0.1738,0.0045,0.0832,18.6744,4.3292,4.5156,nan,5.0381,5.1815,0.2052,0.0465,1.3000,-0.0410,0.0167,0.1097,22.2307,0.0800,2.3474
7.150,18.442,-1.5364,-0.2074,103.263,-1.4991,0.0767,105.812,0.2679,-0.1015,0.2865,2.548,0.7985,3.2705,0.782,-2.3946,-3.1919,106.107,4.385,0.7709,18.803,0.1832,0.0063,0.1073,16.9287,4.4397,4.5156,nan,5.1325,5.2971,0.2098,-0.0284,1.3000,-0.0147,0.0691,0.1005,22.3001,0.0775,2.3474
7.200,18.689,-1.5972,0.0319,105.381,-1.5791,0.3458,107.312,0.2978,-0.1007,0.3144,1.931,0.7293,3.3180,1.777,-2.4595,-2.9378,107.208,4.578,0.5279,19.066,0.1985,0.0080,0.1124,14.0174,4.3392,4.3582,nan,5.2242,5.2229,0.2068,0.0077,1.3000,-0.0436,0.0346,0.0728,22.5085,0.0800,4.6621
7.250,18.953,-1.6685,0.2866,105.299,-1.6624,0.6109,105.274,0.3112,-0.0914,0.3243,-0.025,0.6903,3.3315,2.384,-2.5354,-2.6610,105.169,4.840,-0.0411,19.353,0.2209,0.0083,0.1181,14.1857,4.6020,4.8487,nan,5.2143,5.2865,0.2094,-0.0067,1.3000,-0.0438,0.0193,0.0265,22.8559,0.0327,5.6764
7.300,19.223,-1.7402,0.5469,105.444,-1.7308,0.8586,105.109,0.2980,-0.0921,0.3119,-0.335,0.6812,3.3378,2.724,-2.6101,-2.3905,105.375,4.965,-0.0245,19.633,0.2316,0.0019,0.1074,58.0245,4.8795,5.2332,nan,4.9408,4.9611,0.1965,0.0785,1.3000,-0.0714,-0.0755,-0.0104,23.1338,-0.0800,3.0078
7.350,19.504,-1.8148,0.8175,105.290,-1.8133,1.1311,105.388,0.3021,-0.0841,0.3136,0.097,0.6825,3.3419,2.622,-2.6859,-2.1133,105.518,5.035,0.0905,19.921,0.2383,0.0044,0.1036,23.2890,4.9227,4.9876,nan,4.6176,4.5289,0.1794,0.0622,1.3000,-0.0900,-0.0687,-0.0473,23.4117,-0.0800,2.1009
7.400,19.777,-1.8898,1.0807,106.974,-1.9152,1.3846,108.509,0.2980,-0.0644,0.3049,1.535,0.6877,3.3406,2.547,-2.7638,-1.8584,108.122,4.915,0.5098,20.187,0.2313,0.0117,0.0868,7.4442,5.0736,5.2015,nan,4.3756,4.4285,0.1754,0.0124,1.3000,-0.0965,-0.0340,-0.0842,23.6896,0.0284,-2.3073
7.450,20.045,-1.9707,1.3357,108.420,-1.9945,1.6170,109.135,0.2744,-0.0663,0.2823,0.715,0.7113,3.3093,2.282,-2.8430,-1.6204,108.850,4.666,0.2316,20.438,0.2146,0.0165,0.0737,4.4798,4.8826,4.8735,nan,4.2038,4.2157,0.1670,-0.1594,1.3000,-0.0468,0.0909,-0.1212,23.9674,0.0066,-6.0399
7.500,20.297,-2.0509,1.5741,108.695,-2.0641,1.8405,108.641,0.2566,-0.0729,0.2667,-0.053,0.7240,3.2988,2.230,-2.9198,-1.3934,108.650,4.488,-0.0284,20.678,0.2027,0.0024,0.0524,21.7816,4.5373,4.4140,nan,4.0400,4.1483,0.1643,-0.1984,1.3000,-0.0297,0.1022,-0.1490,24.1758,0.0627,-4.1665
7.550,20.537,-2.1255,1.8029,106.337,-2.1463,2.0591,105.143,0.2517,-0.0521,0.2571,-1.194,0.7240,3.2988,2.230,-2.9844,-1.1732,104.876,4.281,-1.1418,20.907,0.1914,0.0038,0.0441,11.6350,4.3612,4.3600,nan,3.9349,4.0572,0.1607,-0.2230,1.3000,-0.0208,0.1015,-0.1769,24.3843,0.0708,-4.6880
7.600,20.537,-2.1255,1.8029,106.337,-2.1817,2.0557,102.645,0.2584,-0.0171,0.2589,-3.692,0.7554,3.2512,1.567,-2.9844,-1.1732,101.611,4.281,-1.1418,20.907,0.1914,0.0038,0.0411,10.8358,4.1606,4.1528,nan,3.7830,3.9050,0.1547,-0.1267,1.3000,-0.0122,-0.0311,-0.2051,24.5927,0.0706,-3.9260
7.650,20.776,-2.1859,2.0343,102.131,-2.2782,2.2756,99.020,0.2553,0.0396,0.2584,-3.110,0.7622,3.2338,1.888,-3.0333,-0.9455,97.135,4.127,-1.3594,21.140,0.1846,0.0065,0.0361,5.5838,4.1243,4.1528,nan,3.7830,3.9063,0.1547,-0.0979,1.3000,0.0050,-0.0747,-0.2051,24.5927,0.0800,-3.9260
7.700,21.004,-2.2262,2.2583,97.637,-2.3490,2.4782,96.174,0.2343,0.0925,0.2519,-1.463,0.7675,3.2284,1.970,-3.0718,-0.7251,93.760,4.015,-1.1254,21.364,0.1807,0.0114,0.0517,4.5133,3.9923,4.0031,nan,3.6373,3.7422,0.1482,-0.1058,1.3000,0.0395,-0.1140,-0.2336,24.8011,0.0607,-3.2118
7.750,21.218,-2.2510,2.4710,95.622,-2.3827,2.6736,96.423,0.2145,0.1112,0.2416,0.801,0.7762,3.2076,1.914,-3.0921,-0.5182,93.708,3.909,-0.6307,21.572,0.1740,0.0109,0.0982,8.9963,4.0946,4.1545,nan,3.4969,3.3864,0.1341,-0.1702,1.3000,0.0682,-0.0886,-0.2626,25.0095,-0.0640,-2.3646
7.800,21.429,-2.2684,2.6810,93.626,-2.4084,2.8829,94.392,0.2103,0.1269,0.2457,0.766,0.7926,3.1666,1.282,-3.1085,-0.3160,91.758,3.765,-0.6448,21.775,0.1661,0.0044,0.1199,27.0901,3.7446,3.6334,nan,3.4511,3.5529,0.1407,-0.2832,1.3000,0.0902,0.0031,-0.2824,25.1484,0.0590,-3.7260
7.850,21.631,-2.2769,2.8832,90.701,-2.4155,3.0754,90.654,0.1938,0.1362,0.2369,-0.047,0.8031,3.1344,1.002,-3.1108,-0.1266,88.091,3.508,-1.0251,21.964,0.1523,0.0050,0.1116,22.1913,3.8235,3.8720,nan,3.2728,3.1461,0.1246,-0.3324,1.3000,0.1023,0.0504,-0.3234,25.4263,-0.0733,-6.3222
7.900,21.822,-2.2732,3.0744,86.249,-2.3946,3.2553,85.336,0.1725,0.1330,0.2178,-0.913,0.8074,3.1144,0.403,-3.0983,0.0639,82.969,3.436,-1.5540,22.155,0.1499,0.0059,0.0852,14.3850,3.4823,3.3779,nan,3.2294,3.3146,0.1313,-0.3006,1.3000,0.0927,-0.0064,-0.3449,25.5653,0.0493,-1.2137
7.950,22.007,-2.2536,3.2580,80.880,-2.3587,3.4201,79.967,0.1434,0.1295,0.1932,-0.913,0.8098,3.0935,0.202,-3.0704,0.2377,77.716,3.197,-1.6176,22.331,0.1389,0.0102,0.0663,6.5150,3.3214,3.3202,nan,3.1444,3.2739,0.1297,-0.2221,1.3000,0.0587,-0.1027,-0.3671,25.7042,0.0750,-6.2895
8.000,22.186,-2.2183,3.4337,76.085,-2.2997,3.5885,76.037,0.1307,0.1163,0.1749,-0.048,0.8104,3.0749,-0.408,-3.0268,0.4138,74.127,3.203,-1.2353,22.512,0.1387,0.0060,0.0890,14.8625,3.3046,3.3286,nan,3.0230,3.0549,0.1210,-0.1894,1.3000,0.0196,-0.1226,-0.4022,25.9126,0.0185,-0.7587
8.050,22.362,-2.1709,3.6034,72.603,-2.2320,3.7390,73.048,0.1111,0.0989,0.1488,0.445,0.8104,3.0749,-0.408,-2.9741,0.5819,71.363,3.189,-0.9647,22.689,0.1368,0.0103,0.0797,7.7536,3.2045,3.2151,nan,2.9501,2.9911,0.1185,-0.2283,1.3000,-0.0210,-0.0954,-0.4273,26.0515,0.0238,0.7158
8.100,22.362,-2.1709,3.6034,72.603,-2.2284,3.7150,70.507,0.0893,0.0882,0.1255,-2.096,0.8195,3.0961,-0.302,-2.9741,0.5819,68.598,3.189,-0.9647,22.689,0.1368,0.0103,0.0494,4.8078,3.1691,3.1895,nan,2.8730,2.8704,0.1137,-0.2701,1.3000,-0.0571,-0.0593,-0.4538,26.1905,-0.0015,-3.3377
8.150,22.537,-2.1146,3.7687,69.643,-2.1743,3.8665,67.916,0.0709,0.0899,0.1145,-1.727,0.8265,3.1282,0.268,-2.9195,0.7418,65.955,3.058,-0.9833,22.858,0.1315,0.0185,0.0625,3.3725,3.1647,3.1895,nan,2.8730,2.8738,0.1138,-0.2070,1.3000,-0.0825,-0.1036,-0.4538,26.1905,0.0004,-3.3377
8.200,23.043,-2.6077,3.6541,94.617,-2.1833,4.0090,96.187,0.3196,-0.4515,0.5532,1.571,0.8244,3.2034,1.756,-2.9323,0.9002,94.302,0.269,-0.0900,23.017,0.6244,0.0092,0.2949,31.9123,2.9785,2.9669,nan,2.8334,2.9318,0.1161,-0.2426,1.3000,-0.0927,-0.0857,-0.4822,26.3294,0.0569,-3.2037
8.250,23.068,-2.6093,3.6789,94.144,-2.1753,4.1574,94.717,0.4459,-0.4675,0.6460,0.573,0.8346,3.2925,3.664,-2.9449,1.0570,93.435,0.584,-0.2232,23.174,0.7097,0.0109,0.2972,27.1912,0.2264,2.9154,nan,3.1444,0.5464,0.0216,-0.8185,0.8000,-0.0169,0.4321,-0.4538,26.1905,0.0800,7.0866
8.300,23.108,-2.6116,3.7188,93.255,-2.1723,4.2854,93.306,0.5408,-0.4707,0.7169,0.051,0.8420,3.4342,6.114,-2.9531,1.2010,92.273,0.827,-0.3550,23.318,0.7878,0.0095,0.2895,30.5222,0.4500,2.8306,nan,3.0230,0.7700,0.0305,-0.9305,0.8000,0.0380,0.4581,-0.4822,26.3294,0.0800,5.1023
8.350,23.146,-2.6131,3.7565,91.781,-2.1595,4.3260,90.887,0.5552,-0.4710,0.7281,-0.894,0.8445,3.5871,8.960,-2.9542,1.2352,90.338,0.602,-0.5983,23.352,0.7852,0.0089,0.2979,33.3907,0.6697,2.5283,nan,2.9501,0.9897,0.0392,-0.9961,0.8000,0.0993,0.4894,-0.5125,26.4684,0.0800,-7.3018
8.400,23.181,-2.6133,3.7914,89.209,-2.1505,4.3586,87.177,0.5735,-0.4549,0.7321,-2.032,0.8445,3.5871,8.960,-2.9537,1.2722,86.911,0.676,-1.0557,23.389,0.7874,0.0075,0.2985,39.6850,0.6116,0.6081,nan,2.9118,0.9316,0.0369,-0.9942,0.8000,0.1014,0.4590,-0.5301,26.5378,0.0800,4.1191
8.450,23.224,-2.6110,3.8342,85.001,-2.1353,4.4146,82.200,0.6196,-0.4233,0.7504,-2.801,0.8387,3.6824,10.477,-2.9492,1.3239,82.360,0.804,-1.3727,23.441,0.7960,0.0060,0.2986,50.0515,0.6711,0.6859,nan,2.9118,0.9911,0.0393,-0.8996,0.8000,0.1083,0.3485,-0.5301,26.5378,0.0800,0.0694
8.500,23.267,-2.6053,3.8776,80.752,-2.1180,4.4753,78.413,0.6682,-0.3850,0.7712,-2.340,0.8387,3.6824,10.477,-2.9414,1.3718,78.769,0.829,-1.2659,23.490,0.8008,0.0107,0.2897,26.9961,0.8836,0.9525,nan,2.8334,1.2036,0.0477,-0.8493,0.8000,0.1264,0.2672,-0.5415,26.6073,0.0800,-0.0018
8.550,23.317,-2.5951,3.9266,76.428,-2.1041,4.5383,74.735,0.7099,-0.3337,0.7844,-1.693,0.8387,3.6824,10.477,-2.9284,1.4257,74.820,0.910,-1.3097,23.545,0.8064,0.0094,0.2842,30.1962,0.8612,0.8649,nan,2.7930,1.1812,0.0468,-0.8304,0.8000,0.1382,0.2499,-0.5554,26.6768,0.0800,1.9926
8.600,23.317,-2.5951,3.9266,76.428,-2.1190,4.5398,71.738,0.7078,-0.3189,0.7764,-4.690,0.8284,3.7492,11.559,-2.9284,1.4257,71.065,0.910,-1.3097,23.545,0.8064,0.0094,0.2764,29.3738,0.9632,0.9895,nan,2.7519,1.2832,0.0508,-0.8718,0.8000,0.1606,0.2204,-0.5697,26.7463,0.0800,3.6824
8.650,23.372,-2.5803,3.9788,72.001,-2.1353,4.5974,68.704,0.7259,-0.2321,0.7621,-3.297,0.8284,3.7492,11.559,-2.9089,1.4856,66.594,1.040,-1.4346,23.608,0.8154,0.0089,0.2556,28.6276,0.9794,0.9895,nan,2.7519,1.2994,0.0515,-0.8200,0.8000,0.1693,0.1681,-0.5697,26.7463,0.0800,3.6824
8.700,23.429,-2.5602,4.0326,67.473,-2.1476,4.6485,66.129,0.7270,-0.1451,0.7413,-1.344,0.8185,3.7133,11.685,-2.8854,1.5423,62.260,1.086,-1.4830,23.670,0.8198,0.0087,0.2378,27.3484,1.1001,1.1333,nan,2.7102,1.4201,0.0562,-0.7958,0.8000,0.2143,0.1428,-0.5851,26.8157,0.0800,0.9750
8.750,23.492,-2.5335,4.0895,62.581,-2.1636,4.7248,63.623,0.7343,-0.0358,0.7352,1.042,0.8185,3.7133,11.685,-2.8532,1.6043,57.625,1.162,-1.5419,23.739,0.8270,0.0088,0.2285,25.8663,1.1152,1.1261,nan,2.7102,1.4352,0.0568,-0.8145,0.8000,0.2509,0.0930,-0.5851,26.8157,0.0800,1.4991
8.801,23.560,-2.4996,4.1482,57.444,-2.1878,4.7979,61.125,0.7155,0.0868,0.7207,3.681,0.8193,3.6729,11.747,-2.8154,1.6700,52.598,1.245,-1.6701,23.815,0.8351,0.0137,0.2213,16.1895,1.2309,1.2639,nan,2.6275,1.5509,0.0614,-0.8792,0.8000,0.3088,0.0846,-0.6015,26.8852,0.0800,2.2218
8.850,23.622,-2.4640,4.1990,52.647,-2.1643,4.8581,56.951,0.7058,0.1617,0.7241,4.304,0.8193,3.6729,11.747,-2.7741,1.7242,47.991,1.281,-1.7428,23.883,0.8411,0.0158,0.2323,14.6789,1.3364,1.3669,nan,2.6275,1.6564,0.0656,-0.9205,0.8000,0.3712,0.0281,-0.6015,26.8852,0.0800,0.2009
8.900,23.702,-2.4114,4.2602,45.849,-2.1389,4.9453,51.418,0.6814,0.2817,0.7373,5.569,0.8230,3.5961,11.921,-2.7096,1.7906,41.416,1.329,-2.0135,23.976,0.8523,0.0178,0.2554,14.3783,1.2637,1.2625,nan,2.5896,1.5837,0.0627,-0.8510,0.8000,0.3836,-0.0096,-0.6191,26.9547,0.0800,0.5752
8.950,23.779,-2.3551,4.3118,39.062,-2.0933,5.0184,45.846,0.6486,0.3837,0.7536,6.784,0.8156,3.4921,11.718,-2.6402,1.8469,35.369,1.402,-2.0030,24.065,0.8639,0.0224,0.2873,12.8402,1.4976,1.5899,nan,2.5596,1.8176,0.0720,-0.8136,0.8237,0.4164,-0.0895,-0.6381,27.0241,0.0800,0.5534
9.000,23.860,-2.2888,4.3594,32.448,-2.0444,5.0859,41.027,0.5960,0.4820,0.7665,8.578,0.8156,3.4921,11.718,-2.5640,1.8954,30.037,1.427,-1.9528,24.156,0.8705,0.0194,0.3473,17.8684,1.5678,1.5925,nan,2.5326,1.8878,0.0748,-0.7744,0.8623,0.4247,-0.1407,-0.6589,27.0936,0.0800,0.3588
9.050,23.860,-2.2888,4.3594,32.448,-2.0633,5.0924,35.996,0.5835,0.4976,0.7668,3.548,0.8171,3.3544,12.004,-2.5640,1.8954,24.438,1.427,-1.9528,24.156,0.8705,0.0194,0.3511,18.0655,1.4876,1.4874,nan,2.5060,1.8076,0.0716,-0.8011,0.8182,0.4313,-0.1732,-0.6815,27.1631,0.0800,2.9168
9.100,23.956,-2.2047,4.4056,25.004,-1.9768,5.1475,29.888,0.5201,0.5760,0.7761,4.884,0.8216,3.2561,13.259,-2.4622,1.9428,18.294,1.564,-2.0122,24.268,0.8822,0.0189,0.3902,20.6979,1.4772,1.4874,nan,2.5060,1.7972,0.0712,-0.6896,0.8125,0.4354,-0.2610,-0.6815,27.1631,0.0800,2.9168
9.150,24.050,-2.1179,4.4400,18.188,-1.8945,5.1698,24.063,0.4400,0.6236,0.7632,5.875,0.8098,3.1252,13.234,-2.3618,1.9758,12.378,1.653,-1.9053,24.374,0.8896,0.0229,0.4431,19.3922,1.6886,1.7665,nan,2.4688,2.0086,0.0796,-0.4817,0.9288,0.4070,-0.3252,-0.7075,27.2326,0.0800,1.8795
9.200,24.668,-2.4344,4.9708,53.794,-1.8539,5.2547,65.423,0.5720,-0.3007,0.6462,11.629,0.8007,3.0654,13.067,-2.3038,2.0550,53.732,0.057,-0.0246,24.472,0.9619,0.8155,0.7387,0.9058,1.8641,1.9266,nan,2.4417,2.1841,0.0865,-0.3904,1.0253,0.3586,-0.3662,-0.7352,27.3020,0.0800,2.1407
9.251,24.686,-2.4243,4.9854,53.019,-1.8075,5.3160,64.065,0.6351,-0.2939,0.6998,11.046,0.8517,3.1808,15.353,-2.2372,2.1434,52.318,0.481,-0.3068,24.583,1.0368,0.0146,0.3101,21.2166,0.2251,1.6611,nan,2.5326,0.5451,0.0216,-1.0000,0.8000,0.4504,0.5438,-0.7352,27.3020,0.0800,13.0013
9.300,24.720,-2.4030,5.0125,51.782,-1.7598,5.4144,62.567,0.7137,-0.2567,0.7585,10.785,0.8517,3.1808,15.353,-2.1705,2.2301,50.819,0.750,-0.4787,24.692,1.0991,0.0168,0.3225,19.2512,0.4501,2.0449,nan,2.4938,0.7701,0.0305,-1.0000,0.8000,0.4860,0.5433,-0.7473,27.3715,0.0800,5.3479
9.350,24.755,-2.3811,5.0392,49.992,-1.7457,5.3766,60.713,0.6669,-0.2698,0.7194,10.721,0.8902,3.2832,17.597,-2.1496,2.2550,48.829,0.564,-0.6914,24.724,1.0975,0.0159,0.3068,19.3378,0.6687,2.0001,nan,2.4688,0.9887,0.0392,-1.0000,0.8000,0.5568,0.5526,-0.7710,27.4410,0.0800,-7.0186
9.400,24.787,-2.3597,5.0633,47.164,-1.7275,5.3282,57.207,0.6241,-0.2835,0.6855,10.043,0.8902,3.2832,17.597,-2.1241,2.2825,45.420,0.662,-1.1576,24.762,1.1026,0.0155,0.2895,18.6243,0.5886,0.5808,nan,2.4688,0.9086,0.0360,-1.0000,0.8000,0.5107,0.4990,-0.7710,27.4410,0.0800,4.0881
9.450,24.830,-2.3294,5.0935,42.908,-1.7017,5.2610,53.101,0.5739,-0.3047,0.6497,10.193,0.8902,3.2832,17.597,-2.0861,2.3178,41.236,0.800,-1.3703,24.814,1.1116,0.0146,0.2724,18.6020,0.6850,0.7076,nan,2.4688,1.0050,0.0398,-1.0000,0.8000,0.4610,0.3912,-0.7710,27.4410,0.0800,4.5349
9.500,24.830,-2.3294,5.0935,42.908,-1.7170,5.1373,49.725,0.4784,-0.3848,0.6140,6.817,0.9124,3.3537,18.527,-2.0861,2.3178,37.310,0.800,-1.3703,24.814,1.1116,0.0146,0.2697,18.4182,0.8832,0.9441,nan,2.4417,1.2032,0.0477,-1.0000,0.8000,0.3937,0.2983,-0.7710,27.4410,0.0800,-0.4163
9.550,24.873,-2.2966,5.1214,38.678,-1.7126,5.0544,46.913,0.4140,-0.4173,0.5878,8.234,0.9124,3.3537,18.527,-2.0491,2.3474,33.657,0.804,-1.3868,24.861,1.1161,0.0148,0.2814,19.0445,0.9296,0.9441,nan,2.4688,1.2496,0.0495,-0.9894,0.8000,0.2915,0.1867,-0.7473,27.3715,0.0800,-0.4163
9.600,24.920,-2.2587,5.1492,34.033,-1.6852,4.9795,42.127,0.3803,-0.4616,0.5980,8.094,0.9428,3.4548,20.532,-2.0036,2.3781,28.899,0.880,-1.5168,24.916,1.1241,0.0162,0.2850,17.5909,0.8256,0.8150,nan,2.4938,1.1456,0.0454,-0.8460,0.8000,0.2119,0.0845,-0.7352,27.3020,0.0800,1.6281
9.650,24.972,-2.2137,5.1766,28.899,-1.6408,4.9778,37.341,0.4054,-0.4509,0.6064,8.442,0.9428,3.4548,20.532,-1.9477,2.4090,24.255,1.019,-1.4957,24.980,1.1356,0.0165,0.2716,16.4877,0.9724,1.0124,nan,2.4938,1.2924,0.0512,-0.6330,0.8000,0.1298,-0.0121,-0.7352,27.3020,0.0800,3.6463
9.700,25.030,-2.1616,5.2023,24.272,-1.6123,5.0238,35.813,0.4274,-0.3885,0.5776,11.542,0.9584,3.5210,22.083,-1.8917,2.4342,20.927,1.069,-1.2574,25.041,1.1391,0.0141,0.2610,18.4826,1.1221,1.1649,nan,2.4688,1.4421,0.0571,-0.5429,0.8000,0.0980,-0.0420,-0.7473,27.3715,0.0800,3.3587
9.750,25.099,-2.0982,5.2279,20.337,-1.5577,5.0699,33.281,0.4519,-0.3360,0.5631,12.944,0.9584,3.5210,22.083,-1.8233,2.4596,17.928,1.236,-1.0724,25.114,1.1438,0.0136,0.2556,18.7538,1.0640,1.0641,nan,2.4417,1.3840,0.0548,-0.6130,0.8000,0.1193,0.0078,-0.7710,27.4410,0.0800,4.6910
9.800,25.169,-2.0313,5.2503,16.841,-1.5173,5.1152,31.119,0.4528,-0.2783,0.5315,14.278,0.9836,3.6359,24.664,-1.7526,2.4810,14.388,1.347,-1.1886,25.188,1.1470,0.0142,0.2465,17.3200,1.2280,1.2773,nan,2.3760,1.5480,0.0613,-0.6730,0.8000,0.1316,0.0359,-0.7790,27.5104,0.0800,3.9161
9.850,25.240,-1.9630,5.2683,12.899,-1.4686,5.1547,27.969,0.4566,-0.2211,0.5073,15.070,0.9836,3.6359,24.664,-1.6826,2.4970,10.372,1.334,-1.3372,25.260,1.1479,0.0144,0.2380,16.4790,1.3503,1.3864,nan,2.3690,1.6703,0.0661,-0.6857,0.8000,0.1523,0.0412,-0.7939,27.5799,0.0800,-1.1065
9.900,25.317,-1.8871,5.2824,8.109,-1.3978,5.2061,24.107,0.4737,-0.1445,0.4952,15.998,0.9836,3.6359,24.664,-1.6005,2.5087,6.079,1.418,-1.5747,25.343,1.1530,0.0169,0.2367,13.9988,1.3453,1.3552,nan,2.3690,1.6653,0.0660,-0.6545,0.8000,0.1634,-0.0286,-0.7939,27.5799,0.0800,1.8568
9.950,25.317,-1.8871,5.2824,8.109,-1.4022,5.2239,20.085,0.4718,-0.1263,0.4884,11.976,0.9794,3.6541,25.055,-1.6005,2.5087,1.558,1.418,-1.5747,25.343,1.1530,0.0169,0.2241,13.2531,1.3611,1.3741,nan,2.4059,1.6811,0.0666,-0.6345,0.8000,0.1797,-0.0640,-0.8120,27.6494,0.0800,1.6215
10.000,25.401,-1.8036,5.2903,2.760,-1.3259,5.2623,15.680,0.4758,-0.0510,0.4785,12.919,0.9794,3.6541,25.055,-1.5096,2.5131,-3.318,1.515,-1.6264,25.434,1.1588,0.0129,0.2296,17.8198,1.3631,1.3741,nan,2.4059,1.6831,0.0667,-0.5626,0.8000,0.1884,-0.1342,-0.8120,27.6494,0.0800,1.6215
10.050,25.495,-1.7095,5.2900,-2.891,-1.2589,5.3085,13.071,0.4491,0.0412,0.4510,15.962,0.9538,3.6240,24.895,-1.4116,2.5082,-7.461,1.570,-1.4610,25.532,1.1609,0.0116,0.2370,20.4066,1.5271,1.5799,nan,2.4721,1.8471,0.0732,-0.5589,0.8399,0.1952,-0.1007,-0.8680,0.0000,0.0800,2.0229
10.100,25.589,-1.6156,5.2811,-7.745,-1.1659,5.3307,8.810,0.4390,0.1098,0.4525,16.555,0.9538,3.6240,24.895,-1.3149,2.4950,-11.820,1.632,-1.4577,25.630,1.1623,0.0160,0.2543,15.8504,1.5968,1.6220,nan,2.5033,1.9933,0.0789,-0.5717,0.8782,0.2205,-0.0713,-0.8239,0.0695,0.0800,2.8095
10.150,25.675,-1.5311,5.2663,-12.129,-1.1063,5.3535,5.647,0.3970,0.1745,0.4337,17.775,0.8779,3.4898,23.182,-1.2263,2.4760,-16.323,1.720,-1.5485,25.720,1.1648,0.0129,0.2775,21.5277,1.7131,1.7511,nan,2.5604,2.2156,0.0877,-0.5411,0.9422,0.2188,-0.0886,-0.8051,0.1389,0.0800,2.3408
10.200,25.779,-1.4309,5.2398,-17.539,-0.9967,5.3632,0.903,0.3768,0.2485,0.4514,18.442,0.8779,3.4898,23.182,-1.1190,2.4421,-21.181,1.857,-1.6248,25.833,1.1692,0.0086,0.3104,36.2712,1.7388,1.7566,nan,2.5859,2.2333,0.0884,-0.5141,0.9564,0.2277,-0.0978,-0.7827,0.2084,0.0800,2.0252
10.250,25.896,-1.3213,5.1992,-23.317,-0.9092,5.3830,-2.090,0.3058,0.3319,0.4513,21.227,0.6675,3.1558,16.336,-1.0015,2.3915,-26.025,2.022,-1.6651,25.961,1.1736,0.0044,0.3591,80.8706,1.8860,1.9364,nan,2.6093,2.3771,0.0941,-0.4586,1.0373,0.2216,-0.1345,-0.7642,0.2779,0.0800,3.6187
10.300,26.011,-1.2174,5.1486,-28.681,-0.8038,5.3828,-6.022,0.2504,0.4040,0.4753,22.659,0.6675,3.1558,16.336,-0.8954,2.3334,-30.686,2.107,-1.5546,26.082,1.1736,0.0132,0.4455,33.7136,2.0453,2.1026,nan,2.6490,2.5214,0.0999,-0.4530,1.1249,0.2373,-0.0868,-0.7329,0.4168,0.0800,2.0351
10.350,26.011,-1.2174,5.1486,-28.681,-0.8123,5.3860,-10.275,0.2415,0.4027,0.4696,18.405,0.4112,2.8971,9.664,-0.8954,2.3334,-35.144,2.107,-1.5546,26.082,1.1736,0.0132,0.4548,34.4160,2.1369,2.1720,nan,2.6866,2.6037,0.1031,-0.4451,1.1753,0.2375,-0.0939,-0.7199,0.4863,0.0800,3.5460
10.400,26.810,-1.1142,5.9405,-0.243,-0.7004,5.4440,23.970,0.4159,-0.4947,0.6463,24.213,0.4885,2.9976,12.115,-0.7637,2.3328,-1.085,0.322,-0.2391,26.213,1.2354,0.0134,0.2971,22.1721,2.1524,2.1720,nan,2.6866,2.6193,0.1037,-0.3663,1.1838,0.2233,-0.1681,-0.7199,0.4863,0.0800,3.5460
10.450,26.835,-1.0893,5.9399,-1.271,-0.5879,5.4899,22.453,0.5113,-0.4388,0.6738,23.724,0.5090,3.0261,12.664,-0.6358,2.3300,-2.566,0.607,-0.3596,26.341,1.3327,0.0132,0.3031,22.9854,0.2272,2.3439,nan,2.5604,0.7034,0.0279,-1.0000,0.8000,0.3174,0.5094,-0.7329,0.4168,0.0800,6.1640
10.500,26.877,-1.0472,5.9383,-2.701,-0.4812,5.5198,20.465,0.5851,-0.3914,0.7039,23.166,0.4486,2.9978,11.242,-0.5036,2.3237,-4.429,0.860,-0.5266,26.474,1.4193,0.0137,0.2984,21.8556,0.4500,2.3888,nan,2.6093,0.9168,0.0363,-1.0000,0.8000,0.3896,0.5226,-0.7199,0.4863,0.0800,5.2439
10.550,26.920,-1.0044,5.9353,-4.893,-0.4422,5.5340,17.543,0.5944,-0.3519,0.6907,22.437,0.4459,3.0168,11.246,-0.4622,2.3202,-7.352,0.718,-0.8734,26.515,1.4181,0.0136,0.2849,21.0004,0.6712,2.3772,nan,2.6490,1.1152,0.0442,-1.0000,0.8000,0.4513,0.5698,-0.6996,0.6252,0.0800,-6.4591
10.600,26.961,-0.9639,5.9306,-8.454,-0.4138,5.4589,11.341,0.6135,-0.3857,0.7246,19.795,0.4459,3.0168,11.246,-0.4157,2.3133,-11.953,0.783,-1.3618,26.562,1.4244,0.0135,0.2515,18.6765,0.7047,0.7153,nan,2.6490,1.1488,0.0455,-1.0000,0.8000,0.4743,0.4841,-0.6996,0.6252,0.0800,3.0169
10.650,27.009,-0.9165,5.9214,-13.232,-0.3571,5.4628,6.589,0.6495,-0.3184,0.7233,19.821,0.2910,2.9277,7.573,-0.3586,2.2999,-16.593,0.914,-1.5744,26.621,1.4350,0.0162,0.2409,14.8573,0.8325,0.8650,nan,2.6866,1.2653,0.0501,-1.0000,0.8000,0.4090,0.3753,-0.6905,0.6947,0.0800,3.6774
10.700,27.061,-0.8667,5.9072,-18.346,-0.2782,5.3412,-2.653,0.7367,-0.3520,0.8165,15.693,0.2910,2.9277,7.573,-0.3019,2.2810,-21.552,0.961,-1.6506,26.681,1.4431,0.0206,0.2558,12.3914,0.9791,1.0191,nan,2.6866,1.4120,0.0559,-1.0000,0.8000,0.4300,0.2711,-0.6905,0.6947,0.0800,1.1810
10.750,27.117,-0.8139,5.8867,-23.954,-0.2011,5.1701,-13.981,0.8509,-0.4061,0.9429,9.973,0.0878,2.8543,4.033,-0.2398,2.2534,-27.055,1.057,-1.8355,26.749,1.4542,0.0129,0.3222,24.8919,1.0908,1.1213,nan,2.7475,1.5188,0.0602,-0.9817,0.8000,0.3345,0.1969,-0.6623,0.8336,0.0800,-0.0026
10.800,27.179,-0.7593,5.8589,-30.027,-0.1393,5.0816,-22.185,0.9258,-0.3627,0.9943,7.842,0.0878,2.8543,4.033,-0.1753,2.2162,-32.785,1.163,-1.9759,26.823,1.4666,0.0131,0.3448,26.3307,1.2118,1.2461,nan,2.8538,1.7104,0.0677,-0.7041,0.8000,0.1960,0.0702,-0.6226,0.9726,0.0800,2.4174
10.850,27.238,-0.7095,5.8267,-35.754,-0.0824,5.1058,-26.130,0.9301,-0.2187,0.9555,9.624,-0.0361,2.8029,1.020,-0.1173,2.1744,-38.407,1.254,-2.0046,26.895,1.4775,0.0127,0.3312,25.9896,1.3215,1.3536,nan,2.8907,1.8401,0.0729,-0.4873,0.8000,0.1349,-0.0444,-0.6029,1.0421,0.0800,2.0974
10.900,27.238,-0.7095,5.8267,-35.754,-0.0840,5.1189,-31.802,0.9212,-0.2089,0.9446,3.952,-0.1705,2.7461,-2.119,-0.1173,2.1744,-44.152,1.254,-2.0046,26.895,1.4775,0.0127,0.3035,23.8162,1.3728,1.3920,nan,2.9279,1.9029,0.0754,-0.4930,0.8000,0.1777,-0.0749,-0.5837,1.1115,0.0800,5.5067
10.950,27.320,-0.6455,5.7753,-41.333,-0.0066,5.0610,-35.101,0.9515,-0.1144,0.9583,6.232,-0.3146,2.6916,-5.656,-0.0443,2.1102,-46.344,1.504,-1.3963,26.992,1.4903,0.0135,0.3223,23.9458,1.3801,1.3920,nan,2.9279,1.9103,0.0757,-0.3443,0.8000,0.1743,-0.1739,-0.5837,1.1115,0.0800,5.5067
11.000,27.425,-0.5699,5.7029,-45.946,0.0837,5.0132,-37.933,0.9502,-0.0099,0.9502,8.014,-0.3146,2.6916,-5.656,0.0341,2.0292,-49.179,1.730,-1.0708,27.105,1.4959,0.0117,0.3327,28.4470,1.5539,1.6115,nan,2.9651,2.0929,0.0829,-0.3600,0.8546,0.1627,-0.1308,-0.5657,1.1810,0.0800,5.2112
11.050,27.516,-0.5080,5.6354,-48.787,0.1586,4.9561,-40.463,0.9503,0.0539,0.9518,8.325,-0.4551,2.6602,-8.887,0.0964,1.9580,-51.709,1.839,-1.0070,27.199,1.4976,0.0109,0.3314,30.3819,1.7853,1.8799,nan,3.0790,2.3363,0.0925,-0.3793,0.9819,0.1736,-0.0714,-0.5322,1.3199,0.0800,4.2429
11.100,27.626,-0.4383,5.5507,-52.349,0.2190,4.8187,-46.949,0.9810,0.0733,0.9838,5.400,-0.4551,2.6602,-8.887,0.1673,1.8661,-55.369,2.001,-1.1924,27.315,1.5012,0.0080,0.3177,39.4768,1.7991,1.8154,nan,3.1175,2.3542,0.0932,-0.3849,0.9895,0.1722,-0.0727,-0.5170,1.3894,0.0800,3.4579
11.150,27.740,-0.3718,5.4585,-56.228,0.2912,4.7083,-51.590,0.9922,0.1341,1.0012,4.638,-0.5509,2.6611,-11.059,0.2349,1.7650,-59.163,2.178,-1.3104,27.437,1.5054,0.0082,0.3068,37.3342,1.9866,2.0575,nan,3.1948,2.5517,0.1011,-0.2098,1.0927,0.0959,-0.1348,-0.4861,1.5284,0.0800,4.4923
11.200,27.862,-0.3076,5.3548,-60.444,0.3065,4.5591,-57.325,0.9951,0.1417,1.0052,3.119,-0.5741,2.6639,-11.689,0.2970,1.6555,-62.738,2.257,-1.2390,27.563,1.5055,0.0094,0.2727,28.9529,2.1437,2.2009,nan,3.3112,2.7192,0.1077,-0.1345,1.1790,0.0605,-0.1621,-0.4574,1.6673,0.0800,1.6606
11.250,28.001,-0.2421,5.2317,-63.192,0.3230,4.3687,-61.687,1.0251,0.1151,1.0316,1.505,-0.6214,2.6648,-12.718,0.3659,1.5271,-64.137,2.439,-0.6431,27.708,1.5105,0.0072,0.2349,32.4595,2.1951,2.2216,nan,3.3891,2.7786,0.1100,-0.0064,1.2073,-0.0406,-0.1933,-0.4311,1.8062,0.0800,4.6327
11.300,28.143,-0.1800,5.1041,-64.851,0.2841,4.3086,-65.919,0.9174,0.0820,0.9210,-1.068,-0.6214,2.6648,-12.718,0.3659,1.5271,-65.795,2.603,-0.3200,27.856,1.4098,0.0142,0.2275,16.0392,2.4451,2.5688,nan,3.5065,3.0395,0.1204,0.0042,1.3000,-0.1516,-0.1238,-0.3951,2.0147,0.0800,4.6570
11.350,28.143,-0.1800,5.1041,-64.851,0.2899,4.0925,-69.534,1.1154,-0.0045,1.1154,-4.684,-0.6380,2.6819,-13.200,0.4307,1.3941,-66.136,2.603,-0.3200,27.856,1.5150,0.0038,0.2041,53.8709,2.6067,2.6724,nan,3.5854,3.2047,0.1269,0.0814,1.3000,-0.2357,-0.1383,-0.3839,2.0841,0.0800,2.5341
11.400,28.286,-0.1195,4.9741,-64.968,0.3003,3.8974,-70.572,1.1532,-0.0752,1.1557,-5.604,-0.6364,2.6944,-12.894,0.4931,1.2605,-64.916,2.713,0.0144,28.004,1.5181,0.0007,0.1741,240.8876,2.6446,2.6724,nan,3.7052,3.2540,0.1289,0.1623,1.3000,-0.3487,-0.1247,-0.3519,2.2925,0.0800,2.5341
11.450,28.450,-0.0505,4.8261,-64.912,0.3542,3.7341,-70.497,1.1606,-0.0965,1.1646,-5.585,-0.6159,2.7014,-11.905,0.5654,1.1060,-64.727,2.893,0.0577,28.174,1.5235,0.0000,0.1354,nan,2.5804,2.5918,nan,3.8270,3.2026,0.1268,0.1754,1.3000,-0.4220,-0.0392,-0.3220,2.5010,0.0800,4.8770
11.500,28.623,0.0248,4.6695,-62.974,0.3315,3.4921,-69.667,1.1882,-0.2618,1.2167,-6.693,-0.5819,2.7038,-10.333,0.6484,0.9433,-60.787,3.067,0.8051,28.357,1.5330,0.0024,0.0998,41.4903,2.8319,2.9687,nan,3.9513,3.4686,0.1374,0.1313,1.3000,-0.4263,0.0306,-0.2938,2.7094,0.0800,5.1836
11.550,28.797,0.1066,4.5169,-60.318,0.3940,3.3269,-67.454,1.1761,-0.3396,1.2242,-7.136,-0.5815,2.7012,-10.385,0.7358,0.7899,-58.567,3.127,0.6865,28.534,1.5385,0.0018,0.1070,60.4804,3.0313,3.1229,nan,4.1213,3.6901,0.1461,0.0510,1.3000,-0.5072,0.1964,-0.2579,2.9872,0.0800,0.9100
11.600,28.977,0.1984,4.3618,-58.234,0.4062,3.1261,-67.662,1.1600,-0.4738,1.2530,-9.428,-0.5979,2.7063,-11.100,0.8351,0.6295,-57.067,3.291,0.5252,28.722,1.5474,0.0032,0.1222,38.3812,3.2360,3.3354,nan,4.2966,3.9133,0.1550,-0.0353,1.3000,-0.4646,0.2742,-0.2320,3.1957,0.0800,4.4295
11.650,29.178,0.3057,4.1920,-57.305,0.4540,2.9159,-68.674,1.1540,-0.5645,1.2846,-11.369,-0.6022,2.7169,-11.187,0.9497,0.4511,-57.190,3.500,0.0697,28.934,1.5574,0.0031,0.1264,41.1731,3.3296,3.3771,nan,4.4770,4.0337,0.1597,-0.0291,1.3000,-0.4824,0.3142,-0.1984,3.4735,0.0800,4.6824
11.700,29.372,0.4104,4.0279,-57.843,0.4272,2.9050,-69.181,0.9596,-0.5834,1.1230,-11.338,-0.6022,2.7169,-11.187,0.9497,0.4511,-57.011,3.686,-0.1819,29.139,1.4035,0.0008,0.0903,110.4367,3.4698,3.5367,nan,4.6153,4.1951,0.1661,-0.0207,1.3000,-0.4593,0.2898,-0.1736,3.6820,0.0800,4.5080
11.750,29.372,0.4104,4.0279,-57.843,0.4653,2.7059,-71.543,1.1484,-0.6572,1.3231,-13.699,-0.6055,2.7193,-11.286,1.0588,0.2775,-58.609,3.686,-0.1819,29.139,1.5651,0.0008,0.1084,132.5387,3.6428,3.7271,nan,4.7086,4.3799,0.1735,0.0336,1.3000,-0.4850,0.2676,-0.1655,3.7514,0.0800,3.9221
11.800,29.599,0.5303,3.8355,-58.419,0.5317,2.4923,-72.013,1.1450,-0.7023,1.3432,-13.594,-0.6015,2.7250,-10.709,1.1826,0.0761,-58.916,3.851,-0.1390,29.376,1.5721,0.0006,0.1207,205.2331,3.6882,3.7271,nan,4.8495,4.4526,0.1763,0.0500,1.3000,-0.4725,0.2583,-0.1410,3.9598,0.0800,3.9221
11.850,29.819,0.6450,3.6477,-58.828,0.6108,2.2934,-71.924,1.1410,-0.7302,1.3547,-13.095,-0.6020,2.7155,-10.041,1.3010,-0.1196,-59.235,3.989,-0.1214,29.604,1.5785,0.0055,0.1278,23.1238,3.7993,3.8570,nan,5.0370,4.6030,0.1823,-0.0123,1.3000,-0.4121,0.2890,-0.1086,4.2377,0.0800,3.6012
11.900,30.044,0.7622,3.4555,-58.079,0.7185,2.0961,-69.340,1.1307,-0.7559,1.3601,-11.261,-0.5965,2.6900,-7.932,1.4268,-0.3215,-57.578,4.177,0.1644,29.842,1.5902,0.0075,0.1229,16.3013,4.0611,4.2509,nan,5.2197,4.9064,0.1943,-0.0894,1.3000,-0.3247,0.3125,-0.0844,4.4461,0.0800,2.8587
11.950,30.279,0.8863,3.2562,-58.274,0.8509,1.8992,-69.147,1.1356,-0.7437,1.3574,-10.873,-0.5954,2.6735,-6.225,1.5566,-0.5315,-58.724,4.350,-0.1717,30.089,1.5997,0.0002,0.1124,728.6052,4.2089,4.2933,nan,5.3522,5.0832,0.2013,-0.2477,1.3000,-0.1912,0.4012,-0.0598,4.6545,0.0800,3.8123
12.000,30.556,1.0292,3.0186,-60.229,0.9568,1.6212,-72.031,1.1770,-0.7568,1.3993,-11.802,-0.6003,2.6328,-4.851,1.7077,-0.7855,-61.652,4.575,-0.7063,30.385,1.6137,0.0028,0.1116,40.1173,4.2565,4.3048,nan,5.4797,5.1417,0.2036,-0.3125,1.3000,-0.0499,0.3816,-0.0418,4.8630,0.0800,4.7304
12.050,31.322,0.8810,3.7700,-89.999,0.8807,1.3380,-100.945,2.4320,-0.0004,2.4320,-10.946,-0.6215,2.6081,-3.641,1.7077,-1.0622,-90.000,0.011,-0.0004,30.662,2.3344,0.4359,0.3152,0.7231,4.5426,4.8913,nan,5.6767,5.4523,0.2159,-0.2956,1.3000,0.0568,0.2862,-0.0187,5.1408,0.0800,3.6874
12.100,31.338,0.8814,3.7538,-90.463,0.8152,1.0717,-101.945,2.6826,-0.0445,2.6830,-11.483,-0.5238,2.7635,-10.634,1.7066,-1.3364,-90.791,0.474,-0.2245,30.936,2.5248,0.0093,0.1149,12.3460,0.2264,5.1043,nan,5.1746,1.0525,0.0417,0.5145,0.8000,-0.1689,-0.1512,-0.0302,5.0019,0.0800,11.3959
12.151,31.373,0.8806,3.7189,-91.392,0.8096,1.0748,-102.670,2.6451,-0.0067,2.6451,-11.278,-0.5238,2.7635,-10.634,1.7066,-1.3364,-91.433,0.769,-0.3311,31.208,2.4987,0.0251,0.1201,4.7778,0.4512,4.9238,nan,5.3522,1.2763,0.0505,0.6153,0.8000,-0.2039,-0.1727,-0.0130,5.2103,0.0800,5.3058
12.200,31.373,0.8806,3.7189,-91.392,0.7553,0.8161,-103.786,2.9050,-0.0548,2.9055,-12.394,-0.4729,2.8405,-14.094,1.7000,-1.6087,-92.711,0.769,-0.3311,31.208,2.7073,0.0114,0.1280,11.2166,0.6726,4.8716,nan,5.4378,1.4941,0.0592,0.7203,0.8000,-0.2369,-0.2089,-0.0016,5.3492,0.0800,6.6992
12.250,31.424,0.8788,3.6682,-91.800,0.7629,0.7764,-101.958,2.8940,-0.0250,2.8941,-10.159,-0.4976,2.8237,-13.604,1.6983,-1.6633,-91.391,1.035,0.1156,31.263,2.7105,0.0080,0.1119,13.9997,0.8885,4.8716,nan,5.6392,1.6941,0.0671,0.8015,0.8000,-0.2851,-0.2311,0.0214,5.6271,0.0800,6.6992
12.300,31.489,0.8771,3.6034,-90.358,0.7784,0.7172,-97.408,2.8868,-0.0806,2.8879,-7.050,-0.4976,2.8237,-13.604,1.6979,-1.7322,-87.650,1.230,0.8197,31.332,2.7145,0.0031,0.0816,26.5356,0.9326,0.9468,nan,5.6767,1.7318,0.0686,0.6785,0.8000,-0.2738,-0.1563,0.0270,5.6966,0.0800,7.2537
12.350,31.565,0.8785,3.5276,-86.236,0.8417,0.6515,-89.297,2.8675,-0.2255,2.8763,-3.061,-0.5321,2.7952,-12.242,1.7038,-1.8217,-81.426,1.435,1.6034,31.421,2.7282,0.0044,0.0600,13.7654,1.1770,1.2730,nan,5.7136,1.9688,0.0780,0.4838,0.8000,-0.2507,-0.0085,0.0328,5.7661,0.0800,6.0008
12.400,31.647,0.8875,3.4454,-81.037,0.8990,0.5822,-83.307,2.8300,-0.4347,2.8632,-2.270,-0.5779,2.7588,-10.664,1.7182,-1.9135,-76.915,1.579,1.5072,31.514,2.7391,0.0014,0.0811,56.8164,1.4662,1.6223,nan,5.7859,2.2492,0.0891,0.0086,0.8064,-0.1669,0.2090,0.0391,5.8355,0.0800,2.9519
12.450,31.743,0.9059,3.3515,-76.792,0.9529,0.4767,-79.073,2.8095,-0.6111,2.8752,-2.280,-0.5779,2.7588,-10.664,1.7425,-2.0168,-73.856,1.816,1.2290,31.620,2.7502,0.0049,0.1071,21.7593,1.6405,1.6991,nan,5.8215,2.4164,0.0957,-0.2434,0.9023,-0.0893,0.3012,0.0398,5.9050,0.0800,5.4075
12.500,31.851,0.9334,3.2465,-75.021,1.0030,0.3654,-79.187,2.8012,-0.6774,2.8820,-4.166,-0.6249,2.7292,-9.155,1.7730,-2.1309,-75.101,2.102,-0.0383,31.739,2.7593,0.0000,0.0960,nan,1.8262,1.8932,nan,5.9265,2.5953,0.1028,-0.3584,1.0044,-0.0163,0.3418,0.0397,6.0440,0.0800,5.6193
12.550,31.973,0.9639,3.1289,-76.796,0.9259,0.2218,-85.918,2.8216,-0.7010,2.9074,-9.122,-0.6860,2.6682,-7.368,1.8024,-2.2562,-78.453,2.289,-0.9347,31.867,2.7648,0.0120,0.1031,8.5932,2.0453,2.1355,nan,5.9949,2.8108,0.1113,-0.2328,1.1249,0.0409,0.2078,0.0365,6.1829,0.0800,5.9130
12.600,32.106,0.9904,2.9988,-80.789,0.7777,0.0710,-94.464,2.8560,-0.6786,2.9355,-13.674,-0.6860,2.6682,-7.368,1.8250,-2.3958,-82.292,2.451,-1.1264,32.009,2.7702,0.0083,0.1867,22.5376,2.2438,2.3226,nan,6.0953,3.0067,0.1191,0.0599,1.2341,-0.0552,-0.0042,0.0335,6.3218,0.0800,3.9438
12.650,32.106,0.9904,2.9988,-80.789,0.7135,0.0703,-99.448,2.8464,-0.7421,2.9415,-18.659,-0.7372,2.6136,-5.759,1.8250,-2.3958,-85.514,2.451,-1.1264,32.009,2.7702,0.0083,0.2552,30.8005,2.3945,2.4527,nan,6.1933,3.1535,0.1249,0.3228,1.3000,-0.2356,-0.1790,0.0289,6.5303,0.0800,5.2339
12.700,32.252,1.0101,2.8539,-83.834,0.6927,-0.0876,-100.519,2.8904,-0.6316,2.9586,-16.685,-0.7799,2.5595,-4.374,1.8417,-2.5497,-86.914,2.660,-0.7889,32.163,2.7757,0.0106,0.2707,25.6528,2.4277,2.4527,nan,6.1933,3.1867,0.1262,0.4662,1.3000,-0.3210,-0.2660,0.0289,6.5303,0.0800,5.2339
12.750,32.407,1.0251,2.6995,-84.122,0.6756,-0.2494,-96.413,2.8976,-0.6496,2.9695,-12.291,-0.8523,2.5463,-2.494,1.8584,-2.7120,-82.981,2.852,0.3258,32.327,2.7831,0.0016,0.2646,170.5283,2.6775,2.8034,nan,6.2888,3.4340,0.1360,0.4569,1.3000,-0.3492,-0.2547,0.0259,6.6692,0.0800,5.1576
12.800,32.586,1.0466,2.5221,-80.872,0.7000,-0.4372,-89.110,2.8668,-0.8117,2.9795,-8.238,-0.9181,2.5056,-0.811,1.8882,-2.8978,-76.913,2.993,1.4099,32.515,2.7948,0.0049,0.2649,54.0898,2.8079,2.8636,nan,6.3818,3.5603,0.1410,0.3259,1.3000,-0.3478,-0.0765,0.0213,6.8776,0.0800,4.1495
12.850,32.774,1.0843,2.3377,-75.235,0.7535,-0.6412,-82.302,2.7963,-1.0790,2.9972,-7.066,-0.9511,2.4765,0.115,1.9401,-3.0945,-71.557,3.170,1.6382,32.718,2.8130,0.0105,0.2562,24.3471,2.9678,3.0357,nan,6.4724,3.7159,0.1472,0.0564,1.3000,-0.2874,0.1554,0.0167,7.0860,0.0800,3.5673
12.900,33.092,0.7971,2.4750,-96.976,0.7340,-0.8256,-107.614,3.2838,0.3382,3.3012,-10.638,-0.9922,2.4460,0.960,1.9526,-3.2797,-96.950,0.161,0.0147,32.907,3.2506,0.4582,0.3693,0.8061,3.2298,3.3945,nan,6.5892,3.9732,0.1574,-0.1343,1.3000,-0.1958,0.2940,0.0121,7.2944,0.0800,3.2822
12.950,33.092,0.7971,2.4750,-96.976,0.7688,-0.8213,-106.455,3.2753,0.3723,3.2964,-9.479,-0.9922,2.4460,0.960,1.9526,-3.2797,-96.908,0.161,0.0147,32.907,3.2506,0.4582,0.3554,0.7757,0.2276,3.2327,nan,6.3510,0.9726,0.0385,0.8158,0.8000,-0.2650,-0.3092,0.0136,7.2250,0.0800,12.9350
13.000,33.117,0.7942,2.4507,-96.854,0.7556,-1.0441,-104.736,3.4745,0.3787,3.4950,-7.882,-0.6022,2.6338,-6.685,1.9261,-3.4999,-96.727,0.566,0.0323,33.129,3.3957,0.0049,0.0669,13.5566,0.4499,3.2327,nan,6.3818,1.1949,0.0473,0.7893,0.8000,-0.2361,-0.2890,0.0136,7.2250,0.0800,12.9350
13.050,33.162,0.7890,2.4057,-97.286,0.7481,-1.2796,-104.427,3.6607,0.4267,3.6855,-7.141,-0.4252,2.7704,-10.177,1.8970,-3.7278,-97.897,0.888,-0.1724,33.359,3.5346,0.0074,0.0688,9.3394,0.6700,3.5873,nan,6.4724,1.4099,0.0558,0.7356,0.8000,-0.2548,-0.2596,0.0090,7.4334,0.0800,5.2518
13.100,33.217,0.7822,2.3515,-96.990,0.7850,-1.3479,-101.067,3.6716,0.4530,3.6994,-4.077,-0.3842,2.7978,-11.066,1.8901,-3.7839,-95.867,0.992,0.3716,33.415,3.5362,0.0055,0.0845,15.3312,0.8876,4.0339,nan,6.6177,1.6197,0.0641,0.8210,0.8000,-0.2691,-0.2763,0.0029,7.7113,0.0800,6.7330
13.150,33.282,0.7752,2.2864,-94.497,0.8220,-1.4204,-95.285,3.6917,0.3373,3.7071,-0.787,-0.3842,2.7978,-11.066,1.8842,-3.8594,-91.478,1.262,1.1879,33.491,3.5454,0.0040,0.1295,32.6605,0.9400,0.9557,nan,6.6459,1.6698,0.0661,0.5797,0.8000,-0.2286,-0.1634,0.0013,7.7807,0.0800,5.5998
13.200,33.363,0.7723,2.2053,-88.822,0.8685,-1.4840,-87.935,3.6905,0.0204,3.6906,0.887,-0.4253,2.8249,-10.516,1.8861,-3.9536,-85.715,1.389,1.6918,33.585,3.5592,0.0125,0.1875,14.9406,1.1932,1.2961,nan,6.7014,1.9206,0.0761,0.3036,0.8000,-0.1853,0.0191,-0.0002,7.8502,0.0800,3.8431
13.250,33.458,0.7788,2.1114,-83.748,0.9106,-1.5239,-81.740,3.6280,-0.2649,3.6376,2.008,-0.4253,2.8249,-10.516,1.8871,-4.0028,-80.875,1.573,1.2944,33.686,3.5185,0.0601,0.3581,5.9574,1.4263,1.5179,nan,6.7555,2.1488,0.0851,-0.0857,0.8000,-0.1233,0.1980,-0.0036,7.9891,0.0800,4.0886
13.300,33.458,0.7788,2.1114,-83.748,0.9432,-1.5745,-78.595,3.6819,-0.2379,3.6895,5.153,-0.4544,2.8746,-10.026,1.8928,-4.0545,-78.524,1.573,1.2944,33.686,3.5651,0.0039,0.4221,107.8777,1.5873,1.6396,nan,6.7335,2.3070,0.0914,-0.2682,0.8730,-0.0640,0.2668,-0.0055,8.0586,0.0800,5.3906
13.350,33.564,0.7937,2.0057,-80.630,0.9816,-1.6880,-77.585,3.6750,-0.4159,3.6985,3.046,-0.4717,2.9409,-9.648,1.9114,-4.1671,-78.244,1.831,0.7309,33.801,3.5729,0.0046,0.4469,98.0749,1.6214,1.6396,nan,6.7335,2.3411,0.0927,-0.3875,0.8918,-0.0224,0.3216,-0.0055,8.0586,0.0800,5.3906
13.400,33.686,0.8150,1.8858,-80.421,0.9233,-1.8437,-83.992,3.6956,-0.5138,3.7311,-3.570,-0.4680,2.9840,-9.618,1.9327,-4.2935,-81.311,2.057,-0.3251,33.929,3.5784,0.0056,0.1541,27.4195,1.7534,1.7968,nan,6.5352,2.4669,0.0977,-0.3948,0.9644,0.0208,0.2840,-0.0094,8.1976,0.0800,6.0614
13.450,33.806,0.8332,1.7670,-83.216,0.7847,-1.9659,-94.233,3.7010,-0.4891,3.7332,-11.017,-0.5289,3.0025,-8.723,1.9477,-4.4196,-86.452,2.202,-1.3478,34.056,3.5829,0.0148,0.1110,7.5194,2.0229,2.1623,nan,6.3381,2.3429,0.0928,-0.0475,1.1126,-0.0549,0.0692,-0.0178,8.4060,0.0800,5.3031
13.500,33.933,0.8437,1.6402,-87.715,0.6864,-2.0541,-100.613,3.6851,-0.3045,3.6977,-12.899,-0.5460,3.0382,-8.388,1.9530,-4.5530,-90.274,2.322,-1.2948,34.189,3.5857,0.0258,0.1824,7.0678,2.2046,2.2748,nan,6.1429,2.5246,0.1000,0.3350,1.2125,-0.2312,-0.2087,-0.0265,8.5449,0.0800,2.5782
13.550,34.071,0.8462,1.5030,-89.296,0.6340,-2.1799,-100.467,3.6800,-0.2574,3.6890,-11.171,-0.5460,3.0382,-8.388,1.9547,-4.6898,-89.401,2.342,-0.0751,34.326,3.5849,0.0046,0.1961,42.4147,2.2921,2.3277,nan,6.0785,2.6121,0.1034,0.5010,1.2606,-0.3554,-0.3128,-0.0309,8.6144,0.0800,-0.0308
13.600,34.071,0.8462,1.5030,-89.296,0.6340,-2.1799,-100.681,3.6800,-0.2574,3.6890,-11.385,-0.6461,3.0233,-7.095,1.9547,-4.6898,-89.615,2.342,-0.0751,34.326,3.5849,0.0046,0.1981,42.8496,2.2544,2.2672,nan,5.9510,2.5744,0.1020,0.4134,1.2399,-0.4060,-0.1833,-0.0397,8.7533,0.0800,3.0892
13.650,34.219,0.8492,1.3545,-87.104,0.6179,-2.3054,-93.215,3.6435,-0.4159,3.6672,-6.111,-0.7184,3.0838,-6.026,1.9624,-4.8421,-82.530,2.421,1.2395,34.479,3.5907,0.0038,0.1566,41.3160,2.2500,2.2672,nan,5.9510,2.5700,0.1018,0.4548,1.2375,-0.4067,-0.1871,-0.0397,8.7533,0.0800,3.0892
13.700,34.361,0.8617,1.2136,-81.853,0.6157,-2.4107,-86.453,3.5529,-0.7572,3.6326,-4.600,-0.7317,3.1363,-5.731,1.9766,-4.9880,-76.182,2.450,1.7743,34.625,3.5958,0.0207,0.1666,8.0658,2.4612,2.5528,nan,5.8257,2.7812,0.1101,0.1473,1.3000,-0.3935,0.0808,-0.0486,8.8923,0.0800,0.9134
13.750,34.503,0.8886,1.0737,-76.016,0.6394,-2.5049,-81.411,3.4123,-1.1066,3.5872,-5.395,-0.7713,3.1871,-5.133,2.0120,-5.1302,-71.502,2.480,1.5840,34.772,3.6023,0.0008,0.1784,224.9773,2.4788,2.5014,nan,5.7028,2.7988,0.1108,-0.0296,1.3000,-0.3649,0.2597,-0.0578,9.0312,0.0800,0.0604
13.800,34.645,0.9269,0.9370,-73.452,0.6705,-2.5962,-82.095,3.3138,-1.2521,3.5425,-8.644,-0.8476,3.2464,-4.052,2.0542,-5.2720,-72.450,2.647,0.4050,34.920,3.6087,0.0000,0.2069,4473.4481,2.5691,2.6081,nan,5.6424,2.8891,0.1144,-0.1456,1.3000,-0.3159,0.3329,-0.0629,9.1007,0.0800,3.9651
13.850,34.801,0.9717,0.7875,-73.655,0.6947,-2.7172,-83.694,3.2851,-1.2521,3.5156,-10.039,-0.9303,3.2337,-2.991,2.0989,-5.4245,-74.075,2.724,-0.2089,35.079,3.6111,0.0006,0.2375,366.7977,2.5939,2.6188,nan,5.4650,2.9139,0.1154,-0.0647,1.3000,-0.2848,0.2125,-0.0733,9.2396,0.0800,2.1020
13.900,34.956,1.0135,0.6388,-75.429,0.7342,-2.8402,-85.020,3.2969,-1.1455,3.4902,-9.591,-1.0093,3.2470,-1.969,2.1385,-5.5768,-76.155,2.788,-0.4250,35.236,3.6130,0.0058,0.2400,41.3923,2.6979,2.7427,nan,5.4072,3.0179,0.1195,-0.0152,1.3000,-0.2618,0.1284,-0.0786,9.3091,0.0800,1.8475
13.950,35.102,1.0493,0.4970,-76.303,0.7646,-2.9504,-85.178,3.2819,-1.0928,3.4591,-8.875,-1.0093,3.2470,-1.969,2.1735,-5.7204,-76.695,2.829,-0.2850,35.384,3.6141,0.0041,0.2420,59.4597,2.8052,2.8519,nan,5.2938,3.1252,0.1238,-0.0192,1.3000,-0.2213,0.0954,-0.0894,9.4480,0.0800,1.4147
14.000,35.102,1.0493,0.4970,-76.303,0.7890,-2.9293,-85.178,3.2672,-1.0642,3.4361,-8.875,-1.0599,3.2543,-1.310,2.1735,-5.7204,-77.511,2.829,-0.2850,35.384,3.6141,0.0041,0.2269,55.7372,2.6461,2.6399,nan,5.1832,2.9661,0.1175,-0.0617,1.3000,-0.1875,0.1198,-0.1001,9.5870,0.0800,0.4479
14.050,35.718,0.6999,1.0048,-90.002,0.7985,-3.0648,-96.696,4.0696,0.0987,4.0708,-6.694,-0.6062,3.2754,-7.053,2.1734,-5.8991,-90.020,0.193,-0.0046,35.563,4.3818,0.0035,0.2186,62.1929,2.6224,2.6399,nan,5.2382,2.9424,0.1165,-0.0767,1.3000,-0.1648,0.1130,-0.0948,9.5175,0.0800,0.4479
14.100,35.742,0.6999,0.9809,-90.034,0.8095,-3.1721,-96.093,4.1530,0.1121,4.1545,-6.058,-0.4320,3.3426,-9.007,2.1733,-6.0753,-90.135,0.566,-0.0293,35.739,4.5126,0.0035,0.2272,65.4884,2.8819,3.0343,nan,5.0754,3.2019,0.1268,0.0878,1.3000,-0.2000,-0.0386,-0.1109,9.7259,0.0800,12.1807
14.150,35.780,0.6999,0.9426,-90.294,0.8102,-3.2733,-96.184,4.2152,0.1319,4.2173,-5.891,-0.5822,3.2928,-7.609,2.1725,-6.2293,-90.504,0.846,-0.0710,35.893,4.6125,0.0050,0.2337,46.8557,3.0928,3.1943,nan,4.9190,3.4128,0.1352,0.0425,1.3000,-0.1773,-0.0143,-0.1217,9.8649,0.0800,5.2286
14.200,35.835,0.6996,0.8882,-90.000,0.8186,-3.3834,-94.913,4.2716,0.1190,4.2732,-4.913,-0.7979,3.2455,-5.471,2.1721,-6.3994,-89.759,1.127,0.0924,36.063,4.7135,0.0035,0.2415,69.6096,2.7564,2.6425,nan,4.9190,3.0764,0.1218,0.0294,1.3000,-0.1671,-0.0115,-0.1271,9.9343,0.0800,5.1784
14.250,35.915,0.6998,0.8084,-89.693,0.8467,-3.5044,-93.753,4.3135,0.1238,4.3153,-4.060,-0.9246,3.1944,-4.190,2.1732,-6.6012,-89.552,1.439,0.0688,36.265,4.8212,0.0021,0.2585,124.1912,2.9460,3.0298,nan,4.8181,3.2660,0.1293,-0.0484,1.3000,-0.1403,0.0455,-0.1379,10.0733,0.0800,5.1134
14.300,36.012,0.7006,0.7113,-89.450,0.8756,-3.6586,-92.721,4.3714,0.1330,4.3734,-3.271,-0.9246,3.1944,-4.190,2.1749,-6.7824,-89.442,1.740,0.0061,36.446,4.8959,0.0044,0.2868,65.2760,3.2056,3.3656,nan,4.6715,3.5256,0.1396,-0.1250,1.3000,-0.0893,0.0833,-0.1487,10.2122,0.0800,4.9918
14.350,36.012,0.7006,0.7113,-89.450,0.9145,-3.6246,-91.789,4.3377,0.1723,4.3412,-2.339,-0.9860,3.1728,-3.546,2.1749,-6.7824,-89.424,1.740,0.0061,36.446,4.8959,0.0044,0.3234,73.6023,3.0020,2.9846,nan,4.6715,3.3220,0.1316,-0.1960,1.3000,-0.0345,0.1055,-0.1542,10.2817,0.0800,4.9011
14.401,36.105,0.7013,0.6180,-89.838,0.9418,-3.7475,-92.076,4.3662,0.2282,4.3721,-2.238,-1.0571,3.1251,-2.884,2.1754,-6.9392,-90.446,1.984,-0.1573,36.603,4.9521,0.0053,0.3866,73.3208,2.9658,2.9846,nan,4.6715,3.2858,0.1301,-0.2276,1.3000,0.0033,0.1218,-0.1542,10.2817,0.0800,4.9011
14.450,36.237,0.7004,0.4858,-91.239,0.8407,-4.0083,-96.433,4.4900,0.2375,4.4963,-5.193,-1.1053,3.1169,-2.398,2.1708,-7.1500,-92.878,2.279,-0.4596,36.814,5.0204,0.0111,0.2819,25.3627,2.7549,2.7318,nan,4.6238,3.0749,0.1218,-0.2562,1.3000,0.0455,0.1113,-0.1596,10.3511,0.0800,4.8118
14.500,36.388,0.6944,0.3350,-93.877,0.6119,-4.2738,-103.941,4.6038,0.2294,4.6095,-10.063,-1.0554,3.1788,-2.802,2.1575,-7.3464,-96.397,2.605,-0.8750,37.010,5.0578,0.0083,0.2902,34.7757,2.9464,3.8278,nan,4.4386,3.2664,0.1294,-0.1742,1.3000,-0.0237,0.0525,-0.1816,10.6290,0.0800,4.6580
14.550,36.530,0.6814,0.1937,-97.049,0.5119,-4.4030,-108.693,4.5827,0.3959,4.5998,-11.644,-1.1406,3.1759,-2.108,2.1386,-7.4994,-99.892,2.831,-1.0519,37.164,5.0656,0.0134,0.3010,22.4446,3.0990,3.1655,nan,4.1750,3.4190,0.1354,0.0346,1.3000,-0.2183,-0.0522,-0.2096,10.9764,0.0800,5.4538
14.600,36.714,0.6544,0.0117,-99.946,0.4869,-4.6100,-109.089,4.5812,0.6333,4.6248,-9.142,-1.0990,3.2080,-2.448,2.1049,-7.6917,-101.516,3.070,-0.7028,37.360,5.0719,0.0276,0.3105,11.2580,2.9238,2.9145,nan,4.1323,3.2438,0.1285,0.1493,1.3000,-0.3011,-0.1229,-0.2211,11.1153,0.0800,5.2168
14.650,36.891,0.6225,-0.1627,-100.068,0.5065,-4.7896,-105.277,4.5759,0.6947,4.6283,-5.208,-1.0371,3.1975,-2.900,2.0726,-7.8732,-99.600,3.224,0.2625,37.544,5.0781,0.0205,0.3183,15.5326,3.1842,3.3423,nan,3.9239,3.5042,0.1388,0.0158,1.3000,-0.2565,-0.0302,-0.2446,11.3932,0.0800,4.5061
14.700,37.077,0.5926,-0.3459,-97.862,0.5143,-4.9854,-101.587,4.6066,0.5571,4.6401,-3.724,-1.0371,3.1975,-2.900,2.0473,-8.0565,-97.072,3.202,0.5862,37.729,5.0802,0.0133,0.3277,24.5971,3.1688,3.1920,nan,3.8423,3.4888,0.1382,-0.2475,1.3000,-0.1487,0.1677,-0.2567,11.5322,0.0800,-0.8858
14.750,37.077,0.5926,-0.3459,-97.862,0.5461,-4.9930,-99.211,4.6098,0.5897,4.6474,-1.349,-1.0255,3.2268,-3.003,2.0473,-8.0565,-95.391,3.202,0.5862,37.729,5.0802,0.0133,0.3328,24.9856,3.1862,3.2149,nan,3.7212,3.5062,0.1389,-0.4458,1.3000,-0.0384,0.3199,-0.2757,11.7406,0.0800,3.8876
14.800,37.258,0.5689,-0.5250,-97.428,0.5340,-5.1916,-100.826,4.6320,0.5687,4.6668,-3.399,-0.9775,3.2251,-3.302,2.0231,-8.2425,-97.558,3.342,-0.0330,37.917,5.0862,0.0191,0.3429,17.9923,3.1887,3.2149,nan,3.7212,3.5087,0.1390,-0.4944,1.3000,0.0063,0.3614,-0.2757,11.7406,0.0800,3.8876
14.851,37.456,0.5408,-0.7210,-100.060,0.5108,-5.4034,-107.164,4.6157,0.7883,4.6825,-7.105,-0.9273,3.2454,-3.589,1.9879,-8.4407,-104.425,3.360,-1.3273,38.118,5.0850,0.0369,0.3652,9.9110,3.3486,3.4229,nan,3.6012,3.6686,0.1453,-0.5086,1.3000,0.0808,0.3300,-0.2957,11.9490,0.0800,1.1989
14.900,37.654,0.4987,-0.9148,-105.267,0.4640,-5.5846,-112.103,4.5141,1.1962,4.6699,-6.835,-0.8760,3.2397,-3.976,1.9344,-8.6369,-109.635,3.375,-1.6202,38.321,5.0821,0.0194,0.3974,20.4709,3.2700,3.2848,nan,3.5215,3.5900,0.1422,-0.4252,1.3000,0.1368,0.1386,-0.3097,12.0879,0.0800,-0.1244
14.950,37.828,0.4467,-1.0812,-109.833,0.3845,-5.7106,-116.453,4.3760,1.5121,4.6299,-6.620,-0.7894,3.2735,-4.549,1.8727,-8.8079,-113.654,3.456,-1.4908,38.503,5.0820,0.0190,0.4225,22.2866,3.3240,3.3613,nan,3.4013,3.4601,0.1370,-0.3973,1.3000,0.1740,0.0842,-0.3319,12.2963,0.0340,1.6404
15.000,38.032,0.3699,-1.2699,-115.128,0.3101,-5.8804,-121.288,4.1996,1.9037,4.6109,-6.160,-0.6921,3.3040,-5.194,1.7846,-8.9956,-119.126,3.449,-1.6566,38.711,5.0762,0.0399,0.4655,11.6551,3.4263,3.4782,nan,3.3205,3.4325,0.1359,-0.3991,1.3000,0.1651,0.0684,-0.3477,12.4353,0.0800,0.8718
