t,dist_m,true_x,true_y,true_yaw_deg,est_x,est_y,est_yaw_deg,err_along,err_cross,err_dist,err_yaw_deg,m2o_x,m2o_y,m2o_yaw_deg,o2b_x,o2b_y,o2b_yaw_deg,speed,yaw_rate,enc_dist,dr_err,fit_true,fit_est,fit_ratio,pp_v_est,pp_v_enc,pp_v_pose,pp_v_target,pp_u_cmd,pp_throttle,pp_steering,pp_ld,pp_e_lat,pp_e_head,pp_kappa,pp_s,pp_slip
0.000,0.000,0.8006,3.1583,-89.997,0.7972,3.1542,-90.058,0.0041,-0.0034,0.0054,-0.061,0.7953,3.1487,0.104,0.0000,0.0000,-89.997,0.000,0.0000,0.000,0.0000,0.0074,0.0118,1.5987,nan,nan,nan,nan,nan,nan,nan,nan,nan,nan,nan,nan,nan
0.050,0.000,0.8006,3.1583,-89.997,0.7962,3.1532,-89.905,0.0051,-0.0044,0.0068,0.092,0.7953,3.1487,0.104,0.0000,0.0000,-89.997,0.000,0.0000,0.000,0.0000,0.0074,0.0109,1.4868,nan,nan,nan,nan,nan,nan,nan,nan,nan,nan,nan,nan,nan
0.100,0.000,0.8006,3.1583,-89.997,0.7962,3.1532,-89.905,0.0051,-0.0044,0.0068,0.092,0.7953,3.1487,0.104,0.0000,0.0000,-89.997,0.000,0.0000,0.000,0.0000,0.0074,0.0109,1.4771,nan,nan,nan,nan,nan,nan,nan,nan,nan,nan,nan,nan,nan
0.150,0.000,0.8006,3.1583,-89.997,0.7962,3.1532,-89.905,0.0051,-0.0044,0.0068,0.092,0.7953,3.1487,0.104,0.0000,0.0000,-89.997,0.000,0.0000,0.000,0.0000,0.0074,0.0110,1.4740,nan,nan,nan,nan,nan,nan,nan,nan,nan,nan,nan,nan,nan
0.200,0.000,0.8006,3.1583,-89.997,0.7962,3.1532,-89.905,0.0051,-0.0044,0.0068,0.092,0.7953,3.1487,0.104,0.0000,0.0000,-89.997,0.000,0.0000,0.000,0.0000,0.0074,0.0110,1.4740,nan,nan,nan,nan,nan,nan,nan,nan,nan,nan,nan,nan,nan
0.250,0.000,0.8006,3.1583,-89.997,0.7962,3.1532,-89.905,0.0051,-0.0044,0.0068,0.092,0.7953,3.1487,0.104,0.0000,0.0000,-89.997,0.000,0.0000,0.000,0.0000,0.0074,0.0110,1.4740,nan,nan,nan,nan,nan,nan,nan,nan,nan,nan,nan,nan,nan
0.300,0.000,0.8006,3.1583,-89.997,0.7962,3.1532,-89.905,0.0051,-0.0044,0.0068,0.092,0.7953,3.1487,0.104,0.0000,0.0000,-89.997,0.000,0.0000,0.000,0.0000,0.0074,0.0110,1.4740,nan,nan,nan,nan,nan,nan,nan,nan,nan,nan,nan,nan,nan
0.350,0.000,0.8006,3.1583,-89.997,0.7962,3.1532,-89.905,0.0051,-0.0044,0.0068,0.092,0.7953,3.1487,0.104,0.0000,0.0000,-89.997,0.000,0.0000,0.000,0.0000,0.0074,0.0110,1.4740,nan,nan,nan,nan,nan,nan,nan,nan,nan,nan,nan,nan,nan
0.400,0.000,0.8006,3.1583,-89.997,0.7962,3.1532,-89.905,0.0051,-0.0044,0.0068,0.092,0.7946,3.1470,-0.066,0.0000,0.0000,-89.997,0.000,0.0000,0.000,0.0000,0.0074,0.0110,1.4740,nan,nan,nan,nan,nan,nan,nan,nan,nan,nan,nan,nan,nan
0.450,0.000,0.8006,3.1583,-89.997,0.7957,3.1510,-89.899,0.0073,-0.0049,0.0088,0.098,0.7946,3.1470,-0.066,0.0000,0.0000,-89.997,0.000,0.0000,0.000,0.0000,0.0074,0.0109,1.4610,nan,nan,nan,nan,nan,nan,nan,nan,nan,nan,nan,nan,nan
0.500,0.000,0.8006,3.1583,-89.997,0.7953,3.1487,-89.893,0.0096,-0.0053,0.0109,0.104,0.7946,3.1470,-0.066,0.0000,0.0000,-89.997,0.000,0.0000,0.000,0.0000,0.0074,0.0110,1.4740,nan,nan,nan,nan,nan,nan,nan,nan,nan,nan,nan,nan,nan
0.550,0.000,0.8006,3.1583,-89.997,0.7953,3.1487,-89.893,0.0096,-0.0053,0.0109,0.104,0.7946,3.1470,-0.066,0.0000,0.0000,-89.997,0.000,0.0000,0.000,0.0000,0.0074,0.0110,1.4740,nan,nan,nan,nan,nan,nan,nan,nan,nan,nan,nan,nan,nan
0.600,0.000,0.8006,3.1583,-89.997,0.7953,3.1487,-89.893,0.0096,-0.0053,0.0109,0.104,0.7946,3.1470,-0.066,0.0000,0.0000,-89.997,0.000,0.0000,0.000,0.0000,0.0074,0.0110,1.4740,nan,nan,nan,nan,nan,nan,nan,nan,nan,nan,nan,nan,nan
0.650,0.000,0.8006,3.1583,-89.997,0.7953,3.1487,-89.893,0.0096,-0.0053,0.0109,0.104,0.7946,3.1470,-0.066,0.0000,0.0000,-89.997,0.000,0.0000,0.000,0.0000,0.0074,0.0110,1.4740,nan,nan,nan,nan,nan,nan,nan,nan,nan,nan,nan,nan,nan
0.700,0.000,0.8006,3.1583,-89.997,0.7953,3.1487,-89.893,0.0096,-0.0053,0.0109,0.104,0.7946,3.1470,-0.066,0.0000,0.0000,-89.997,0.000,0.0000,0.000,0.0000,0.0074,0.0110,1.4740,nan,nan,nan,nan,nan,nan,nan,nan,nan,nan,nan,nan,nan
0.750,0.000,0.8006,3.1583,-89.997,0.7953,3.1487,-89.893,0.0096,-0.0053,0.0109,0.104,0.7946,3.1470,-0.066,0.0000,0.0000,-89.997,0.000,0.0000,0.000,0.0000,0.0074,0.0110,1.4740,nan,nan,nan,nan,nan,nan,nan,nan,nan,nan,nan,nan,nan
0.800,0.000,0.8006,3.1583,-89.997,0.7953,3.1487,-89.893,0.0096,-0.0053,0.0109,0.104,0.7946,3.1470,-0.066,0.0000,0.0000,-89.997,0.000,0.0000,0.000,0.0000,0.0074,0.0110,1.4740,nan,nan,nan,nan,nan,nan,nan,nan,nan,nan,nan,nan,nan
0.850,0.000,0.8007,3.1583,-89.997,0.7949,3.1479,-89.976,0.0104,-0.0058,0.0119,0.021,0.7946,3.1470,-0.066,0.0000,0.0000,-89.997,0.000,0.0000,0.000,0.0001,0.0073,0.0119,1.6400,nan,nan,nan,nan,nan,nan,nan,nan,nan,nan,nan,nan,nan
0.900,0.000,0.8007,3.1583,-89.997,0.7946,3.1470,-90.063,0.0113,-0.0061,0.0129,-0.066,0.7944,3.1491,-0.140,0.0000,0.0000,-89.997,0.000,0.0000,0.000,0.0001,0.0073,0.0131,1.8000,nan,nan,nan,nan,nan,nan,nan,nan,nan,nan,nan,nan,nan
0.950,0.000,0.8007,3.1583,-89.997,0.7946,3.1470,-90.063,0.0113,-0.0061,0.0129,-0.066,0.7944,3.1491,-0.140,0.0000,0.0000,-89.997,0.000,0.0000,0.000,0.0001,0.0073,0.0131,1.8000,nan,nan,nan,nan,nan,nan,nan,nan,nan,nan,nan,nan,nan
1.000,0.000,0.8007,3.1583,-89.997,0.7946,3.1470,-90.063,0.0113,-0.0061,0.0129,-0.066,0.7944,3.1491,-0.140,0.0000,0.0000,-89.997,0.000,0.0000,0.000,0.0001,0.0073,0.0131,1.8000,nan,nan,nan,nan,nan,nan,nan,nan,nan,nan,nan,nan,nan
1.050,0.000,0.8007,3.1583,-89.997,0.7946,3.1470,-90.063,0.0113,-0.0061,0.0129,-0.066,0.7944,3.1491,-0.140,0.0000,0.0000,-89.997,0.000,0.0000,0.000,0.0001,0.0073,0.0131,1.8000,nan,nan,nan,nan,nan,nan,nan,nan,nan,nan,nan,nan,nan
1.100,0.000,0.8007,3.1583,-89.997,0.7946,3.1470,-90.063,0.0113,-0.0061,0.0129,-0.066,0.7944,3.1491,-0.140,0.0000,0.0000,-89.997,0.000,0.0000,0.000,0.0001,0.0073,0.0131,1.8000,nan,nan,nan,nan,nan,nan,nan,nan,nan,nan,nan,nan,nan
1.150,0.000,0.8007,3.1583,-89.997,0.7946,3.1470,-90.063,0.0113,-0.0061,0.0129,-0.066,0.7944,3.1491,-0.140,0.0000,0.0000,-89.997,0.000,0.0000,0.000,0.0001,0.0073,0.0131,1.8000,nan,nan,nan,nan,nan,nan,nan,nan,nan,nan,nan,nan,nan
1.200,0.000,0.8007,3.1583,-89.997,0.7946,3.1470,-90.063,0.0113,-0.0061,0.0129,-0.066,0.7944,3.1491,-0.140,0.0000,0.0000,-89.997,0.000,0.0000,0.000,0.0001,0.0073,0.0131,1.8000,nan,nan,nan,nan,nan,nan,nan,nan,nan,nan,nan,nan,nan
1.250,0.000,0.8007,3.1583,-89.997,0.7946,3.1470,-90.063,0.0113,-0.0061,0.0129,-0.066,0.7943,3.1488,-0.089,0.0000,0.0000,-89.997,0.000,0.0000,0.000,0.0001,0.0073,0.0131,1.8000,nan,nan,nan,nan,nan,nan,nan,nan,nan,nan,nan,nan,nan
1.300,0.000,0.8007,3.1583,-89.997,0.7945,3.1480,-90.098,0.0103,-0.0062,0.0120,-0.101,0.7943,3.1488,-0.089,0.0000,0.0000,-89.997,0.000,0.0000,0.000,0.0001,0.0073,0.0136,1.8800,nan,nan,nan,nan,nan,nan,nan,nan,nan,nan,nan,nan,nan
1.350,0.000,0.8007,3.1583,-89.997,0.7944,3.1491,-90.137,0.0092,-0.0063,0.0111,-0.140,0.7943,3.1488,-0.089,0.0000,0.0000,-89.997,0.000,0.0000,0.000,0.0001,0.0073,0.0143,1.9536,nan,nan,nan,nan,nan,nan,nan,nan,nan,nan,nan,nan,nan
1.401,0.000,0.8007,3.1583,-89.997,0.7944,3.1491,-90.137,0.0092,-0.0063,0.0111,-0.140,0.7943,3.1488,-0.089,0.0000,0.0000,-89.997,0.000,0.0000,0.000,0.0001,0.0073,0.0143,1.9536,nan,nan,nan,nan,nan,nan,nan,nan,nan,nan,nan,nan,nan
1.450,0.000,0.8007,3.1583,-89.997,0.7944,3.1491,-90.137,0.0092,-0.0063,0.0111,-0.140,0.7943,3.1488,-0.089,0.0000,0.0000,-89.997,0.000,0.0000,0.000,0.0001,0.0073,0.0143,1.9536,nan,nan,nan,nan,nan,nan,nan,nan,nan,nan,nan,nan,nan
1.500,0.000,0.8007,3.1583,-89.997,0.7944,3.1491,-90.137,0.0092,-0.0063,0.0111,-0.140,0.7943,3.1488,-0.089,0.0000,0.0000,-89.997,0.000,0.0000,0.000,0.0001,0.0073,0.0143,1.9536,nan,nan,nan,nan,nan,nan,nan,nan,nan,nan,nan,nan,nan
1.550,0.000,0.8007,3.1583,-89.997,0.7944,3.1491,-90.137,0.0092,-0.0063,0.0111,-0.140,0.7943,3.1488,-0.089,0.0000,0.0000,-89.997,0.000,0.0000,0.000,0.0001,0.0073,0.0143,1.9536,0.0000,0.0000,nan,0.0300,0.0530,0.0021,0.4841,0.8000,-0.1704,-0.2067,-0.2405,3.1262,0.5303
1.600,0.000,0.8007,3.1583,-89.997,0.7944,3.1491,-90.137,0.0092,-0.0063,0.0111,-0.140,0.7943,3.1488,-0.089,0.0000,0.0000,-89.997,0.000,0.0000,0.000,0.0001,0.0073,0.0143,1.9536,0.0000,0.0000,nan,0.0594,0.1049,0.0042,0.4841,0.8000,-0.1704,-0.2067,-0.2405,3.1262,1.0490
1.650,0.000,0.8007,3.1582,-89.997,0.7944,3.1491,-90.137,0.0091,-0.0063,0.0111,-0.140,0.7943,3.1488,-0.089,0.0000,0.0000,-89.997,0.028,0.0014,0.000,0.0001,0.0073,0.0143,1.9536,0.0000,0.0000,nan,0.0601,0.1062,0.0042,0.4841,0.8000,-0.1704,-0.2067,-0.2405,3.1262,1.0617
1.700,0.005,0.8007,3.1537,-89.914,0.7943,3.1441,-90.021,0.0095,-0.0064,0.0115,-0.106,0.7943,3.1488,-0.089,0.0000,-0.0048,-89.914,0.097,0.0560,0.005,0.0002,0.0073,0.0139,1.9034,0.0000,0.0000,0.0000,0.0599,0.1059,0.0042,0.4841,0.8000,-0.1704,-0.2067,-0.2405,3.1262,1.0594
1.750,0.010,0.8007,3.1483,-89.688,0.7943,3.1388,-89.777,0.0095,-0.0064,0.0115,-0.089,0.7943,3.1488,-0.089,0.0000,-0.0100,-89.688,0.099,0.0749,0.010,0.0001,0.0073,0.0134,1.8467,0.0852,0.0852,0.0254,0.1015,0.1149,0.0046,0.4866,0.8000,-0.1715,-0.2045,-0.2405,3.1262,0.2968
1.800,0.016,0.8008,3.1427,-89.430,0.7943,3.1388,-89.777,0.0038,-0.0065,0.0076,-0.347,0.7943,3.1488,-0.089,0.0000,-0.0100,-89.688,0.107,0.0825,0.016,0.0056,0.0068,0.0181,2.6554,0.0913,0.0913,0.0516,0.1437,0.1848,0.0073,0.4211,0.8000,-0.1725,-0.1840,-0.2320,3.1957,0.9352
1.850,0.016,0.8008,3.1427,-89.430,0.7944,3.1331,-89.519,0.0095,-0.0065,0.0116,-0.089,0.7943,3.1488,-0.089,0.0001,-0.0157,-89.430,0.107,0.0825,0.016,0.0001,0.0068,0.0128,1.8723,0.1037,0.1037,0.0802,0.1879,0.2535,0.0100,0.4204,0.8000,-0.1735,-0.1795,-0.2320,3.1957,1.4440
1.900,0.022,0.8009,3.1362,-89.155,0.7944,3.1267,-89.245,0.0094,-0.0066,0.0115,-0.089,0.7943,3.1488,-0.089,0.0002,-0.0221,-89.155,0.135,0.0897,0.022,0.0001,0.0068,0.0122,1.8071,0.1161,0.1161,0.0896,0.2075,0.2787,0.0110,0.4199,0.8000,-0.1747,-0.1747,-0.2320,3.1957,1.3998
1.950,0.031,0.8011,3.1271,-88.801,0.7946,3.1173,-88.890,0.0096,-0.0067,0.0117,-0.089,0.7943,3.1488,-0.089,0.0004,-0.0315,-88.801,0.192,0.1278,0.031,0.0003,0.0062,0.0113,1.8062,0.1689,0.1689,0.1337,0.2601,0.3317,0.0131,0.4203,0.8000,-0.1762,-0.1686,-0.2320,3.1957,0.9640
2.000,0.044,0.8014,3.1144,-88.336,0.7950,3.1044,-88.426,0.0098,-0.0067,0.0119,-0.089,0.7943,3.1488,-0.089,0.0007,-0.0444,-88.336,0.250,0.1647,0.044,0.0005,0.0072,0.0126,1.7568,0.2364,0.2364,0.1074,0.3231,0.3920,0.0155,0.4203,0.8000,-0.1762,-0.1686,-0.2320,3.1957,0.6586
2.050,0.059,0.8020,3.0995,-87.763,0.7955,3.0896,-87.852,0.0097,-0.0069,0.0119,-0.089,0.7943,3.1488,-0.089,0.0013,-0.0592,-87.763,0.284,0.1875,0.059,0.0004,0.0066,0.0114,1.7226,0.2364,0.2364,0.1435,0.3583,0.4542,0.0180,0.4213,0.8000,-0.1783,-0.1604,-0.2320,3.1957,0.9216
2.100,0.076,0.8028,3.0822,-87.112,0.7964,3.0718,-87.201,0.0101,-0.0069,0.0122,-0.089,0.7943,3.1488,-0.089,0.0022,-0.0770,-87.112,0.345,0.2294,0.077,0.0009,0.0063,0.0100,1.5923,0.2588,0.2588,0.1858,0.3890,0.4916,0.0195,0.4215,0.8000,-0.1805,-0.1504,-0.2320,3.1957,0.8997
2.150,0.099,0.8042,3.0592,-86.228,0.7979,3.0483,-86.317,0.0105,-0.0070,0.0126,-0.089,0.7943,3.1488,-0.089,0.0038,-0.1005,-86.228,0.443,0.2938,0.101,0.0014,0.0056,0.0080,1.4224,0.3218,0.3218,0.2275,0.4623,0.5734,0.0227,0.4227,0.8000,-0.1829,-0.1233,-0.2235,3.2651,0.7820
2.200,0.125,0.8062,3.0338,-85.275,0.8000,3.0227,-85.364,0.0105,-0.0071,0.0127,-0.089,0.7968,3.1461,-0.072,0.0059,-0.1261,-85.275,0.490,0.3262,0.126,0.0016,0.0073,0.0114,1.5694,0.4219,0.4219,0.3454,0.5492,0.6510,0.0258,0.3576,0.8000,-0.1855,-0.1078,-0.2235,3.2651,0.5430
2.250,0.155,0.8091,3.0037,-84.126,0.8031,2.9919,-84.215,0.0112,-0.0072,0.0133,-0.089,0.7968,3.1461,-0.072,0.0091,-0.1569,-84.126,0.579,0.3239,0.157,0.0024,0.0057,0.0089,1.5508,0.4625,0.4625,0.3791,0.6418,0.7840,0.0310,0.3549,0.8000,-0.1878,-0.0912,-0.2235,3.2651,0.6951
2.300,0.189,0.8130,2.9698,-83.035,0.8066,2.9573,-84.215,0.0116,-0.0079,0.0140,-1.180,0.7968,3.1461,-0.072,0.0126,-0.1914,-84.126,0.659,0.3664,0.192,0.0029,0.0045,0.0259,5.6966,0.5772,0.5772,0.4513,0.7495,0.8875,0.0351,0.2909,0.8000,-0.1897,-0.0559,-0.2151,3.3346,0.5376
2.350,0.189,0.8130,2.9698,-83.035,0.8066,2.9573,-83.124,0.0116,-0.0079,0.0140,-0.089,0.7968,3.1461,-0.072,0.0126,-0.1914,-83.035,0.659,0.3664,0.192,0.0029,0.0045,0.0073,1.5957,0.6139,0.6139,0.5308,0.8395,1.0188,0.0403,0.2876,0.8000,-0.1917,-0.0369,-0.2151,3.3346,0.6597
2.400,0.229,0.8183,2.9302,-81.785,0.8124,2.9167,-81.874,0.0125,-0.0078,0.0147,-0.089,0.7968,3.1461,-0.072,0.0185,-0.2321,-81.785,0.773,0.3514,0.233,0.0040,0.0032,0.0054,1.6716,0.7090,0.7090,0.6242,0.9606,1.1608,0.0460,0.2257,0.8000,-0.1919,-0.0004,-0.2067,3.4041,0.6372
2.450,0.281,0.8264,2.8791,-80.442,0.8211,2.8646,-80.531,0.0134,-0.0076,0.0154,-0.089,0.7963,3.1437,0.351,0.0272,-0.2841,-80.442,0.876,0.3928,0.286,0.0051,0.0047,0.0075,1.6146,0.7090,0.7090,0.5297,0.9600,1.1598,0.0459,0.2257,0.8000,-0.1919,-0.0004,-0.2067,3.4041,0.6357
2.500,0.335,0.8361,2.8261,-79.082,0.8315,2.8101,-79.171,0.0148,-0.0075,0.0166,-0.089,0.7963,3.1437,0.351,0.0378,-0.3386,-79.082,1.005,0.3538,0.341,0.0068,0.0031,0.0050,1.5846,0.8791,0.8791,0.6379,1.1088,1.2939,0.0512,0.1679,0.8000,-0.1905,0.0371,-0.1984,3.4735,0.4719
2.550,0.396,0.8485,2.7656,-77.868,0.8448,2.7478,-77.957,0.0166,-0.0074,0.0182,-0.089,0.7978,3.1416,0.327,0.0511,-0.4009,-77.868,1.138,0.3050,0.405,0.0088,0.0019,0.0029,1.5128,0.9910,0.9910,0.7360,1.2727,1.4987,0.0594,0.1532,0.8000,-0.1871,0.0743,-0.1901,3.5430,0.5123
2.600,0.462,0.8629,2.7018,-76.899,0.8600,2.6821,-76.988,0.0186,-0.0073,0.0200,-0.089,0.7978,3.1416,0.327,0.0664,-0.4666,-76.899,1.275,0.3036,0.472,0.0109,0.0011,0.0014,1.2174,1.1617,1.1617,0.8590,1.4607,1.7018,0.0674,0.0929,0.8000,-0.1810,0.0955,-0.1901,3.5430,0.4649
2.650,0.540,0.8814,2.6256,-75.863,0.8708,2.6408,-76.977,-0.0174,-0.0065,0.0185,-1.114,0.7978,3.1416,0.327,0.0756,-0.5061,-76.899,1.458,0.2175,0.555,0.0270,0.0052,0.0346,6.6642,1.1532,1.1532,1.1969,1.5229,1.8182,0.0720,0.0369,0.8000,-0.1726,0.1254,-0.1819,3.6125,0.5766
2.700,0.634,0.9051,2.5346,-75.109,0.8819,2.5997,-75.935,-0.0689,-0.0057,0.0691,-0.826,0.7978,3.1435,0.652,0.0858,-0.5463,-75.863,1.638,0.1193,0.652,0.0796,0.0019,0.0408,21.6127,1.3116,1.3116,1.3568,1.7249,2.0552,0.0814,-0.0535,0.8000,-0.1583,0.1678,-0.1655,3.7514,0.5669
2.750,0.634,0.9051,2.5346,-75.109,0.9068,2.5053,-75.181,0.0288,-0.0059,0.0294,-0.072,0.7978,3.1435,0.652,0.1109,-0.6407,-75.109,1.638,0.1193,0.652,0.0181,0.0019,0.0001,0.0513,1.8601,1.8601,1.5698,2.0067,2.1379,0.0847,-0.1408,1.0230,-0.1400,0.1923,-0.1573,3.8209,0.1494
2.800,0.730,0.9300,2.4419,-74.806,0.9327,2.4094,-74.877,0.0321,-0.0059,0.0326,-0.072,0.7916,3.1449,1.169,0.1369,-0.7366,-74.806,1.784,0.0260,0.751,0.0215,0.0002,0.0000,0.0000,1.7475,1.7475,1.7497,2.2725,2.6930,0.1067,-0.1809,0.9611,-0.1197,0.2183,-0.1410,3.9598,0.5410
2.850,0.840,0.9585,2.3358,-75.298,0.9628,2.2983,-75.287,0.0373,-0.0054,0.0377,0.010,0.7916,3.1449,1.169,0.1660,-0.8474,-75.298,1.970,-0.2652,0.866,0.0261,0.0070,0.0025,0.3542,2.0823,2.0823,1.8580,4.3674,6.1420,0.2432,-0.1998,1.1452,-0.0954,0.2192,-0.1329,4.0293,1.9497
2.900,0.948,0.9849,2.2314,-76.623,0.9941,2.1882,-76.272,0.0441,-0.0010,0.0441,0.351,0.8038,3.1459,0.353,0.1920,-0.9567,-76.623,2.095,-0.5439,0.978,0.0308,0.0072,0.0000,0.0067,2.0823,2.0823,1.5919,4.3674,6.1420,0.2432,-0.2055,1.1452,-0.0928,0.2225,-0.1329,4.0293,1.9497
2.950,1.073,1.0120,2.1090,-78.683,1.0257,2.0352,-78.332,0.0751,-0.0010,0.0751,0.351,0.8026,3.1433,0.413,0.2226,-1.1099,-78.683,2.430,-0.7647,1.135,0.0617,0.0072,0.0003,0.0473,2.0694,2.0694,1.7082,4.4611,6.3174,0.2502,-0.2135,1.1382,-0.0660,0.2208,-0.1167,4.1683,2.0528
3.000,1.214,1.0369,1.9704,-81.332,1.0855,1.7098,-81.001,0.2649,0.0088,0.2651,0.331,0.8148,3.1417,-0.308,0.2797,-1.4338,-81.332,2.687,-0.9106,1.464,0.2497,0.0113,0.0266,2.3628,2.8565,2.8565,1.9305,4.5560,5.8889,0.2332,-0.1648,1.5711,-0.0360,0.1998,-0.1006,4.3072,1.0616
3.050,1.372,1.0570,1.8138,-84.391,1.1210,1.3694,-84.064,0.4485,0.0203,0.4490,0.327,0.8323,3.1677,-1.627,0.3131,-1.7740,-84.391,2.946,-0.8424,1.805,0.4332,0.0177,0.0376,2.1260,5.7473,5.7473,2.8662,4.7965,4.1242,0.1633,-0.1594,1.6000,0.0273,0.1812,-0.0598,4.6545,-0.2824
3.100,1.544,1.0704,1.6420,-86.985,1.1451,1.0616,-86.492,0.5835,0.0441,0.5852,0.493,0.8682,3.1709,-3.461,0.3294,-2.0839,-86.985,3.208,-0.8272,2.116,0.5707,0.0079,0.0420,5.3348,6.1165,6.1165,3.7713,5.0355,4.2670,0.1690,-0.1371,1.6000,0.0734,0.1434,-0.0302,5.0019,-0.3024
3.150,1.731,1.0764,1.4555,-89.685,1.1546,0.8462,-89.033,0.6098,0.0748,0.6143,0.652,0.8648,3.1767,-3.369,0.3306,-2.3013,-89.685,3.572,-0.8098,2.333,0.6010,0.0072,0.0382,5.2677,5.6060,5.6060,5.6791,5.2202,4.9801,0.1972,-0.1228,1.6000,0.1135,0.1076,-0.0073,5.2798,-0.1117
3.200,1.731,1.0764,1.4555,-89.685,1.1590,0.8476,-88.874,0.6084,0.0793,0.6135,0.811,0.8648,3.1767,-3.369,0.3306,-2.3013,-89.685,3.572,-0.8098,2.448,0.6010,0.0072,0.0498,6.8759,3.8871,3.8871,5.9761,5.3531,6.5172,0.2581,-0.0850,1.6000,0.1298,0.0616,0.0099,5.4882,0.6766
3.250,1.937,1.0736,1.2498,-92.202,1.1650,0.6219,-91.032,0.6239,0.1154,0.6345,1.169,0.8541,3.1593,-3.025,0.3218,-2.5300,-92.202,3.882,-0.7880,2.562,0.6235,0.0112,0.0596,5.3285,4.0540,4.0540,5.4584,5.4797,6.6145,0.2620,-0.0588,1.6000,0.1428,0.0190,0.0270,5.6966,0.6316
3.300,2.194,1.0580,0.9927,-95.066,1.1412,0.3140,-93.979,0.6688,0.1428,0.6838,1.087,0.8732,3.1572,-3.512,0.2946,-2.8371,-95.066,4.283,-0.6762,2.870,0.6726,0.0039,0.0602,15.3017,4.0540,4.0540,3.7428,5.4797,6.6145,0.2620,-0.0648,1.6000,0.1498,0.0229,0.0270,5.6966,0.6316
3.350,2.472,1.0287,0.7160,-97.210,1.0682,-0.0862,-96.855,0.7909,0.1399,0.8032,0.355,0.8543,3.1808,-3.001,0.2444,-3.2336,-97.210,4.548,-0.4904,3.270,0.7915,0.0203,0.0185,0.9130,4.8919,4.8919,4.2265,5.6727,6.3208,0.2503,-0.0097,1.6000,0.1291,-0.0452,0.0397,6.0440,0.2921
3.400,2.762,0.9888,0.4287,-98.763,1.0124,-0.4819,-98.354,0.8964,0.1620,0.9109,0.409,0.7988,3.1901,-1.657,0.1838,-3.6267,-98.763,4.802,-0.2945,3.668,0.8972,0.0069,0.0291,4.2208,6.3983,6.3983,4.6849,5.8876,5.5596,0.2202,0.0574,1.6000,0.0730,-0.1058,0.0305,6.4608,-0.1311
3.450,2.762,0.9888,0.4287,-98.763,0.9852,-0.4853,-98.941,0.9039,0.1357,0.9141,-0.177,0.7988,3.1901,-1.657,0.1838,-3.6267,-98.763,4.802,-0.2945,3.668,0.8972,0.0069,0.0284,4.1229,6.5161,6.5161,5.3497,6.0584,5.7723,0.2286,0.1082,1.6000,0.0134,-0.1440,0.0228,6.8081,-0.1142
3.500,3.034,0.9464,0.1602,-99.058,0.8749,-0.7981,-100.292,0.9576,0.0803,0.9610,-1.234,0.7375,3.1848,-0.370,0.1331,-3.9561,-99.058,5.090,0.0096,4.001,0.9580,0.0157,0.0673,4.2787,4.9450,4.9450,7.2767,6.2223,7.2521,0.2872,0.1558,1.6000,-0.0713,-0.1675,0.0151,7.1555,0.4666
3.550,3.392,0.8934,-0.1937,-97.338,0.7320,-1.1590,-100.078,0.9780,-0.0368,0.9787,-2.740,0.7293,3.1996,-0.101,0.0850,-4.3295,-97.338,5.279,0.7279,4.378,0.9776,0.0123,0.1409,11.4950,4.9450,4.9450,5.6913,6.2223,7.2521,0.2872,0.2057,1.6000,-0.1367,-0.1880,0.0151,7.1555,0.4666
3.600,3.774,0.8544,-0.5732,-93.723,0.6431,-1.5548,-97.137,0.9933,-0.1471,1.0041,-3.414,0.7167,3.2459,0.233,0.0587,-4.7336,-93.723,5.457,0.9709,4.782,1.0021,0.0247,0.1695,6.8574,5.5612,5.5612,5.6541,6.3793,7.0628,0.2797,0.2693,1.6000,-0.2896,-0.1908,0.0075,7.5029,0.2700
3.650,4.086,0.8420,-0.8851,-89.712,0.6318,-1.9524,-92.948,1.0662,-0.2156,1.0878,-3.236,0.6676,3.2829,1.096,0.0607,-5.1271,-89.712,5.692,1.4238,5.176,1.0839,0.0150,0.1701,11.3182,6.8598,6.8598,6.1084,6.1077,5.5991,0.2217,0.2392,1.6000,-0.3522,-0.1315,-0.0017,7.9197,-0.1838
3.700,4.405,0.8528,-1.2046,-85.216,0.6490,-2.3348,-88.355,1.1093,-0.2974,1.1485,-3.139,0.6597,3.3060,1.243,0.0916,-5.4969,-85.216,5.895,1.3117,5.547,1.1347,0.0057,0.1581,27.5690,7.0195,7.0195,6.0805,5.7837,4.9054,0.1943,0.1740,1.6000,-0.3620,-0.0550,-0.0114,8.2670,-0.3012
3.750,4.723,0.8883,-1.5199,-81.063,0.6289,-2.3343,-88.711,0.7642,-0.3827,0.8547,-7.649,0.6597,3.3060,1.243,0.0916,-5.4969,-85.216,5.655,1.3719,5.849,0.8187,0.0793,0.1786,2.2533,6.7254,6.7254,6.1892,5.4138,4.4745,0.1772,0.1016,1.6000,-0.3570,0.0309,-0.0353,8.6839,-0.3347
3.800,4.723,0.8883,-1.5199,-81.063,0.6838,-2.6176,-84.149,1.0526,-0.3726,1.1166,-3.086,0.6407,3.3529,1.471,0.1386,-5.7954,-81.063,5.655,1.3719,5.849,1.1184,0.0052,0.1555,30.0109,5.2953,5.2953,7.3950,5.1816,5.1472,0.2039,0.0055,1.6000,-0.3310,0.1136,-0.0530,8.9617,-0.0280
3.850,5.059,0.9522,-1.8498,-76.093,0.8032,-2.9043,-78.216,0.9878,-0.3980,1.0650,-2.123,0.6001,3.3620,1.921,0.2109,-6.0876,-76.093,5.217,1.1392,6.150,1.0811,0.0276,0.1072,3.8896,5.1200,5.1200,6.7983,4.9614,4.8908,0.1937,-0.1353,1.6000,-0.2364,0.2261,-0.0733,9.2396,-0.0448
3.900,5.339,1.0248,-2.1200,-73.486,0.9321,-3.1461,-74.606,0.9574,-0.3805,1.0302,-1.120,0.4901,3.4020,3.107,0.2827,-6.3297,-73.486,4.842,0.5151,6.403,1.0530,0.0001,0.1111,800.4100,5.1200,5.1200,4.8140,4.9614,4.8908,0.1937,-0.1810,1.6000,-0.1645,0.2455,-0.0733,9.2396,-0.0448
3.950,5.822,0.5996,-1.8897,-89.984,0.9809,-3.4175,-90.315,1.5279,0.3809,1.5747,-0.331,0.3913,3.3593,3.511,0.2827,-6.6030,-89.984,0.384,-0.0097,6.676,1.6285,0.0055,0.5406,99.0509,4.4170,4.4170,4.3386,4.7531,5.0552,0.2002,-0.3098,1.6000,-0.0290,0.3309,-0.0948,9.5175,0.1445
4.000,5.852,0.6000,-1.9197,-90.405,0.9958,-3.6720,-90.532,1.7494,0.4082,1.7964,-0.127,0.9467,3.4584,-3.542,0.2809,-6.8695,-90.405,0.678,-0.2246,6.943,1.8551,0.0072,0.5988,82.7630,5.0427,5.0427,4.2345,4.6045,4.3185,0.1710,-0.1657,1.6000,0.0256,0.0743,-0.1109,9.7259,-0.1436
4.050,5.898,0.5996,-1.9657,-91.631,1.0144,-3.9047,-91.483,1.9264,0.4699,1.9829,0.148,1.1564,3.4968,-6.567,0.2761,-7.1396,-91.631,0.963,-0.3050,7.213,2.0712,0.0106,0.6495,61.5470,4.7694,4.7694,3.9724,4.4155,4.1915,0.1660,-0.2158,1.6000,0.0657,0.1046,-0.1325,10.0038,-0.1212
4.100,5.960,0.5975,-2.0278,-92.589,1.0545,-4.0995,-91.821,2.0489,0.5501,2.1215,0.768,1.0411,3.5393,-5.647,0.2694,-7.3726,-92.589,1.246,-0.3883,7.446,2.2369,0.0075,0.7217,96.3183,4.7853,4.7853,4.0790,4.2800,3.9400,0.1560,-0.2512,1.6000,0.1145,0.1175,-0.1487,10.2122,-0.1766
4.150,6.026,0.5941,-2.0934,-93.890,1.0745,-4.2647,-92.718,2.1337,0.6266,2.2238,1.173,0.9559,3.5611,-4.980,0.2562,-7.5665,-93.890,1.486,-0.5124,7.640,2.3606,0.0075,0.7709,102.2497,4.2627,4.2627,4.7448,4.1492,4.1047,0.1626,-0.3091,1.6000,0.1936,0.1468,-0.1651,10.4206,-0.0371
4.200,6.122,0.5861,-2.1894,-96.096,1.0658,-4.4580,-94.760,2.2048,0.7179,2.3188,1.336,1.0131,3.5286,-5.471,0.2323,-7.7908,-96.096,1.773,-0.8052,7.866,2.4836,0.0111,0.7831,70.5001,3.7757,3.7757,4.2440,4.0642,4.3234,0.1712,-0.3370,1.6000,0.2316,0.1516,-0.1761,10.5596,0.1451
4.250,6.221,0.5737,-2.2874,-98.913,1.0519,-4.6320,-97.322,2.2422,0.8357,2.3929,1.591,1.0849,3.5409,-6.144,0.2001,-7.9960,-98.913,2.021,-1.0638,8.073,2.5858,0.0161,0.7876,48.9846,4.1047,4.1047,4.1400,3.9396,3.8538,0.1526,-0.3591,1.6000,0.2631,0.1547,-0.1927,10.7680,-0.0611
4.300,6.221,0.5737,-2.2874,-98.913,1.0757,-4.6159,-96.829,2.2227,0.8567,2.3820,2.084,1.0849,3.5409,-6.144,0.2001,-7.9960,-98.913,2.021,-1.0638,8.073,2.5858,0.0161,0.8132,50.5783,3.9393,3.9393,3.8681,3.8582,3.8354,0.1519,-0.3622,1.6000,0.2974,0.1386,-0.2040,10.9069,-0.0264
4.350,6.340,0.5522,-2.4039,-102.581,1.0849,-4.7968,-99.466,2.2194,1.0411,2.4514,3.115,0.9883,3.5413,-5.398,0.1505,-8.2182,-102.581,2.282,-1.2920,8.301,2.6858,0.0304,0.8493,27.9189,3.9309,3.9309,3.6944,3.7384,3.6300,0.1438,-0.3814,1.6000,0.3456,0.1309,-0.2211,11.1153,-0.0765
4.400,6.480,0.5168,-2.5397,-107.213,0.9964,-5.0415,-103.728,2.2478,1.1984,2.5473,3.485,1.0005,3.5450,-5.645,0.0866,-8.4245,-107.213,2.554,-1.4818,8.517,2.7515,0.0082,0.8339,101.8636,3.8161,3.8161,3.7223,3.6597,3.5778,0.1417,-0.3877,1.6000,0.3789,0.0960,-0.2327,11.2543,-0.0625
4.450,6.622,0.4699,-2.6740,-111.966,0.5101,-5.1565,-114.362,2.2873,0.9659,2.4829,-2.396,0.9774,3.6180,-5.569,0.0134,-8.6059,-111.966,2.824,-1.6670,8.713,2.7948,0.0121,0.2629,21.6510,3.8161,3.8161,3.1987,3.6206,3.5086,0.1390,-0.3405,1.6000,0.2668,0.0920,-0.2386,11.3237,-0.0806
4.500,6.792,0.3994,-2.8286,-117.901,0.1415,-5.2431,-123.643,2.2545,0.9020,2.4282,-5.742,1.0214,3.6752,-5.974,-0.0795,-8.7814,-117.901,3.117,-1.8981,8.911,2.8130,0.0345,0.1728,5.0088,3.6927,3.6927,3.8061,3.4657,3.3284,0.1318,-0.1121,1.6000,-0.1555,-0.0247,-0.2629,11.6016,-0.0987
4.550,6.968,0.3099,-2.9798,-123.966,-0.0332,-5.3472,-129.952,2.1551,1.0382,2.3922,-5.985,1.0769,3.7397,-6.378,-0.1857,-8.9390,-123.966,3.255,-1.6924,9.101,2.8174,0.0464,0.1660,3.5799,3.5299,3.5299,4.5849,3.3502,3.2476,0.1286,0.0446,1.6000,-0.4078,-0.1182,-0.2823,11.8100,-0.0799
4.600,7.147,0.2053,-3.1260,-126.512,-0.1323,-5.4662,-131.775,2.0817,1.1211,2.3644,-5.264,0.9698,3.8418,-5.604,-0.2924,-9.0832,-126.512,3.270,-0.3929,9.281,2.8152,0.0344,0.1536,4.4617,3.4501,3.4501,4.7705,3.2339,3.1025,0.1229,0.0649,1.6000,-0.4355,-0.1490,-0.3027,12.0184,-0.1008
4.650,7.329,0.0970,-3.2719,-126.052,-0.2521,-5.6085,-131.283,2.0946,1.0929,2.3626,-5.231,0.8906,3.9188,-5.082,-0.3976,-9.2277,-126.052,3.217,0.3061,9.460,2.8142,0.0077,0.1588,20.5629,3.2171,3.2171,5.5360,3.1161,3.0708,0.1216,0.0311,1.6000,-0.4538,-0.1166,-0.3243,12.2269,-0.0455
4.700,7.813,0.5364,-3.4750,-89.978,-0.2948,-5.7710,-95.748,2.2957,-0.8321,2.4419,-5.770,1.0916,3.8733,-6.243,-0.3976,-9.3927,-89.978,0.314,0.0144,9.624,2.7626,0.0093,0.5114,55.2843,3.3306,3.3306,4.1111,2.9967,2.7738,0.1099,-0.0610,1.6000,-0.4690,-0.0437,-0.3477,12.4353,-0.1672
4.750,7.839,0.5363,-3.5010,-89.910,-0.3071,-5.7614,-95.863,2.2590,-0.8470,2.4126,-5.953,1.0916,3.8733,-6.243,-0.3976,-9.3927,-89.978,0.615,0.0060,9.786,2.7366,0.0087,0.5201,59.4986,2.9309,2.9309,3.8134,2.9169,2.9354,0.1163,-0.5456,1.6000,-0.4085,0.6250,-0.3643,12.5742,0.0015
4.801,7.839,0.5363,-3.5010,-89.910,-0.3118,-5.9308,-95.358,2.4284,-0.8519,2.5735,-5.448,0.7708,3.8196,-4.264,-0.3973,-9.5537,-89.910,0.615,0.0060,9.786,2.8975,0.0087,0.4988,57.0561,2.8116,2.8116,3.2699,2.7982,2.8161,0.1115,-0.6119,1.5464,-0.3034,0.7094,-0.3908,12.7826,0.0016
4.850,7.883,0.5362,-3.5447,-90.135,-0.3511,-6.0666,-95.771,2.5239,-0.8814,2.6734,-5.636,0.3780,3.7669,-1.705,-0.3977,-9.7058,-90.135,0.910,-0.1228,9.938,3.0058,0.0087,0.5058,58.1708,2.7438,2.7438,3.2505,2.7589,2.7979,0.1108,-0.6646,1.5091,-0.2031,0.7362,-0.4003,12.8521,0.0197
4.900,7.942,0.5356,-3.6035,-91.572,-0.3811,-6.1553,-97.163,2.5760,-0.8464,2.7115,-5.590,0.0389,3.7467,0.507,-0.4020,-9.8624,-91.572,1.182,-0.8140,10.094,3.1036,0.0159,0.5169,32.5537,2.8902,2.8902,2.9925,2.6785,2.5450,0.1008,-0.6814,1.5896,-0.1346,0.7663,-0.4203,12.9910,-0.1194
4.950,8.012,0.5319,-3.6739,-95.319,-0.4317,-6.2397,-101.266,2.6440,-0.7216,2.7407,-5.947,-0.2708,3.7353,2.535,-0.4155,-10.0080,-95.319,1.429,-1.4896,10.240,3.1792,0.0128,0.5127,39.9465,2.8902,2.8902,1.9171,2.6785,2.5450,0.1008,-0.6669,1.5896,-0.1934,0.7649,-0.4203,12.9910,-0.1194
5.000,8.100,0.5201,-3.7606,-100.813,-0.4894,-6.3146,-107.127,2.6980,-0.5125,2.7463,-6.314,-0.6282,3.7274,4.865,-0.4435,-10.1544,-100.813,1.698,-1.9089,10.390,3.2396,0.0202,0.5156,25.5581,2.6420,2.6420,1.5863,2.6371,2.6597,0.1053,-0.6986,1.4531,-0.1590,0.7228,-0.4309,13.0605,0.0067
5.050,8.207,0.4945,-3.8643,-107.727,-0.5257,-6.3685,-113.526,2.6959,-0.2093,2.7040,-5.799,-0.8964,3.6958,6.611,-0.4856,-10.2863,-107.727,2.022,-2.3172,10.528,3.2686,0.0355,0.4997,14.0842,2.5840,2.5840,1.3173,2.5947,2.6287,0.1041,-0.6928,1.4212,-0.1303,0.6532,-0.4420,13.1300,0.0173
5.100,8.323,0.4523,-3.9732,-115.423,-0.5718,-6.4295,-120.676,2.6581,0.1296,2.6613,-5.253,-1.1018,3.6538,8.056,-0.5370,-10.4160,-115.423,2.205,-2.4921,10.668,3.2899,0.0507,0.4792,9.4587,2.5153,2.5153,1.0205,2.5514,2.6043,0.1031,-0.6784,1.3834,-0.1025,0.5758,-0.4536,13.1994,0.0354
5.150,8.449,0.3910,-4.0830,-123.535,-0.6619,-6.5276,-129.283,2.6194,0.4729,2.6617,-5.748,-1.2460,3.6240,9.104,-0.6158,-10.5349,-123.535,2.285,-2.5173,10.811,3.3001,0.0147,0.4492,30.5584,2.4908,2.4908,1.1437,2.5075,2.5451,0.1008,-0.6525,1.3699,-0.0741,0.4818,-0.4657,13.2689,0.0218
5.200,8.573,0.3159,-4.1819,-131.301,-0.7475,-6.6768,-136.642,2.5762,0.8478,2.7121,-5.340,-1.0758,3.6475,8.247,-0.7058,-10.6374,-131.301,2.322,-2.4481,10.947,3.3046,0.0232,0.4238,18.2601,2.5543,2.5543,1.9232,2.4170,2.3371,0.0926,-0.6364,1.4049,-0.0179,0.3902,-0.4919,13.4079,-0.0850
5.250,8.703,0.2239,-4.2739,-139.092,-0.8064,-6.8597,-142.480,2.4720,1.2795,2.7835,-3.389,-1.0758,3.6475,8.247,-0.8102,-10.7279,-139.092,2.318,-2.3546,11.085,3.3039,0.0386,0.4247,11.0105,2.5394,2.5394,2.2841,2.3225,2.1815,0.0864,-0.6555,1.3966,0.1099,0.3465,-0.5208,13.5468,-0.1409
5.300,8.832,0.1214,-4.3518,-146.594,-0.7333,-6.9469,-140.267,2.1423,1.6958,2.7323,6.328,-1.2866,3.6654,9.527,-0.8102,-10.7279,-139.092,2.213,-2.2622,11.216,3.2205,0.1803,0.4497,2.4935,2.5361,2.5361,2.6639,2.2234,2.0088,0.0796,-0.6766,1.3949,0.2638,0.3219,-0.5521,13.6858,-0.2079
5.350,8.832,0.1214,-4.3518,-146.594,-0.7733,-7.0670,-145.770,2.2418,1.7740,2.8588,0.824,-1.1965,3.6321,9.044,-0.9192,-10.7997,-146.594,2.213,-2.2622,11.216,3.2984,0.0543,0.5012,9.2240,2.3908,2.3908,3.0084,2.2169,2.1074,0.0835,-0.7034,1.3149,0.3875,0.2674,-0.5684,13.7552,-0.1185
5.400,8.945,0.0235,-4.4084,-153.388,-0.8047,-7.1513,-150.709,1.9692,2.0813,2.8652,2.679,-1.2893,3.5309,9.648,-1.0201,-10.8503,-153.388,2.074,-2.1986,11.328,3.2926,0.0621,0.5767,9.2882,2.0097,2.0097,3.1404,2.2103,2.3844,0.0944,-0.8011,1.1054,0.4702,0.2228,-0.5849,13.8247,0.1864
5.450,10.008,0.5365,-3.4773,-90.479,-0.7225,-7.2774,-85.779,3.8104,-1.2272,4.0032,4.700,-1.0787,3.6305,8.251,-1.0210,-10.9585,-90.479,0.343,-0.4034,11.437,4.3886,0.0110,0.5743,52.3027,1.9276,1.9276,2.2745,2.2169,2.4582,0.0974,-0.8643,1.0602,0.5182,0.2160,-0.5684,13.7552,0.2752
5.500,10.032,0.5357,-3.5012,-92.074,-0.6529,-7.4026,-85.757,3.9419,-1.0466,4.0784,6.318,-1.1662,3.5190,8.853,-1.0246,-11.0581,-92.074,0.600,-0.7116,11.536,4.4638,0.0112,0.5274,47.2314,1.9276,1.9276,2.0159,2.2234,2.4697,0.0978,-0.8624,1.0602,0.6630,1.3086,-0.5521,13.6858,0.2812
5.550,10.080,0.5324,-3.5486,-95.727,-0.5828,-7.5733,-88.080,4.1159,-0.7080,4.1763,7.648,-1.1662,3.5190,8.853,-1.0389,-11.2003,-95.727,0.905,-1.2626,11.679,4.5590,0.0216,0.4560,21.0959,1.7442,1.7442,2.1065,2.2234,2.6086,0.1033,-0.7999,0.9593,0.8045,1.3078,-0.5521,13.6858,0.4956
5.600,10.137,0.5244,-3.6050,-100.465,-0.5269,-7.7237,-91.760,4.2412,-0.2858,4.2508,8.705,-1.3901,3.4622,10.100,-1.0626,-11.3288,-100.465,1.175,-1.5904,11.810,4.6327,0.0323,0.3961,12.2504,2.5906,2.5906,2.6830,2.2234,1.9675,0.0779,-0.6411,1.4248,0.9892,1.2662,-0.5521,13.6858,-0.2405
5.650,10.209,0.5080,-3.6753,-106.000,-0.5196,-7.8551,-97.361,4.3011,0.1643,4.3043,8.639,-1.6282,3.4483,11.473,-1.0993,-11.4567,-106.000,1.457,-1.7521,11.943,4.6929,0.0114,0.3495,30.6898,2.3201,2.3201,2.7602,2.2234,2.1724,0.0860,-0.6162,1.2761,1.1458,1.2004,-0.5521,13.6858,-0.0637
5.700,10.296,0.4801,-3.7581,-111.282,-0.5213,-7.9350,-102.440,4.2555,0.5829,4.2953,8.842,-1.6282,3.4483,11.473,-1.1369,-11.5533,-111.282,1.692,-1.7128,12.047,4.7083,0.0168,0.3258,19.4322,2.3440,2.3440,2.9743,2.2169,2.1428,0.0849,-0.5543,1.2892,1.2579,1.1323,-0.5684,13.7552,-0.0859
5.750,10.395,0.4400,-3.8484,-116.915,-0.5103,-7.9881,-101.940,4.1214,1.0266,4.2473,14.975,-1.6204,3.5163,11.449,-1.1577,-11.6068,-111.282,1.887,-1.6980,12.161,4.6686,0.0248,0.3062,12.3547,2.0119,2.0119,2.6806,2.2169,2.3944,0.0948,-0.5094,1.1065,1.3329,1.0540,-0.5684,13.7552,0.1901
5.800,10.395,0.4400,-3.8484,-116.915,-0.5238,-8.0938,-107.695,4.2218,1.0623,4.3534,9.220,-1.6204,3.5163,11.449,-1.1835,-11.6574,-116.915,1.887,-1.6980,12.161,4.7230,0.0248,0.2890,11.6607,1.9821,1.9821,2.6046,2.2169,2.4169,0.0957,-0.5050,1.0901,1.4477,0.9560,-0.5684,13.7552,0.2194
5.850,10.502,0.3871,-3.9415,-122.298,-0.5599,-8.2517,-112.893,4.1493,1.5026,4.4130,9.405,-1.7780,3.6037,12.307,-1.2448,-11.7544,-122.298,2.007,-1.6539,12.276,4.7283,0.0326,0.2694,8.2637,2.0468,2.0468,2.5726,2.2103,2.3563,0.0933,-0.5021,1.1257,1.6028,0.9050,-0.5849,13.8247,0.1512
5.900,10.622,0.3184,-4.0397,-127.862,-0.6860,-8.3027,-119.569,3.9820,1.8236,4.3797,8.294,-1.7780,3.6037,12.307,-1.3254,-11.8582,-127.862,2.176,-1.7411,12.407,4.7358,0.0460,0.2661,5.7870,2.4653,2.4653,2.5218,2.2103,2.0393,0.0808,-0.5114,1.3559,1.6969,0.8430,-0.6017,13.8942,-0.1728
5.950,10.744,0.2389,-4.1325,-133.456,-0.7262,-8.5017,-124.638,3.8354,2.3045,4.4745,8.818,-1.7730,3.7383,12.373,-1.4139,-11.9516,-133.456,2.254,-1.7858,12.536,4.7381,0.0150,0.2419,16.0844,2.2889,2.2889,2.0180,2.2103,2.1730,0.0861,-0.5151,1.2589,1.6766,0.8329,-0.6017,13.8942,-0.0506
6.000,10.868,0.1498,-4.2181,-139.086,-0.8047,-8.6032,-130.234,3.5932,2.6886,4.4877,8.853,-1.7730,3.7383,12.373,-1.5083,-12.0334,-139.086,2.223,-1.7858,12.661,4.7353,0.0238,0.2251,9.4718,2.2889,2.2889,2.4727,2.2103,2.1730,0.0861,-0.4890,1.2589,1.8386,0.7423,-0.6017,13.8942,-0.0506
6.050,11.000,0.0453,-4.2992,-145.212,-0.8668,-8.7279,-135.439,3.2758,3.1168,4.5216,9.773,-1.5677,3.8834,11.339,-1.6138,-12.1067,-145.212,2.039,-1.5819,12.789,4.7278,0.0484,0.2160,4.4597,2.1471,2.1471,2.4726,2.2103,2.2804,0.0903,-0.4992,1.1809,1.9233,0.6891,-0.6200,13.9636,0.0621
6.100,11.961,0.5365,-3.4730,-90.138,-0.7999,-8.8541,-79.180,5.3843,-1.3234,5.5446,10.958,-1.5677,3.8834,11.339,-1.6141,-12.2237,-90.138,0.254,-0.2042,12.906,5.7530,0.0102,0.0726,7.1303,2.1589,2.1589,2.2433,2.2103,2.2714,0.0900,-0.4874,1.1874,2.0421,0.6014,-0.6200,13.9636,0.0521
6.150,11.981,0.5361,-3.4927,-91.057,-0.7581,-8.9187,-79.598,5.4490,-1.1939,5.5782,11.460,-1.7003,3.9548,11.866,-1.6160,-12.3293,-91.057,0.530,-0.4314,13.012,5.8369,0.0101,0.0723,7.1549,1.9935,1.9935,2.6661,2.2103,2.3967,0.0949,-0.0039,1.0964,2.1660,1.5838,-0.6200,13.9636,0.2023
6.200,12.026,0.5342,-3.5382,-93.093,-0.7571,-8.8885,-79.609,5.4122,-1.0006,5.5039,13.485,-1.3734,4.0787,10.103,-1.6160,-12.3293,-91.057,0.864,-0.5516,13.153,5.7922,0.0304,0.0797,2.6208,1.9634,1.9634,1.9641,2.2103,2.4195,0.0958,-0.0159,1.0799,2.2167,1.5701,-0.6200,13.9636,0.2323
6.250,12.026,0.5342,-3.5382,-93.093,-0.7259,-8.9928,-81.345,5.5146,-0.9640,5.5982,11.749,-1.0635,4.1531,8.440,-1.6237,-12.4702,-93.093,0.864,-0.5516,13.153,5.9311,0.0147,0.0928,6.3031,2.5067,2.5067,2.1186,2.2103,2.0079,0.0795,-0.0323,1.3787,2.3471,1.5345,-0.6200,13.9636,-0.1990
6.300,12.081,0.5305,-3.5923,-93.500,-0.6873,-9.0482,-81.193,5.5200,-0.8824,5.5901,12.307,-0.8507,4.2394,7.345,-1.6312,-12.5935,-93.500,1.138,-0.0264,13.276,5.9994,0.0082,0.1237,15.1082,2.2035,2.2035,1.9056,2.2103,2.2376,0.0886,-0.0354,1.2119,2.4125,1.5367,-0.6200,13.9636,0.0155
6.350,12.160,0.5254,-3.6711,-93.630,-0.6627,-9.1607,-81.310,5.5538,-0.8382,5.6167,12.319,-0.3987,4.3265,5.037,-1.6400,-12.7322,-93.630,1.444,-0.0680,13.415,6.0586,0.0096,nan,nan,2.2035,2.2035,1.0916,2.2103,2.2376,0.0886,-0.0374,1.2119,2.3757,1.5424,-0.6200,13.9636,0.0155
6.400,12.262,0.5186,-3.7729,-93.912,-0.6292,-9.1665,-81.539,5.4593,-0.7772,5.5144,12.373,-0.2671,4.4187,4.374,-1.6481,-12.8501,-93.912,1.842,-0.1049,13.533,6.0745,0.0086,nan,nan,2.2056,2.2056,1.2306,2.2103,2.2360,0.0886,-0.0395,1.2131,2.4560,1.5407,-0.6200,13.9636,0.0138
6.450,12.374,0.5105,-3.8847,-94.281,-0.6124,-9.2849,-81.907,5.4689,-0.7167,5.5157,12.373,0.3051,4.4879,1.360,-1.6570,-12.9694,-94.281,2.107,-0.1248,13.653,6.0820,0.0093,nan,nan,1.9766,1.9766,1.1856,2.2103,2.4095,0.0954,-0.0444,1.0871,2.5026,1.5364,-0.6200,13.9636,0.2190
6.500,12.495,0.5010,-4.0051,-94.703,-0.6206,-9.3105,-83.125,5.3795,-0.6828,5.4227,11.579,0.3051,4.4879,1.360,-1.6671,-13.0922,-94.703,2.202,-0.1474,13.776,6.0844,0.0098,nan,nan,2.1357,2.1357,1.0546,2.2103,2.2890,0.0907,-0.0451,1.1746,2.6000,1.5268,-0.6200,13.9636,0.0718
6.550,12.631,0.4892,-4.1409,-95.230,-0.6351,-9.2318,-83.041,5.1722,-0.6556,5.2135,12.189,0.9147,4.5207,-1.844,-1.6671,-13.0922,-94.703,2.309,-0.1594,13.916,5.9495,0.0145,nan,nan,2.0329,2.0329,1.1908,2.2103,2.3668,0.0937,-0.0528,1.1181,2.6134,1.5048,-0.6200,13.9636,0.1642
6.600,12.631,0.4892,-4.1409,-95.230,-0.6652,-9.2913,-84.255,5.2342,-0.6801,5.2782,10.975,1.7426,4.4890,-6.056,-1.6798,-13.2309,-95.230,2.309,-0.1594,13.916,6.0875,0.0094,nan,nan,2.5076,2.5076,1.1405,2.2103,2.0072,0.0795,-0.0504,1.3792,2.6841,1.5033,-0.6200,13.9636,-0.1996
6.650,12.764,0.4764,-4.2733,-95.761,-0.7289,-9.3497,-86.332,5.1717,-0.6896,5.2175,9.430,2.3072,4.4822,-8.898,-1.6930,-13.3617,-95.761,2.290,-0.1843,14.047,6.0860,0.0107,nan,nan,2.2552,2.2552,1.0868,2.2103,2.1985,0.0871,-0.0536,1.2403,2.7189,1.4713,-0.6200,13.9636,-0.0251
6.700,12.893,0.4627,-4.4019,-96.363,-0.7860,-9.4171,-88.240,5.1227,-0.6852,5.1683,8.123,2.4330,4.5786,-9.263,-1.7072,-13.4893,-96.363,2.285,-0.1767,14.175,6.0852,0.0122,nan,nan,2.2552,2.2552,0.7505,2.2103,2.1985,0.0871,-0.0569,1.2403,2.6452,1.4451,-0.6200,13.9636,-0.0251
6.750,13.024,0.4476,-4.5318,-96.954,-0.8351,-9.4652,-90.002,5.0524,-0.6760,5.0974,6.951,0.8213,11.3556,-2.835,-1.7214,-13.6111,-96.954,2.074,-0.1799,14.298,6.0771,0.0111,nan,nan,2.1840,2.1840,0.8955,2.2103,2.2524,0.0892,-0.0715,1.2012,2.6984,1.4580,-0.6399,14.0331,0.0313
6.800,13.142,0.4326,-4.6492,-97.543,-0.9206,-9.5061,-92.438,4.9925,-0.7040,5.0419,5.105,0.8213,11.3556,-2.835,-1.7372,-13.7300,-97.543,2.138,-0.1953,14.418,6.0787,0.0125,nan,nan,2.0511,2.0511,1.1333,2.2103,2.3531,0.0932,-0.0751,1.1281,2.7378,1.4228,-0.6399,14.0331,0.1473
6.850,13.264,0.4159,-4.7696,-98.310,-0.9551,-9.5455,-93.813,4.9239,-0.6663,4.9688,4.497,0.7622,11.3699,-2.572,-1.7550,-13.8521,-98.310,2.201,-0.2541,14.541,6.0806,0.0158,nan,nan,2.2448,2.2448,1.3396,2.2103,2.2063,0.0874,-0.0784,1.2346,2.7660,1.3862,-0.6399,14.0331,-0.0171
6.900,13.374,0.3993,-4.8783,-99.049,-1.0835,-9.5568,-96.736,4.8535,-0.7285,4.9079,2.313,0.6450,11.3865,-2.082,-1.7726,-13.9627,-99.049,2.272,-0.2632,14.653,6.0827,0.0171,nan,nan,2.2258,2.2258,1.4442,2.2103,2.2207,0.0880,-0.0921,1.2242,2.8005,1.4056,-0.6613,14.1026,-0.0023
6.950,13.508,0.3772,-5.0103,-99.990,-1.2371,-9.5116,-99.380,4.7131,-0.8089,4.7820,0.610,0.6450,11.3865,-2.082,-1.7829,-14.0274,-99.049,2.202,-0.3129,14.784,6.0144,0.0171,nan,nan,2.0845,2.0845,1.7587,2.2103,2.3278,0.0922,-0.0944,1.1465,2.7858,1.3461,-0.6613,14.1026,0.1167
7.000,13.508,0.3772,-5.0103,-99.990,-1.4098,-9.4482,-103.466,4.6806,-0.9900,4.7841,-3.476,0.5323,11.4182,-1.590,-1.7942,-14.0913,-99.990,2.202,-0.3129,14.784,6.0793,0.0171,nan,nan,2.2830,2.2830,2.2194,2.2103,2.1774,0.0862,-0.1059,1.2557,2.7983,1.3305,-0.6842,14.1720,-0.0463
7.050,13.633,0.3544,-5.1335,-101.013,-1.5997,-9.4088,-107.856,4.5698,-1.1014,4.7007,-6.843,0.5281,11.4213,-1.572,-1.8180,-14.2137,-101.013,2.202,-0.3195,14.909,6.0787,0.0188,nan,nan,2.2249,2.2249,2.8420,2.2103,2.2214,0.0880,-0.1199,1.2237,2.7776,1.2998,-0.7087,14.2415,-0.0016
7.100,13.758,0.3294,-5.2562,-102.064,-1.7278,-9.3815,-111.008,4.4642,-1.1495,4.6098,-8.944,0.4383,11.4360,-1.189,-1.8444,-14.3372,-102.064,2.245,-0.3638,15.035,6.0798,0.0203,0.4341,21.3537,2.2796,2.2796,2.9749,2.2103,2.1800,0.0863,-0.1343,1.2538,2.7478,1.2803,-0.7350,14.3110,-0.0437
7.150,13.882,0.3025,-5.3766,-103.224,-1.7416,-9.3871,-112.484,4.3717,-1.0725,4.5013,-9.260,0.3603,11.4415,-0.874,-1.8719,-14.4544,-103.224,2.178,-0.4011,15.155,6.0769,0.0219,0.4320,19.7690,2.2796,2.2796,3.0652,2.2103,2.1800,0.0863,-0.1441,1.2538,2.6161,1.2547,-0.7350,14.3110,-0.0437
7.200,13.989,0.2770,-5.4805,-104.374,-1.7958,-4.2456,-108.356,-0.6817,-2.3145,2.4128,-3.983,0.0886,11.4715,0.229,-1.8984,-14.5578,-104.374,2.184,-0.4139,15.262,6.0765,0.0230,0.2959,12.8812,2.1268,2.1268,7.0755,2.2103,2.2957,0.0909,-0.4334,1.1698,1.1413,1.3636,-0.7940,14.4499,0.0794
7.250,14.125,0.2413,-5.6120,-105.996,-1.8359,-3.2170,-108.810,-1.7298,-2.6567,3.1703,-2.814,-0.0006,11.4800,0.578,-1.9337,-14.6877,-105.996,2.151,-0.4469,15.396,6.0749,0.0234,0.2539,10.8336,1.8098,1.8098,32.1802,2.3584,2.7976,0.1108,0.0105,0.9954,-0.1229,-2.9421,0.0556,18.8266,0.5458
7.300,14.242,0.2069,-5.7245,-108.894,-1.8728,-3.3307,-111.547,-1.5913,-2.7429,3.1711,-2.652,-0.1072,11.4935,1.036,-1.9701,-14.8038,-108.894,2.203,-1.3026,15.518,6.0789,0.0316,0.2647,8.3639,2.5453,2.5453,25.2559,3.8122,4.8100,0.1905,-0.0213,1.3999,-0.1477,-2.9666,0.0402,18.7571,0.8898
7.350,14.376,0.1605,-5.8496,-110.976,-1.9286,-3.4810,-113.268,-1.4638,-2.7986,3.1583,-2.292,-0.2421,11.5113,1.630,-2.0275,-14.9534,-110.976,2.532,-0.0669,15.678,6.1052,0.0267,0.2772,10.3837,2.2173,2.2173,24.6260,3.9392,5.2828,0.2092,-0.0642,1.2195,-0.1722,-3.0100,0.0092,18.6182,1.3825
7.400,14.376,0.1605,-5.8496,-110.976,-1.9173,-3.4787,-112.827,-1.4700,-2.7889,3.1526,-1.851,-0.2421,11.5113,1.630,-2.0275,-14.9534,-110.976,2.532,-0.0669,15.678,6.1052,0.0267,0.2738,10.2567,2.7286,2.7286,21.9113,4.0734,5.1328,0.2033,-0.0743,1.5007,-0.1978,-3.0396,-0.0217,18.4792,0.8811
7.450,14.542,0.1005,-6.0045,-111.310,-2.0223,-3.7402,-112.894,-1.3381,-2.8006,3.1038,-1.584,-0.7000,11.5604,3.505,-2.1331,-15.2242,-111.310,2.820,-0.1966,15.969,6.2285,0.0227,0.2743,12.0712,4.7866,4.7866,16.5213,4.1497,3.7087,0.1469,-0.0599,1.6000,-0.2335,-3.0525,-0.0834,18.2013,-0.2252
7.500,14.704,0.0405,-6.1552,-112.245,-2.1324,-3.9970,-113.724,-1.1750,-2.8282,3.0625,-1.479,-1.2234,11.5966,5.549,-2.2397,-15.4849,-112.245,3.071,-0.3125,16.251,6.3463,0.0234,0.2811,11.9896,5.3346,5.3346,3.8763,3.8563,2.7751,0.1099,-0.0667,1.6000,-0.2522,-3.1086,-0.1602,17.8540,-0.4798
