t,dist_m,true_x,true_y,true_yaw_deg,est_x,est_y,est_yaw_deg,err_along,err_cross,err_dist,err_yaw_deg,m2o_x,m2o_y,m2o_yaw_deg,o2b_x,o2b_y,o2b_yaw_deg,speed,yaw_rate,enc_dist,dr_err,fit_true,fit_est,fit_ratio,ready,pp_v_est,pp_v_enc,pp_v_pose,pp_v_target,pp_u_cmd,pp_throttle,pp_steering,pp_ld,pp_e_lat,pp_e_head,pp_kappa,pp_s,pp_slip,pp_a_imu,pp_delay
0.000,0.000,0.8007,3.1583,-89.997,0.8076,3.1586,-89.715,-0.0003,0.0069,0.0069,0.281,0.8076,3.1586,0.281,0.0000,0.0000,-89.997,0.000,0.0000,0.000,0.0000,0.0234,0.0165,0.7049,0,nan,nan,nan,nan,nan,nan,nan,nan,nan,nan,nan,nan,nan,nan,nan
0.050,0.000,0.8007,3.1583,-89.997,0.8076,3.1586,-89.715,-0.0003,0.0069,0.0069,0.281,0.8076,3.1586,0.281,0.0000,0.0000,-89.997,0.000,0.0000,0.000,0.0000,0.0234,0.0165,0.7049,0,nan,nan,nan,nan,nan,nan,nan,nan,nan,nan,nan,nan,nan,nan,nan
0.100,0.000,0.8007,3.1583,-89.997,0.8076,3.1586,-89.715,-0.0003,0.0069,0.0069,0.281,0.8076,3.1586,0.281,0.0000,0.0000,-89.997,0.000,0.0000,0.000,0.0000,0.0234,0.0165,0.7049,0,nan,nan,nan,nan,nan,nan,nan,nan,nan,nan,nan,nan,nan,nan,nan
0.150,0.000,0.8007,3.1583,-89.997,0.8071,3.1605,-89.658,-0.0022,0.0064,0.0068,0.339,0.8071,3.1605,0.339,0.0000,0.0000,-89.997,0.000,0.0000,0.000,0.0000,0.0234,0.0162,0.6945,0,nan,nan,nan,nan,nan,nan,nan,nan,nan,nan,nan,nan,nan,nan,nan
0.205,0.000,0.8007,3.1583,-89.997,0.8071,3.1605,-89.658,-0.0022,0.0064,0.0068,0.339,0.8071,3.1605,0.339,0.0000,0.0000,-89.997,0.000,0.0000,0.000,0.0000,0.0234,0.0162,0.6945,0,nan,nan,nan,nan,nan,nan,nan,nan,nan,nan,nan,nan,nan,nan,nan
0.250,0.000,0.8007,3.1583,-89.997,0.8071,3.1605,-89.658,-0.0022,0.0064,0.0068,0.339,0.8071,3.1605,0.339,0.0000,0.0000,-89.997,0.000,0.0000,0.000,0.0000,0.0234,0.0162,0.6945,0,nan,nan,nan,nan,nan,nan,nan,nan,nan,nan,nan,nan,nan,nan,nan
0.300,0.000,0.8007,3.1583,-89.997,0.8071,3.1605,-89.658,-0.0022,0.0064,0.0068,0.339,0.8071,3.1605,0.339,0.0000,0.0000,-89.997,0.000,0.0000,0.000,0.0000,0.0234,0.0162,0.6945,0,nan,nan,nan,nan,nan,nan,nan,nan,nan,nan,nan,nan,nan,nan,nan
0.350,0.000,0.8007,3.1583,-89.997,0.8071,3.1605,-89.658,-0.0022,0.0064,0.0068,0.339,0.8071,3.1605,0.339,0.0000,0.0000,-89.997,0.000,0.0000,0.000,0.0000,0.0234,0.0162,0.6955,0,nan,nan,nan,nan,nan,nan,nan,nan,nan,nan,nan,nan,nan,nan,nan
0.400,0.000,0.8007,3.1583,-89.997,0.8071,3.1605,-89.658,-0.0022,0.0064,0.0068,0.339,0.8071,3.1605,0.339,0.0000,0.0000,-89.997,0.000,0.0000,0.000,0.0000,0.0234,0.0162,0.6955,0,nan,nan,nan,nan,nan,nan,nan,nan,nan,nan,nan,nan,nan,nan,nan
0.450,0.000,0.8007,3.1583,-89.997,0.8071,3.1605,-89.658,-0.0022,0.0064,0.0068,0.339,0.8071,3.1605,0.339,0.0000,0.0000,-89.997,0.000,0.0000,0.000,0.0000,0.0234,0.0162,0.6955,0,nan,nan,nan,nan,nan,nan,nan,nan,nan,nan,nan,nan,nan,nan,nan
0.500,0.000,0.8007,3.1583,-89.997,0.8137,3.1545,-89.688,0.0038,0.0130,0.0136,0.309,0.8137,3.1545,0.309,0.0000,0.0000,-89.997,0.000,0.0000,0.000,0.0000,0.0234,0.0044,0.1904,0,nan,nan,nan,nan,nan,nan,nan,nan,nan,nan,nan,nan,nan,nan,nan
0.550,0.000,0.8007,3.1583,-89.997,0.8137,3.1545,-89.688,0.0038,0.0130,0.0136,0.309,0.8137,3.1545,0.309,0.0000,0.0000,-89.997,0.000,0.0000,0.000,0.0000,0.0234,0.0044,0.1904,0,nan,nan,nan,nan,nan,nan,nan,nan,nan,nan,nan,nan,nan,nan,nan
0.600,0.000,0.8007,3.1583,-89.997,0.8137,3.1545,-89.688,0.0038,0.0130,0.0136,0.309,0.8137,3.1545,0.309,0.0000,0.0000,-89.997,0.000,0.0000,0.000,0.0000,0.0234,0.0044,0.1904,0,nan,nan,nan,nan,nan,nan,nan,nan,nan,nan,nan,nan,nan,nan,nan
0.650,0.000,0.8007,3.1583,-89.997,0.8137,3.1545,-89.688,0.0038,0.0130,0.0136,0.309,0.8137,3.1545,0.309,0.0000,0.0000,-89.997,0.000,0.0000,0.000,0.0000,0.0234,0.0044,0.1904,0,nan,nan,nan,nan,nan,nan,nan,nan,nan,nan,nan,nan,nan,nan,nan
0.700,0.000,0.8007,3.1583,-89.997,0.8137,3.1545,-89.688,0.0038,0.0130,0.0136,0.309,0.8137,3.1545,0.309,0.0000,0.0000,-89.997,0.000,0.0000,0.000,0.0000,0.0234,0.0044,0.1904,0,nan,nan,nan,nan,nan,nan,nan,nan,nan,nan,nan,nan,nan,nan,nan
0.750,0.000,0.8007,3.1583,-89.997,0.8137,3.1545,-89.688,0.0038,0.0130,0.0136,0.309,0.8137,3.1545,0.309,0.0000,0.0000,-89.997,0.000,0.0000,0.000,0.0000,0.0234,0.0044,0.1904,0,nan,nan,nan,nan,nan,nan,nan,nan,nan,nan,nan,nan,nan,nan,nan
0.800,0.000,0.8007,3.1583,-89.997,0.8137,3.1545,-89.688,0.0038,0.0130,0.0136,0.309,0.8137,3.1545,0.309,0.0000,0.0000,-89.997,0.000,0.0000,0.000,0.0000,0.0234,0.0044,0.1904,0,nan,nan,nan,nan,nan,nan,nan,nan,nan,nan,nan,nan,nan,nan,nan
0.850,0.000,0.8007,3.1583,-89.997,0.8137,3.1545,-89.688,0.0038,0.0130,0.0136,0.309,0.8137,3.1545,0.309,0.0000,0.0000,-89.997,0.000,0.0000,0.000,0.0000,0.0234,0.0044,0.1904,0,nan,nan,nan,nan,nan,nan,nan,nan,nan,nan,nan,nan,nan,nan,nan
0.900,0.000,0.8007,3.1583,-89.997,0.8178,3.1479,-89.691,0.0104,0.0171,0.0200,0.305,0.8178,3.1479,0.305,0.0000,0.0000,-89.997,0.000,0.0000,0.000,0.0000,0.0234,0.0018,0.0769,0,nan,nan,nan,nan,nan,nan,nan,nan,nan,nan,nan,nan,nan,nan,nan
0.950,0.000,0.8007,3.1583,-89.997,0.8178,3.1479,-89.691,0.0104,0.0171,0.0200,0.305,0.8178,3.1479,0.305,0.0000,0.0000,-89.997,0.000,0.0000,0.000,0.0000,0.0234,0.0018,0.0769,0,nan,nan,nan,nan,nan,nan,nan,nan,nan,nan,nan,nan,nan,nan,nan
1.000,0.000,0.8007,3.1583,-89.997,0.8178,3.1479,-89.691,0.0104,0.0171,0.0200,0.305,0.8178,3.1479,0.305,0.0000,0.0000,-89.997,0.000,0.0000,0.000,0.0000,0.0234,0.0018,0.0769,0,nan,nan,nan,nan,nan,nan,nan,nan,nan,nan,nan,nan,nan,nan,nan
1.050,0.000,0.8008,3.1583,-89.997,0.8178,3.1479,-89.691,0.0104,0.0170,0.0199,0.305,0.8178,3.1479,0.305,0.0000,0.0000,-89.997,0.000,0.0000,0.000,0.0001,0.0234,0.0018,0.0769,0,nan,nan,nan,nan,nan,nan,nan,nan,nan,nan,nan,nan,nan,nan,nan
1.100,0.000,0.8008,3.1583,-89.997,0.8178,3.1479,-89.691,0.0104,0.0170,0.0199,0.305,0.8178,3.1479,0.305,0.0000,0.0000,-89.997,0.000,0.0000,0.000,0.0001,0.0234,0.0018,0.0769,0,nan,nan,nan,nan,nan,nan,nan,nan,nan,nan,nan,nan,nan,nan,nan
1.150,0.000,0.8008,3.1583,-89.997,0.8178,3.1479,-89.691,0.0104,0.0170,0.0199,0.305,0.8178,3.1479,0.305,0.0000,0.0000,-89.997,0.000,0.0000,0.000,0.0001,0.0234,0.0018,0.0769,0,nan,nan,nan,nan,nan,nan,nan,nan,nan,nan,nan,nan,nan,nan,nan
1.200,0.000,0.8008,3.1583,-89.997,0.8178,3.1479,-89.691,0.0104,0.0170,0.0199,0.305,0.8178,3.1479,0.305,0.0000,0.0000,-89.997,0.000,0.0000,0.000,0.0001,0.0234,0.0018,0.0769,0,nan,nan,nan,nan,nan,nan,nan,nan,nan,nan,nan,nan,nan,nan,nan
1.250,0.000,0.8008,3.1583,-89.997,0.8178,3.1479,-89.691,0.0104,0.0170,0.0199,0.305,0.8178,3.1479,0.305,0.0000,0.0000,-89.997,0.000,0.0000,0.000,0.0001,0.0234,0.0018,0.0769,0,nan,nan,nan,nan,nan,nan,nan,nan,nan,nan,nan,nan,nan,nan,nan
1.300,0.000,0.8008,3.1583,-89.997,0.8206,3.1444,-89.679,0.0139,0.0198,0.0242,0.318,0.8206,3.1444,0.318,0.0000,0.0000,-89.997,0.000,0.0000,0.000,0.0001,0.0234,0.0023,0.0978,0,nan,nan,nan,nan,nan,nan,nan,nan,nan,nan,nan,nan,nan,nan,nan
1.350,0.000,0.8008,3.1583,-89.997,0.8206,3.1444,-89.679,0.0139,0.0198,0.0242,0.318,0.8206,3.1444,0.318,0.0000,0.0000,-89.997,0.000,0.0000,0.000,0.0001,0.0234,0.0023,0.0978,0,nan,nan,nan,nan,nan,nan,nan,nan,nan,nan,nan,nan,nan,nan,nan
1.400,0.000,0.8008,3.1583,-89.997,0.8206,3.1444,-89.679,0.0139,0.0198,0.0242,0.318,0.8206,3.1444,0.318,0.0000,0.0000,-89.997,0.000,0.0000,0.000,0.0001,0.0234,0.0023,0.0978,0,nan,nan,nan,nan,nan,nan,nan,nan,nan,nan,nan,nan,nan,nan,nan
1.450,0.000,0.8008,3.1583,-89.997,0.8206,3.1444,-89.679,0.0139,0.0198,0.0242,0.318,0.8206,3.1444,0.318,0.0000,0.0000,-89.997,0.000,0.0000,0.000,0.0001,0.0234,0.0023,0.0978,0,nan,nan,nan,nan,nan,nan,nan,nan,nan,nan,nan,nan,nan,nan,nan
1.500,0.000,0.8008,3.1583,-89.997,0.8206,3.1444,-89.679,0.0139,0.0198,0.0242,0.318,0.8206,3.1444,0.318,0.0000,0.0000,-89.997,0.000,0.0000,0.000,0.0001,0.0234,0.0023,0.0978,0,nan,nan,nan,nan,nan,nan,nan,nan,nan,nan,nan,nan,nan,nan,nan
1.550,0.000,0.8008,3.1583,-89.997,0.8206,3.1444,-89.679,0.0139,0.0198,0.0242,0.318,0.8206,3.1444,0.318,0.0000,0.0000,-89.997,0.000,0.0000,0.000,0.0001,0.0234,0.0023,0.0978,1,0.0000,0.0000,nan,3.3341,1.0457,0.0414,-0.0749,0.8000,0.0354,0.0878,0.3635,0.0000,0.0800,-0.0006,0.1750
1.600,0.000,0.8008,3.1583,-89.997,0.8206,3.1444,-89.679,0.0139,0.0198,0.0242,0.318,0.8206,3.1444,0.318,0.0000,0.0000,-89.997,0.000,0.0000,0.000,0.0001,0.0234,0.0023,0.0978,1,0.0000,0.0000,nan,3.3341,1.0457,0.0414,-0.0749,0.8000,0.0354,0.0878,0.3635,0.0000,0.0800,0.0002,0.1750
1.650,0.000,0.8008,3.1581,-89.997,0.8206,3.1444,-89.679,0.0137,0.0198,0.0241,0.318,0.8206,3.1444,0.318,0.0000,0.0000,-89.997,0.036,-0.0026,0.006,0.0002,0.0234,0.0023,0.0978,1,0.0000,0.0000,nan,3.3341,1.0457,0.0414,-0.0749,0.8000,0.0354,0.0878,0.3635,0.0000,0.0800,0.0002,0.1750
1.700,0.010,0.8008,3.1482,-90.073,0.8207,3.1325,-89.686,0.0156,0.0199,0.0253,0.387,0.8206,3.1444,0.318,0.0000,-0.0119,-90.005,0.324,-0.0393,0.057,0.0018,0.0234,0.0023,0.0981,1,0.0911,0.1071,nan,3.3341,1.1368,0.0450,-0.0775,0.8000,0.0369,0.0876,0.3635,0.0000,0.0800,5.3521,0.1750
1.750,0.010,0.8008,3.1482,-90.073,0.8207,3.1328,-89.686,0.0153,0.0199,0.0251,0.387,0.8206,3.1444,0.318,0.0000,-0.0116,-90.004,0.324,-0.0393,0.057,0.0015,0.0233,0.0028,0.1186,1,0.4033,0.9399,nan,3.4543,1.4427,0.0571,-0.0696,0.8000,0.0436,0.0509,0.2711,0.0998,0.0800,5.2928,0.1750
1.800,0.038,0.8007,3.1203,-90.265,0.8210,3.0382,-89.873,0.0820,0.0207,0.0845,0.392,0.8206,3.1444,0.318,-0.0002,-0.1062,-90.191,0.628,-0.0774,0.112,0.0682,0.0234,0.0024,0.1014,1,0.7358,0.9858,nan,3.6804,1.7693,0.0701,-0.0511,0.8000,0.0452,0.0213,0.1809,0.1996,0.0800,5.2100,0.1750
1.850,0.080,0.8004,3.0782,-90.556,0.8208,2.9816,-90.174,0.0964,0.0214,0.0987,0.381,0.8206,3.1444,0.318,-0.0007,-0.1628,-90.492,0.943,-0.1056,0.170,0.0827,0.0240,0.0015,0.0631,1,0.9734,1.0599,nan,3.6804,2.0011,0.0793,-0.0479,0.8000,0.0456,-0.0009,0.1025,0.2993,0.0800,5.1291,0.1750
1.900,0.141,0.7996,3.0170,-90.929,0.8202,2.9142,-90.583,0.1024,0.0223,0.1048,0.346,0.8206,3.1444,0.318,-0.0016,-0.2302,-90.902,1.283,-0.1075,0.244,0.0889,0.0232,0.0024,0.1055,1,1.2036,1.2886,nan,3.8903,2.2258,0.0881,-0.0303,0.8000,0.0449,-0.0160,0.0721,0.3991,0.0800,5.5092,0.1750
1.950,0.230,0.7979,2.9280,-91.337,0.8231,2.8269,-90.825,0.1005,0.0276,0.1042,0.513,0.8241,3.1414,0.441,-0.0034,-0.3145,-91.266,1.668,-0.1250,0.344,0.0842,0.0233,0.0043,0.1857,1,1.5310,1.8259,nan,3.9900,2.5480,0.1009,-0.0100,0.8090,0.0464,-0.0287,0.0611,0.4989,0.0800,7.0100,0.1750
2.000,0.324,0.7954,2.8344,-91.731,0.8206,2.7066,-91.250,0.1270,0.0291,0.1303,0.481,0.8241,3.1414,0.441,-0.0068,-0.4347,-91.691,1.907,-0.0923,0.444,0.1108,0.0235,0.0035,0.1507,1,1.7576,1.8489,nan,4.1804,2.7695,0.1097,0.0092,0.9383,0.0430,-0.0378,0.0452,0.5987,0.0800,6.4141,0.1750
2.050,0.434,0.7918,2.7248,-92.012,0.8147,2.6248,-91.754,0.0991,0.0264,0.1026,0.258,0.8226,3.1623,0.244,-0.0101,-0.5375,-91.998,2.132,-0.0412,0.560,0.1040,0.0232,0.0012,0.0512,1,2.0016,2.1123,nan,4.2715,3.0086,0.1192,0.0276,1.0711,0.0344,-0.0462,0.0415,0.6985,0.0800,7.3451,0.1750
2.100,0.562,0.7872,2.5968,-92.110,0.8088,2.4770,-92.385,0.1189,0.0260,0.1217,-0.274,0.8268,3.1544,-0.242,-0.0151,-0.6774,-92.142,2.407,0.0233,0.698,0.1159,0.0225,0.0015,0.0670,1,2.2582,2.3880,nan,4.3601,3.2605,0.1291,0.0310,1.2177,0.0287,-0.0486,0.0298,0.7983,0.0800,6.2615,0.1750
2.150,0.704,0.7820,2.4549,-91.978,0.8028,2.3305,-92.282,0.1236,0.0251,0.1261,-0.304,0.8268,3.1544,-0.242,-0.0205,-0.8239,-92.039,2.642,0.1010,0.848,0.1206,0.0222,0.0017,0.0776,1,2.3505,2.3880,nan,4.6128,3.3439,0.1324,0.0431,1.2735,0.0175,-0.0594,0.0226,0.9978,0.0800,6.2615,0.1750
2.200,0.856,0.7772,2.3032,-91.599,0.7970,2.1664,-91.919,0.1362,0.0236,0.1382,-0.320,0.8268,3.1544,-0.242,-0.0256,-0.9881,-91.677,2.860,0.1757,1.009,0.1330,0.0215,0.0015,0.0698,1,2.5823,2.6923,nan,4.6930,3.5713,0.1414,0.0339,1.4033,0.0092,-0.0504,0.0160,1.0976,0.0800,5.6964,0.1750
2.250,0.856,0.7772,2.3032,-91.599,0.8033,2.1542,-91.337,0.1482,0.0302,0.1512,0.262,0.8230,3.1424,0.340,-0.0256,-0.9881,-91.677,2.860,0.1757,1.009,0.1330,0.0215,0.0045,0.2090,1,2.8473,3.0030,nan,4.8481,3.8280,0.1516,0.0089,1.5473,0.0115,-0.0279,0.0055,1.2972,0.0800,6.6580,0.1750
2.300,1.024,0.7733,2.1348,-90.960,0.8026,1.9715,-90.755,0.1628,0.0321,0.1659,0.204,0.8258,3.1410,0.306,-0.0294,-1.1693,-91.061,3.127,0.1727,1.190,0.1458,0.0205,0.0066,0.3233,1,3.0629,3.1672,nan,5.0689,4.0357,0.1598,0.0001,1.6645,0.0102,-0.0184,-0.0117,1.4968,0.0800,5.8141,0.1750
2.350,1.210,0.7710,1.9492,-90.438,0.8047,1.7737,-89.958,0.1752,0.0350,0.1787,0.480,0.8249,3.1421,0.444,-0.0308,-1.3682,-90.401,3.368,0.0647,1.387,0.1591,0.0204,0.0131,0.6442,1,3.3064,3.4438,nan,5.2089,4.2717,0.1692,-0.0019,1.7968,0.0095,-0.0155,-0.0133,1.6963,0.0800,5.8823,0.1750
2.400,1.398,0.7699,1.7605,-90.291,0.8075,1.5846,-89.921,0.1757,0.0385,0.1799,0.371,0.8296,3.1411,0.335,-0.0312,-1.5564,-90.256,3.594,0.0223,1.588,0.1586,0.0194,0.0163,0.8393,1,3.5731,3.7526,nan,5.4096,4.5481,0.1801,-0.0008,1.9418,0.0071,-0.0160,-0.0180,1.8959,0.0800,5.2189,0.1750
2.450,1.610,0.7688,1.5488,-90.292,0.8147,1.3501,-89.424,0.1985,0.0469,0.2040,0.868,0.8218,3.1467,0.796,-0.0321,-1.7963,-90.220,3.816,-0.0096,1.812,0.1868,0.0179,0.0262,1.4585,1,3.8269,3.9923,nan,5.5377,4.8112,0.1905,-0.0073,2.0809,0.0127,-0.0064,-0.0141,2.1953,0.0800,5.0252,0.1750
2.500,1.822,0.7677,1.3368,-90.324,0.8166,1.1119,-89.458,0.2246,0.0502,0.2302,0.867,0.8195,3.1414,0.864,-0.0335,-2.0292,-90.322,4.023,-0.0080,2.037,0.2077,0.0164,0.0282,1.7252,1,3.9987,4.0875,nan,5.7223,4.9896,0.1976,-0.0088,2.1743,0.0118,-0.0029,-0.0171,2.3948,0.0800,5.4980,0.1750
2.550,2.050,0.7664,1.1087,-90.357,0.8182,0.9156,-89.462,0.1928,0.0530,0.2000,0.894,0.8185,3.1549,0.885,-0.0348,-2.2391,-90.347,4.253,-0.0336,2.280,0.1895,0.0147,0.0314,2.1300,1,4.2728,4.5117,nan,5.8407,5.2788,0.2091,-0.0091,2.1773,0.0110,-0.0023,-0.0150,2.5944,0.0800,5.6504,0.1750
2.600,2.296,0.7647,0.8632,-90.503,0.7984,0.6501,-90.769,0.2128,0.0356,0.2157,-0.265,0.8487,3.1807,-0.305,-0.0368,-2.5308,-90.464,4.494,-0.0585,2.543,0.2357,0.0133,0.0046,0.3470,1,4.4608,4.5830,nan,5.9556,5.4722,0.2167,-0.0086,2.1773,0.0105,-0.0014,-0.0113,2.8937,0.0800,4.7329,0.1750
2.650,2.549,0.7621,0.6102,-90.699,0.7936,0.3713,-91.003,0.2385,0.0344,0.2409,-0.304,0.8487,3.1807,-0.305,-0.0402,-2.8096,-90.698,4.695,-0.0655,2.811,0.2615,0.0126,0.0036,0.2862,1,4.5228,4.5830,nan,6.0674,5.5329,0.2191,0.0125,2.1773,-0.0245,-0.0235,-0.0117,3.0933,0.0800,4.7329,0.1750
2.700,2.549,0.7621,0.6102,-90.699,0.7936,0.3713,-91.003,0.2385,0.0344,0.2409,-0.304,0.8487,3.1807,-0.305,-0.0402,-2.8096,-90.698,4.695,-0.0655,2.811,0.2615,0.0126,0.0036,0.2862,1,4.5483,4.5976,nan,6.2295,5.5543,0.2200,0.0152,2.1773,-0.0307,-0.0249,-0.0143,3.2929,0.0800,5.2179,0.1750
2.750,2.853,0.7579,0.3060,-90.928,0.7992,0.1240,-90.505,0.1813,0.0442,0.1866,0.423,0.8220,3.1872,0.400,-0.0442,-3.0629,-90.904,4.940,0.0191,3.135,0.2106,0.0126,0.0202,1.5990,1,4.7777,5.5509,nan,6.4361,5.7933,0.2294,0.0003,2.1773,-0.0190,-0.0039,-0.0078,3.5922,0.0800,4.9737,0.1750
2.800,3.131,0.7539,0.0280,-90.633,0.8049,-0.2290,-89.779,0.2564,0.0539,0.2620,0.854,0.7901,3.1924,1.092,-0.0504,-3.4210,-90.871,5.147,0.1134,3.431,0.2907,0.0123,0.0324,2.6294,1,5.0380,5.3330,nan,6.5356,6.0661,0.2402,-0.0209,2.1807,0.0018,0.0257,-0.0117,3.8916,0.0800,2.9930,0.1750
2.850,3.428,0.7514,-0.2694,-90.259,0.8070,-0.5156,-89.426,0.2459,0.0567,0.2524,0.834,0.8035,3.2142,0.844,-0.0515,-3.7294,-90.270,5.282,0.0316,3.741,0.3017,0.0125,0.0360,2.8907,1,5.1230,5.2133,nan,6.6807,6.1524,0.2437,-0.0188,2.1807,0.0040,0.0219,-0.0093,4.0911,0.0800,3.7897,0.1750
2.900,3.756,0.7500,-0.5974,-90.260,0.8178,-0.8518,-88.847,0.2541,0.0689,0.2633,1.413,0.7771,3.1840,1.310,-0.0516,-4.0357,-90.157,5.459,-0.0963,4.086,0.2800,0.0125,0.0532,4.2444,1,5.3943,5.8059,nan,6.8667,6.4349,0.2548,-0.0236,2.1807,0.0194,0.0239,-0.0075,4.4903,0.0800,4.4687,0.1750
2.950,4.074,0.7474,-0.9147,-90.830,0.8428,-1.1871,-88.366,0.2710,0.0993,0.2886,2.464,0.7299,3.2004,2.181,-0.0542,-4.3886,-90.547,5.657,-0.1707,4.422,0.3156,0.0148,0.0847,5.7015,1,5.6347,5.9438,nan,6.9568,6.6920,0.2650,-0.0195,2.1807,0.0214,0.0164,-0.0132,4.5901,0.0800,3.4212,0.1750
3.000,4.389,0.7417,-1.2302,-91.371,0.8492,-1.5508,-89.192,0.3180,0.1152,0.3382,2.179,0.7299,3.2004,2.181,-0.0617,-4.7523,-91.373,5.811,-0.2043,4.754,0.3638,0.0126,0.0954,7.5658,1,5.7788,5.9438,nan,7.1741,6.8354,0.2707,-0.0311,2.1823,0.0566,0.0215,-0.0071,5.0890,0.0800,3.4212,0.1750
3.050,4.389,0.7417,-1.2302,-91.371,0.8106,-1.5282,-91.089,0.2963,0.0760,0.3059,0.282,0.8487,3.2243,0.284,-0.0617,-4.7523,-91.373,5.811,-0.2043,4.754,0.3638,0.0126,0.0409,3.2442,1,5.6354,5.6486,nan,7.2162,6.6758,0.2644,0.0077,2.1846,-0.0014,-0.0215,-0.0049,5.2885,0.0800,4.3335,0.1750
3.100,4.757,0.7309,-1.5974,-92.162,0.8011,-1.8507,-91.751,0.2504,0.0797,0.2628,0.410,0.8487,3.2243,0.284,-0.0728,-5.0747,-92.036,6.027,-0.2729,5.145,0.3190,0.0153,0.0411,2.6785,1,5.9014,6.6533,nan,7.4213,6.9539,0.2754,0.0204,2.1869,-0.0161,-0.0374,-0.0061,5.6877,0.0800,5.4238,0.1750
3.150,5.095,0.7160,-1.9358,-93.058,0.7652,-2.2311,-93.560,0.2923,0.0649,0.2994,-0.501,0.9136,3.2648,-0.568,-0.0939,-5.4972,-92.991,6.261,-0.1379,5.510,0.4032,0.0206,0.0161,0.7777,1,6.1698,6.7786,nan,7.5398,7.2350,0.2865,0.0388,2.1873,-0.0578,-0.0506,-0.0075,6.0868,0.0800,1.8605,0.1750
3.200,5.461,0.6967,-2.3012,-92.841,0.7343,-2.6169,-93.924,0.3134,0.0532,0.3179,-1.083,0.8976,3.2578,-0.438,-0.1185,-5.8758,-93.486,6.361,0.1662,5.890,0.4165,0.0128,0.0136,1.0628,1,6.2958,6.4734,nan,7.7307,7.3646,0.2917,0.0192,2.1873,-0.0580,-0.0138,-0.0071,6.3862,0.0800,3.4340,0.1750
3.250,5.855,0.6789,-2.6943,-92.127,0.7442,-2.9576,-90.802,0.2607,0.0750,0.2713,1.326,0.7176,3.3241,1.463,-0.1338,-6.2803,-92.264,6.529,0.3130,6.305,0.4279,0.0126,0.0531,4.2102,1,6.4941,6.7933,nan,7.8414,7.5727,0.2999,-0.0245,2.1873,-0.0097,0.0435,-0.0087,6.6855,0.0800,4.1659,0.1750
3.300,6.226,0.6682,-3.0656,-90.894,0.7455,-3.3160,-89.778,0.2491,0.0812,0.2620,1.116,0.7176,3.3241,1.463,-0.1416,-6.6386,-91.241,6.722,0.2723,6.701,0.4148,0.0131,0.0644,4.9235,1,6.7484,7.3235,nan,7.9494,7.8393,0.3105,-0.0403,2.1889,0.0124,0.0629,-0.0058,7.0847,0.0800,3.6402,0.1750
3.350,6.594,0.6641,-3.4332,-90.259,0.7578,-3.7938,-87.488,0.3602,0.0953,0.3726,2.771,0.5881,3.3104,2.541,-0.1454,-7.1047,-90.029,6.883,0.0905,7.090,0.5133,0.0124,0.0926,7.4747,1,6.8022,6.9395,nan,8.0000,7.8916,0.3125,-0.0486,2.1917,0.0364,0.0689,-0.0033,7.3840,0.0800,3.4007,0.1750
3.400,6.991,0.6608,-3.8308,-91.026,0.7745,-4.1534,-87.436,0.3205,0.1195,0.3420,3.590,0.5881,3.3104,2.541,-0.1447,-7.4647,-89.977,7.058,-0.3698,7.512,0.4756,0.0131,0.1130,8.5967,1,6.8249,6.9395,nan,8.0000,7.9085,0.3132,-0.0678,2.1927,0.0749,0.0862,-0.0023,7.7831,0.0800,3.4007,0.1750
3.450,7.385,0.6503,-4.2243,-92.427,0.9358,-4.6483,-86.730,0.4115,0.3032,0.5111,5.697,0.3538,3.2287,5.402,-0.1621,-7.8967,-92.132,7.240,-0.5242,7.932,0.5143,0.0173,0.2110,12.2023,1,7.0294,7.4004,nan,8.0000,8.1220,0.3217,-0.0876,2.1936,0.2516,0.0718,-0.0025,8.1823,0.0800,4.0453,0.1750
3.500,7.385,0.6503,-4.2243,-92.427,0.9873,-4.6147,-85.285,0.3758,0.3532,0.5157,7.142,0.2069,3.2451,6.847,-0.1621,-7.8967,-92.132,7.240,-0.5242,7.932,0.5143,0.0173,0.2573,14.8810,1,7.2651,7.7989,nan,8.0000,8.1903,0.3244,-0.0820,2.1936,0.3354,0.0584,-0.0009,8.5814,0.0569,2.7140,0.1750
3.550,7.787,0.6275,-4.6257,-94.744,0.9040,-5.0381,-89.971,0.3881,0.3096,0.4965,4.773,0.5055,3.3002,4.059,-0.1927,-8.3456,-94.029,7.374,-0.8270,8.358,0.5619,0.0331,0.1874,5.6615,1,7.3206,7.4823,nan,8.0000,8.1530,0.3229,-0.0123,2.1941,0.1763,-0.0571,-0.0023,8.9805,0.0454,2.9572,0.1750
3.600,8.212,0.5837,-5.0482,-97.919,0.7903,-5.4093,-95.644,0.3292,0.2544,0.4161,2.275,0.7999,3.3315,1.541,-0.2445,-8.7374,-97.185,7.525,-0.9782,8.810,0.5316,0.0556,0.1421,2.5541,1,7.5638,8.2276,nan,8.0000,7.9729,0.3158,0.0757,2.1941,-0.0089,-0.1664,0.0007,9.3797,-0.0078,2.4934,0.1825
3.650,8.621,0.5192,-5.4527,-100.872,0.6206,-5.9067,-101.265,0.4267,0.1852,0.4652,-0.392,1.0287,3.3127,-0.447,-0.3361,-9.2223,-100.817,7.637,-0.7144,9.242,0.6137,0.0168,0.0706,4.2129,1,7.6260,7.8091,nan,8.0000,7.9150,0.3135,0.0744,2.2871,-0.1964,-0.2231,-0.0024,9.7788,-0.0243,1.6737,0.1825
3.700,9.052,0.4354,-5.8747,-101.515,0.5425,-6.2107,-102.480,0.3078,0.1720,0.3526,-0.966,0.8918,3.4107,0.487,-0.4310,-9.6180,-102.967,7.714,0.0190,9.688,0.5887,0.0378,0.0609,1.6101,1,7.7471,8.0135,nan,8.0000,7.8265,0.3100,0.0721,2.2871,-0.2186,-0.1514,-0.0005,10.0782,-0.0488,-0.2245,0.1825
3.750,9.491,0.3520,-6.3058,-99.363,0.4592,-6.6502,-100.036,0.3224,0.1618,0.3607,-0.673,0.7222,3.4206,1.424,-0.5131,-10.0612,-101.460,7.690,0.8924,10.134,0.6005,0.0299,0.0742,2.4798,1,7.8423,8.0780,nan,8.0000,7.7587,0.3073,0.0704,2.2861,-0.2355,-0.0439,-0.0017,10.4773,-0.0672,-0.9025,0.1825
3.800,9.905,0.2916,-6.7155,-96.630,0.4033,-7.0788,-95.343,0.3480,0.1529,0.3801,1.287,0.7168,3.4369,1.445,-0.5787,-10.5044,-96.788,7.651,0.8665,10.553,0.6345,0.0260,0.1073,4.1214,1,7.6649,7.6723,nan,8.0000,7.8979,0.3128,0.0455,2.2843,-0.2216,0.0134,0.0003,10.8764,-0.0291,-1.1304,0.1825
3.850,11.360,0.7997,-5.3523,-89.918,0.3374,-7.4532,-93.687,2.1002,-0.4653,2.1511,-3.769,0.8625,3.4561,0.427,-0.6063,-10.9051,-94.114,0.434,0.0484,10.971,2.4698,0.0120,0.5107,42.6875,1,7.5361,7.5742,nan,8.0000,7.9990,0.3168,0.0444,2.2818,-0.2277,0.0154,0.0017,11.1758,-0.0003,5.4726,0.1825
3.900,11.393,0.7999,-5.3851,-89.724,0.3306,-7.9394,-89.324,2.5521,-0.4816,2.5971,0.400,0.8625,3.4561,0.427,-0.6167,-11.3913,-89.750,0.728,0.0520,11.395,2.9137,0.0120,0.4684,38.8839,1,7.4877,7.5742,nan,8.0000,8.0867,0.3203,0.0299,2.2802,-0.2385,0.0516,0.0010,11.5749,0.0800,5.4726,0.1825
3.950,11.393,0.7999,-5.3851,-89.724,0.5789,-7.9295,-80.388,2.5433,-0.2333,2.5540,9.336,-0.6657,3.4103,9.362,-0.6167,-11.3913,-89.750,0.728,0.0520,11.395,2.9137,0.0120,0.1635,13.5739,1,7.1677,7.0295,nan,7.7242,7.7411,0.3066,-0.0843,2.2802,0.1411,0.2101,0.0043,11.7745,0.0800,5.1864,0.1825
4.000,11.448,0.8003,-5.4403,-89.498,1.1784,-8.4880,-77.098,3.0509,0.3513,3.0711,12.400,-0.7563,3.1124,12.462,-0.6143,-11.7446,-89.560,1.047,0.0509,11.874,3.2053,0.0117,0.3026,25.7608,1,7.4177,8.1379,nan,7.1459,6.8286,0.2704,-0.0787,2.2772,0.8369,0.2648,0.0049,12.4730,0.0800,5.0956,0.1825
4.050,11.514,0.8011,-5.5070,-89.321,1.2943,-8.9850,-76.886,3.4836,0.4520,3.5128,12.435,-0.7563,3.1124,12.462,-0.6083,-12.2549,-89.348,1.330,0.0160,12.314,3.6408,0.0118,0.3723,31.5656,1,7.5888,7.9352,nan,6.7470,6.9393,0.2748,-0.0752,2.2772,0.9397,0.2622,0.0047,12.8721,0.0686,5.0209,0.1825
4.100,11.597,0.8019,-5.5894,-89.870,1.4997,-9.4407,-78.641,3.8529,0.6891,3.9140,11.229,-0.2479,3.1323,10.633,-0.6023,-12.6796,-89.274,1.608,-0.2043,12.734,3.9780,0.0119,0.4132,34.7481,1,7.5845,7.7053,nan,6.3345,6.2168,0.2462,-0.0753,2.2757,1.0187,0.2300,0.0040,13.2712,-0.0420,4.9466,0.1825
4.150,11.693,0.8016,-5.6855,-90.568,1.5774,-9.8847,-79.898,4.1913,0.8175,4.2703,10.670,-0.2479,3.1323,10.633,-0.6079,-13.1303,-90.531,1.878,-0.2255,13.099,4.3295,0.0125,0.4738,38.0510,1,7.1325,6.4131,nan,6.0145,5.9970,0.2375,-0.0851,2.2757,1.1476,0.1843,0.0092,13.4708,-0.0067,4.8671,0.1825
4.200,11.806,0.7998,-5.7984,-91.337,1.4728,-10.1266,-83.122,4.3113,0.7738,4.3802,8.215,0.1811,3.2351,8.150,-0.6156,-13.4098,-91.272,2.149,-0.2559,13.474,4.4954,0.0135,0.5974,44.3395,1,6.8908,6.8435,nan,5.7951,5.7947,0.2295,-0.0912,2.2757,1.2046,0.1667,0.0090,13.8700,-0.0002,4.7870,0.1825
4.250,11.931,0.7961,-5.9238,-92.193,1.5151,-10.5245,-83.990,4.5698,0.8946,4.6565,8.204,0.1811,3.2351,8.150,-0.6301,-13.8097,-92.140,2.410,-0.3181,13.805,4.7688,0.0156,0.6267,40.1445,1,6.4569,5.9802,nan,5.5703,5.7286,0.2269,-0.1038,2.2719,1.0546,0.1037,0.0112,14.0695,0.0684,4.6899,0.1825
4.300,12.074,0.7895,-6.0662,-93.306,1.3078,-10.7356,-87.845,4.6318,0.7867,4.6981,5.461,0.6404,3.3545,5.339,-0.6467,-14.0911,-93.184,2.673,-0.3830,14.131,4.9079,0.0119,0.5361,45.0871,1,6.1096,5.9469,nan,5.3391,5.4158,0.2145,-0.1159,2.2382,0.8272,0.0340,0.0088,14.2691,0.0800,4.6266,0.1825
4.350,12.228,0.7792,-6.2199,-94.584,1.3128,-11.0909,-89.276,4.8128,0.9212,4.9001,5.308,0.6404,3.3545,5.339,-0.6747,-14.4452,-94.615,2.926,-0.4689,14.440,5.1090,0.0133,0.5384,40.5781,1,5.9431,5.9469,nan,5.1008,5.2360,0.2074,-0.1225,2.0627,0.8278,0.0091,0.0071,14.5684,0.0800,4.6266,0.1825
4.400,12.228,0.7792,-6.2199,-94.584,1.1193,-11.0023,-91.319,4.7400,0.7212,4.7945,3.265,0.9623,3.4578,3.296,-0.6747,-14.4452,-94.615,2.926,-0.4689,14.440,5.1090,0.0133,0.3547,26.7346,1,5.5199,5.1142,nan,4.9786,4.7789,0.1893,-0.1373,2.0002,0.6046,-0.0551,0.0095,14.6682,0.0800,4.5133,0.1825
4.450,12.421,0.7610,-6.4126,-96.426,0.8898,-11.1776,-95.091,4.7206,0.6613,4.7667,1.335,1.3157,3.5335,1.081,-0.7033,-14.7005,-96.172,3.212,-0.6026,14.788,5.1723,0.0257,0.1231,4.7899,1,5.6959,5.8912,nan,4.5980,4.5957,0.1820,-0.0128,1.8490,0.3296,-0.1378,0.0107,14.9676,-0.0011,4.3936,0.1825
4.500,12.605,0.7378,-6.5947,-98.477,0.7271,-11.4365,-98.294,4.7905,0.7032,4.8418,0.183,1.4739,3.6307,0.033,-0.7555,-15.0667,-98.327,3.457,-0.7282,15.064,5.3587,0.0122,0.0161,1.3162,1,5.2772,4.9029,nan,4.4657,4.5167,0.1789,0.0216,1.7583,0.2898,-0.1834,0.0089,15.1671,0.0800,4.3326,0.1825
4.550,12.803,0.7051,-6.7896,-100.932,1.0368,-11.6394,-97.728,4.6989,1.2454,4.8611,3.204,1.0386,3.6595,2.985,-0.7985,-15.2780,-100.713,3.741,-0.6870,15.317,5.3762,0.0152,0.3353,22.0036,1,4.8757,4.6074,nan,4.4657,4.1007,0.1624,-0.0453,1.7583,0.4852,-0.1858,0.0089,15.1671,0.0800,6.2012,0.1825
4.600,13.022,0.6615,-7.0050,-101.579,1.6623,-11.8880,-96.585,4.5828,1.9606,4.9845,4.994,0.7650,3.6188,6.464,-0.8541,-15.5093,-103.049,4.087,0.0050,15.564,5.3936,0.0145,0.4163,28.7361,1,4.4991,4.3212,nan,4.2274,3.7241,0.1475,-0.2131,1.6737,1.1589,-0.0770,0.0122,15.3667,0.0800,4.1696,0.1825
4.650,13.253,0.6158,-7.2305,-101.160,1.6443,-12.1097,-95.100,4.5878,1.9534,4.9864,6.060,0.7650,3.6188,6.464,-0.8970,-15.7275,-101.564,4.260,0.1449,15.805,5.3860,0.0200,0.3675,18.3642,1,4.3900,4.4074,nan,4.0159,3.6150,0.1432,-0.2237,1.5926,1.1478,-0.0609,0.0119,15.5663,0.0800,2.1387,0.1825
4.700,13.487,0.5695,-7.4606,-101.871,2.2942,-12.2592,-90.469,4.3412,2.6750,5.0991,11.403,0.3770,3.6237,10.260,-0.9424,-15.9704,-100.729,4.115,-0.3820,16.031,5.3986,0.0381,0.3338,8.7516,1,4.1643,4.1456,nan,4.2988,4.2160,0.1670,0.2484,1.5883,1.1954,-2.4947,-0.2375,21.4535,-0.0800,-6.5048,0.1825
4.750,13.705,0.5210,-7.6728,-104.887,2.5687,-12.3899,-90.889,4.0327,3.1909,5.1424,13.998,0.1383,3.6359,12.133,-0.9922,-16.1787,-103.022,3.833,-1.3114,16.234,5.3948,0.0135,0.3885,28.7806,1,4.1186,4.1456,nan,4.2988,4.2252,0.1673,0.2539,1.5536,0.9028,-2.4594,-0.1969,21.5533,-0.0800,-6.5048,0.1825
4.800,13.921,0.4586,-7.8797,-109.202,2.5455,-12.5000,-96.635,3.6769,3.4904,5.0698,12.567,0.1191,3.7013,12.206,-1.0538,-16.3481,-108.841,3.692,-1.1508,16.445,5.3575,0.0361,0.3728,10.3290,1,3.7842,3.6941,nan,4.2994,4.3730,0.1732,0.3000,1.5402,0.8583,-2.6411,-0.2375,21.4535,0.0406,-5.2664,0.1825
4.850,13.921,0.4586,-7.8797,-109.202,2.5455,-12.5000,-96.635,3.6769,3.4904,5.0698,12.567,0.1191,3.7013,12.206,-1.0538,-16.3481,-108.841,3.692,-1.1508,16.445,5.3575,0.0361,0.3728,10.3290,1,3.7712,3.7998,nan,4.2123,4.2794,0.1695,0.3020,1.5671,0.8174,-2.7154,-0.2777,21.3538,0.0377,5.3189,0.1825
4.900,14.127,0.3876,-8.0733,-110.114,2.2308,-12.7214,-102.657,3.7307,3.3292,5.0002,7.457,0.4863,3.7717,9.970,-1.1374,-16.5460,-112.628,3.917,0.4111,16.666,5.3635,0.0353,0.3688,10.4565,1,3.8587,3.9101,nan,4.1228,4.1787,0.1655,0.2887,1.6739,0.9214,-2.6975,-0.3815,21.0544,0.0800,4.1126,0.1825
4.950,14.621,0.8003,-8.3450,-89.878,1.6972,-12.9408,-103.125,4.5977,0.8871,4.6825,-13.247,1.2048,3.8510,5.800,-1.2071,-16.7555,-108.925,0.314,0.1525,16.896,5.3891,0.0099,0.3458,35.0136,1,4.1001,4.2551,nan,3.8891,3.7721,0.1494,0.2561,1.8272,1.0971,-2.5321,-0.1864,20.7550,-0.0800,6.6457,0.1825
5.000,14.648,0.8004,-8.3716,-89.149,1.0131,-13.1439,-90.871,4.7749,0.1418,4.7770,-1.723,2.5929,3.8601,-1.484,-1.1390,-17.0392,-89.387,0.619,0.2877,17.127,5.6258,0.0100,0.1908,19.0529,1,4.0807,4.1114,nan,2.8630,3.0520,0.1209,-0.2585,1.2702,0.8218,0.0324,0.1675,16.7637,-0.0800,5.1840,0.1825
5.050,14.691,0.8013,-8.4145,-88.010,2.1304,-12.1688,-70.643,3.7982,1.1979,3.9826,17.366,-2.0057,4.6244,17.594,-1.1334,-17.2579,-88.237,0.908,0.3738,17.350,5.7971,0.0096,0.2723,28.3073,1,3.8950,3.8921,nan,2.7740,2.9040,0.1150,-0.0927,1.2368,0.5489,-0.0098,0.2195,16.8635,-0.0800,5.1292,0.1825
5.100,14.749,0.8039,-8.4722,-86.662,2.2027,-12.3579,-69.282,3.9605,1.1702,4.1298,17.380,-2.0057,4.6244,17.594,-1.1216,-17.4600,-86.875,1.188,0.4313,17.546,5.9370,0.0100,0.2605,26.1333,1,3.6831,3.6701,nan,4.2994,4.4295,0.1754,0.3164,1.4991,1.1139,-2.0370,-0.2375,21.4535,0.0800,5.2015,0.1825
5.150,14.822,0.8087,-8.5453,-86.332,3.5296,-15.0572,-67.942,6.6726,2.2988,7.0575,18.391,-0.6848,2.1169,17.372,-1.1054,-17.6490,-85.313,1.467,-0.2158,17.707,6.0488,0.0104,0.8562,82.2618,1,3.2999,2.8970,nan,3.5307,3.5125,0.1391,-0.1698,1.5074,-1.3512,-2.2425,0.3645,20.0565,-0.0800,4.9550,0.1825
5.200,14.912,0.8140,-8.6352,-87.089,5.7201,-13.2706,-48.482,4.8786,4.6643,6.7496,38.606,-4.4832,1.3148,38.518,-1.1000,-17.7660,-87.000,1.744,-0.1999,17.869,6.0754,0.0121,1.3411,111.1348,1,2.9935,2.9181,nan,3.3483,3.2132,0.1273,-0.4446,1.3675,-1.4526,-2.2533,0.3645,20.0565,-0.0782,4.9708,0.1825
5.250,15.017,0.8193,-8.7404,-86.126,5.8255,-13.3931,-49.182,4.9802,4.6804,6.8344,36.944,-4.4832,1.3148,38.518,-1.0938,-17.9275,-87.700,2.008,0.5999,18.103,6.1305,0.0089,1.4916,167.5289,1,3.1799,4.2003,nan,3.1324,2.7433,0.1086,-0.1111,0.9976,-2.2275,-1.8282,0.3543,22.9503,0.0800,4.9708,0.1825
5.300,15.119,0.8271,-8.8419,-85.877,3.1670,-14.5020,-78.861,5.8137,1.9269,6.1247,7.016,2.4448,3.7201,5.629,-1.0687,-18.2050,-84.490,2.224,-0.4493,18.266,6.3007,0.0088,0.5784,65.9919,1,3.2895,3.3423,nan,3.5643,3.5708,0.1414,0.1866,1.5027,-0.7646,-2.4652,0.1974,20.2561,-0.0800,4.1123,0.1825
5.350,15.248,0.8341,-8.9709,-89.198,3.1872,-14.6437,-81.639,5.7052,2.2734,6.1414,7.559,2.4448,3.7201,5.629,-1.0626,-18.3480,-87.268,2.480,-1.3365,18.433,6.3146,0.0148,0.6017,40.6318,1,3.3116,3.3423,nan,3.5763,3.5602,0.1410,0.0968,1.5128,-0.8179,-2.5084,0.2853,20.1563,-0.0800,4.1123,0.1825
5.400,15.248,0.8341,-8.9709,-89.198,3.3150,-13.7277,-79.672,4.7911,2.4140,5.3649,9.525,1.9429,4.5998,7.596,-1.0626,-18.3480,-87.268,2.480,-1.3365,18.433,6.3146,0.0148,0.4840,32.6854,1,2.9875,2.8935,nan,3.8891,3.4209,0.1355,0.2780,1.3647,-0.5361,-2.6010,-0.3377,20.9546,0.0800,3.8034,0.1825
5.450,15.395,0.8328,-9.1176,-91.242,3.3225,-13.8771,-85.902,4.7044,2.5923,5.3714,5.340,1.9429,4.5998,7.596,-1.0749,-18.4971,-93.498,2.656,-0.3099,18.589,6.3189,0.0124,0.5176,41.6530,1,2.8000,2.7860,nan,3.7450,3.5567,0.1409,0.2657,1.2791,-0.6182,-2.5502,-0.2623,20.8548,0.0800,4.7652,0.1825
5.500,15.553,0.8295,-9.2753,-90.422,3.5969,-13.5474,-81.845,4.2516,2.7988,5.0901,8.577,1.2970,4.9859,10.378,-1.0763,-18.6445,-92.223,2.996,0.5043,18.779,6.3084,0.0098,0.5295,54.2003,1,3.1083,3.4420,nan,4.1228,3.7811,0.1497,0.3583,1.4076,-0.7367,-2.2402,-0.2777,21.3538,0.0800,4.9715,0.1825
5.550,15.720,0.8312,-9.4424,-87.482,2.9355,-13.3032,-82.715,3.9495,1.9326,4.3970,4.767,1.9475,5.5546,6.258,-1.0735,-18.8531,-88.973,3.167,1.3130,18.957,6.3491,0.0209,0.3227,15.4519,1,3.2474,3.3103,nan,3.9657,3.6123,0.1431,0.4046,1.5010,-0.0371,-2.2478,-0.3595,21.1542,0.0800,3.6622,0.1825
5.600,15.902,0.8452,-9.6242,-83.135,2.9745,-13.4747,-77.363,4.0774,1.6538,4.4000,5.771,1.9475,5.5546,6.258,-1.0534,-19.0278,-83.621,3.336,1.4483,19.151,6.3411,0.0078,0.3288,42.1921,1,3.4428,3.5388,nan,3.9657,3.7628,0.1490,0.3611,1.5727,-0.1985,-2.2022,-0.3815,21.0544,0.0800,3.4300,0.1825
5.650,16.090,0.8748,-9.8095,-77.777,2.6810,-13.3430,-73.937,3.8358,1.0172,3.9683,3.840,2.1742,5.9253,4.515,-1.0114,-19.2484,-78.452,3.462,1.8771,19.352,6.3737,0.0148,0.3171,21.3972,1,3.5011,3.5411,nan,3.9657,3.8211,0.1513,0.3494,1.5855,0.1358,-2.1127,-0.3815,21.0544,0.0800,-0.8748,0.1803
5.700,16.283,0.9248,-9.9960,-71.380,2.4855,-13.2859,-69.950,3.6160,0.4286,3.6413,1.430,2.5971,6.1552,2.488,-0.9555,-19.4179,-72.438,3.452,1.9895,19.551,6.3560,0.0325,0.3331,10.2636,1,3.6045,3.6581,nan,3.9075,4.0365,0.1599,0.3301,1.6262,-0.0327,-2.0354,-0.3377,20.9546,0.0800,1.5009,0.1803
5.750,16.475,0.9947,-10.1747,-65.175,2.5772,-13.4912,-62.588,3.6745,0.0438,3.6748,2.586,2.5971,6.1552,2.488,-0.8728,-19.6270,-65.077,3.523,1.9415,19.753,6.3838,0.0509,0.3359,6.6012,1,3.6034,3.6325,nan,3.8330,3.9225,0.1553,0.3303,1.6257,0.1456,-1.9769,-0.3377,20.9546,0.0518,1.1270,0.1803
5.800,16.677,1.0888,-10.3542,-58.875,2.3926,-12.9152,-58.672,2.8662,-0.2077,2.8737,0.202,3.0179,6.8881,0.419,-0.7701,-19.7982,-59.091,3.598,1.8852,19.966,6.3741,0.0027,0.2538,93.8047,1,3.6032,3.6325,nan,4.1423,4.1646,0.1649,0.3303,1.5438,0.6364,-1.8113,-0.3141,21.2540,0.0800,1.1270,0.1803
5.850,18.710,0.7996,-8.3423,-89.911,2.5130,-13.0730,-52.991,4.7334,1.7060,5.0314,36.920,3.0179,6.8881,0.419,-0.6509,-19.9569,-53.410,0.230,0.1255,20.177,8.4812,0.0100,0.3979,39.9198,1,3.5855,3.6118,nan,4.0633,4.1469,0.1642,0.3335,1.5362,0.4579,-1.7255,-0.3141,21.2540,0.0800,2.7054,0.1803
5.900,18.710,0.7996,-8.3423,-89.911,2.7710,-14.5286,-54.053,6.1894,1.9617,6.4928,35.858,3.6459,5.4197,-0.643,-0.6509,-19.9569,-53.410,0.230,0.1255,20.177,8.4812,0.0100,0.4944,49.5959,0,3.5855,3.6118,nan,4.0633,4.1469,0.1642,0.3335,1.5362,0.4579,-1.7255,-0.3141,21.2540,0.0800,2.7054,0.1803
5.950,18.733,0.8000,-8.3652,-89.214,2.9353,-14.5775,-91.537,6.2410,2.0499,6.5690,-2.322,4.3945,5.6114,-2.006,-0.7516,-20.2276,-89.530,0.556,0.2966,20.402,8.7364,0.0096,0.5342,55.3913,0,3.5855,3.6118,nan,4.0633,4.1469,0.1642,0.3335,1.5362,0.4579,-1.7255,-0.3141,21.2540,0.0800,2.7054,0.1803
6.000,18.773,0.8013,-8.4052,-88.010,2.9341,-14.7949,-90.350,6.4600,1.9096,6.7363,-2.340,4.3945,5.6114,-2.006,-0.7452,-20.4449,-88.344,0.799,0.3249,20.610,8.9127,0.0105,0.5731,54.6522,0,3.5855,3.6118,nan,4.0633,4.1469,0.1642,0.3335,1.5362,0.4579,-1.7255,-0.3141,21.2540,0.0800,2.7054,0.1803
6.050,18.808,0.8029,-8.4401,-87.911,5.2428,-13.6397,-78.688,5.3580,4.2474,6.8372,9.223,2.9636,6.8880,8.372,-0.7340,-20.6407,-87.060,0.501,-0.0046,20.610,9.0722,0.0101,1.2244,121.1472,0,3.5855,3.6118,nan,4.0633,4.1469,0.1642,0.3335,1.5362,0.4579,-1.7255,-0.3141,21.2540,0.0800,2.7054,0.1803
6.100,18.827,0.8039,-8.4589,-87.914,4.8593,-13.4312,-81.528,5.1167,3.8717,6.4164,6.386,3.3185,6.9726,6.397,-0.7423,-20.4485,-87.926,0.086,-0.0028,20.610,8.8627,0.0098,1.0515,107.4822,0,3.5855,3.6118,nan,4.0633,4.1469,0.1642,0.3335,1.5362,0.4579,-1.7255,-0.3141,21.2540,0.0800,2.7054,0.1803
6.150,18.827,0.8040,-8.4593,-87.918,4.8593,-13.4312,-81.524,5.1160,3.8720,6.4160,6.394,3.3185,6.9726,6.397,-0.7423,-20.4485,-87.922,-0.000,-0.0016,20.610,8.8623,0.0097,1.0512,107.9648,0,3.5855,3.6118,nan,4.0633,4.1469,0.1642,0.3335,1.5362,0.4579,-1.7255,-0.3141,21.2540,0.0800,2.7054,0.1803
6.200,18.827,0.8042,-8.4592,-87.919,4.9342,-13.2062,-80.159,4.8938,3.9550,6.2921,7.760,2.9074,7.1551,7.764,-0.7423,-20.4485,-87.923,-0.000,-0.0012,20.610,8.8624,0.0097,0.9656,99.1746,0,3.5855,3.6118,nan,4.0633,4.1469,0.1642,0.3335,1.5362,0.4579,-1.7255,-0.3141,21.2540,0.0800,2.7054,0.1803
6.250,18.827,0.8043,-8.4592,-87.921,4.3540,-13.2529,-84.501,4.9193,3.3735,5.9649,3.420,3.8744,7.2034,3.422,-0.7423,-20.4485,-87.923,-0.000,-0.0009,20.610,8.8624,0.0097,0.6920,71.0765,0,3.5855,3.6118,nan,4.0633,4.1469,0.1642,0.3335,1.5362,0.4579,-1.7255,-0.3141,21.2540,0.0800,2.7054,0.1803
6.300,18.827,0.8044,-8.4592,-87.921,4.3540,-13.2529,-84.501,4.9193,3.3734,5.9648,3.420,3.8744,7.2034,3.422,-0.7423,-20.4485,-87.923,-0.000,-0.0007,20.610,8.8624,0.0097,0.6919,71.0663,0,3.5855,3.6118,nan,4.0633,4.1469,0.1642,0.3335,1.5362,0.4579,-1.7255,-0.3141,21.2540,0.0800,2.7054,0.1803
6.350,18.827,0.8044,-8.4592,-87.922,3.9072,-13.2525,-88.028,4.9027,2.9270,5.7099,-0.106,4.6867,7.1945,-0.104,-0.7423,-20.4485,-87.924,-0.000,-0.0005,20.610,8.8624,0.0097,0.5352,54.9703,0,3.5855,3.6118,nan,4.0633,4.1469,0.1642,0.3335,1.5362,0.4579,-1.7255,-0.3141,21.2540,0.0800,2.7054,0.1803
6.400,18.827,0.8044,-8.4592,-87.922,2.8072,-12.2797,-98.620,3.8906,1.8630,4.3137,-10.698,7.3320,7.6756,-10.697,-0.7423,-20.4485,-87.924,-0.000,-0.0005,20.610,8.8624,0.0097,0.4171,42.8440,0,3.5855,3.6118,nan,4.0633,4.1469,0.1642,0.3335,1.5362,0.4579,-1.7255,-0.3141,21.2540,0.0800,2.7054,0.1803
6.450,18.828,0.8045,-8.4592,-87.939,2.8072,-12.2797,-98.620,3.8901,1.8640,4.3136,-10.682,7.3320,7.6756,-10.697,-0.7423,-20.4485,-87.924,-0.000,-0.0004,20.610,8.8624,0.0097,0.4171,42.8425,0,3.5855,3.6118,nan,4.0633,4.1469,0.1642,0.3335,1.5362,0.4579,-1.7255,-0.3141,21.2540,0.0800,2.7054,0.1803
6.500,18.828,0.8045,-8.4592,-87.939,2.4623,-12.2657,-104.888,3.8636,1.5199,4.1518,-16.948,9.1329,7.0784,-16.947,-0.7423,-20.4485,-87.940,-0.000,-0.0003,20.610,8.8624,0.0097,0.2560,26.2981,0,3.5855,3.6118,nan,4.0633,4.1469,0.1642,0.3335,1.5362,0.4579,-1.7255,-0.3141,21.2540,0.0800,2.7054,0.1803
6.550,18.828,0.8046,-8.4592,-87.939,2.4623,-12.2657,-104.888,3.8636,1.5198,4.1518,-16.948,9.1329,7.0784,-16.947,-0.7423,-20.4485,-87.940,-0.000,-0.0002,20.610,8.8624,0.0097,0.2560,26.2956,0,3.5855,3.6118,nan,4.0633,4.1469,0.1642,0.3335,1.5362,0.4579,-1.7255,-0.3141,21.2540,0.0800,2.7054,0.1803
6.600,18.828,0.8046,-8.4592,-87.940,2.4525,-12.0778,-109.529,3.6755,1.5168,3.9762,-21.589,10.6666,6.6630,-21.589,-0.7423,-20.4485,-87.940,-0.000,-0.0002,20.610,8.8624,0.0097,0.2154,22.1258,0,3.5855,3.6118,nan,4.0633,4.1469,0.1642,0.3335,1.5362,0.4579,-1.7255,-0.3141,21.2540,0.0800,2.7054,0.1803
6.650,18.828,0.8046,-8.4592,-87.940,2.4562,-12.0737,-111.391,3.6715,1.5206,3.9740,-23.451,11.2748,6.3904,-23.451,-0.7423,-20.4485,-87.940,0.000,-0.0001,20.610,8.8624,0.0097,0.2104,21.6071,0,3.5855,3.6118,nan,4.0633,4.1469,0.1642,0.3335,1.5362,0.4579,-1.7255,-0.3141,21.2540,0.0800,2.7054,0.1803
6.700,18.828,0.8046,-8.4592,-87.940,2.4562,-12.0737,-111.391,3.6715,1.5206,3.9740,-23.451,11.2748,6.3904,-23.451,-0.7423,-20.4485,-87.940,0.000,-0.0001,20.610,8.8624,0.0097,0.2104,21.6071,0,3.5855,3.6118,nan,4.0633,4.1469,0.1642,0.3335,1.5362,0.4579,-1.7255,-0.3141,21.2540,0.0800,2.7054,0.1803
6.750,18.828,0.8046,-8.4592,-87.940,2.4562,-12.0737,-111.391,3.6715,1.5206,3.9740,-23.451,11.2748,6.3904,-23.451,-0.7423,-20.4485,-87.940,0.000,-0.0001,20.610,8.8624,0.0097,0.2104,21.6097,0,3.5855,3.6118,nan,4.0633,4.1469,0.1642,0.3335,1.5362,0.4579,-1.7255,-0.3141,21.2540,0.0800,2.7054,0.1803
6.800,18.828,0.8046,-8.4592,-87.940,2.5169,-10.5530,-58.919,2.1540,1.6360,2.7049,29.021,-6.7542,7.6880,29.021,-0.7423,-20.4485,-87.940,0.000,-0.0001,20.610,8.8624,0.0097,0.3626,37.2379,0,3.5855,3.6118,nan,4.0633,4.1469,0.1642,0.3335,1.5362,0.4579,-1.7255,-0.3141,21.2540,0.0800,2.7054,0.1803
6.850,18.828,0.8046,-8.4592,-87.940,2.5169,-10.5530,-58.919,2.1540,1.6360,2.7049,29.021,-6.7542,7.6880,29.021,-0.7423,-20.4485,-87.941,0.000,0.0000,20.610,8.8624,0.0097,0.3626,37.2379,0,3.5855,3.6118,nan,4.0633,4.1469,0.1642,0.3335,1.5362,0.4579,-1.7255,-0.3141,21.2540,0.0800,2.7054,0.1803
6.900,18.828,0.8046,-8.4592,-87.940,2.5169,-10.5530,-58.919,2.1540,1.6360,2.7049,29.021,-6.7542,7.6880,29.021,-0.7423,-20.4485,-87.941,0.000,0.0000,20.610,8.8624,0.0097,0.3626,37.2379,0,3.5855,3.6118,nan,4.0633,4.1469,0.1642,0.3335,1.5362,0.4579,-1.7255,-0.3141,21.2540,0.0800,2.7054,0.1803
6.950,18.828,0.8046,-8.4592,-87.940,2.5169,-10.5530,-58.919,2.1540,1.6360,2.7049,29.021,-6.7542,7.6880,29.021,-0.7423,-20.4485,-87.940,0.000,0.0000,20.610,8.8624,0.0097,0.3625,37.2329,0,3.5855,3.6118,nan,4.0633,4.1469,0.1642,0.3335,1.5362,0.4579,-1.7255,-0.3141,21.2540,0.0800,2.7054,0.1803
7.000,18.828,0.8046,-8.4592,-87.940,-0.6382,-10.7283,-171.226,2.2157,-1.5235,2.6890,-83.286,19.7568,-9.0747,-83.286,-0.7423,-20.4485,-87.940,0.000,0.0000,20.610,8.8624,0.0097,nan,nan,0,3.5855,3.6118,nan,4.0633,4.1469,0.1642,0.3335,1.5362,0.4579,-1.7255,-0.3141,21.2540,0.0800,2.7054,0.1803
7.050,18.828,0.8046,-8.4592,-87.940,-0.6382,-10.7283,-171.226,2.2157,-1.5235,2.6890,-83.286,19.7568,-9.0747,-83.286,-0.7423,-20.4485,-87.940,0.000,0.0000,20.610,8.8624,0.0097,nan,nan,0,3.5855,3.6118,nan,4.0633,4.1469,0.1642,0.3335,1.5362,0.4579,-1.7255,-0.3141,21.2540,0.0800,2.7054,0.1803
7.100,18.828,0.8046,-8.4592,-87.940,1.8386,-8.1378,73.074,-0.2840,1.0448,1.0828,161.015,-5.5157,-27.2325,161.015,-0.7423,-20.4485,-87.940,0.000,0.0000,20.610,8.8624,0.0097,0.3394,34.8629,0,3.5855,3.6118,nan,4.0633,4.1469,0.1642,0.3335,1.5362,0.4579,-1.7255,-0.3141,21.2540,0.0800,2.7054,0.1803
7.150,18.828,0.8047,-8.4592,-87.941,1.8386,-8.1378,73.074,-0.2840,1.0447,1.0827,161.015,-5.5157,-27.2325,161.015,-0.7423,-20.4485,-87.940,0.000,0.0000,20.610,8.8624,0.0097,0.3394,34.8558,0,3.5855,3.6118,nan,4.0633,4.1469,0.1642,0.3335,1.5362,0.4579,-1.7255,-0.3141,21.2540,0.0800,2.7054,0.1803
7.200,18.828,0.8047,-8.4592,-87.941,2.6753,-8.8478,-120.105,0.4556,1.8555,1.9106,-32.164,14.1894,8.0672,-32.164,-0.7423,-20.4485,-87.941,0.000,0.0000,20.610,8.8624,0.0097,0.3004,30.9270,0,3.5855,3.6118,nan,4.0633,4.1469,0.1642,0.3335,1.5362,0.4579,-1.7255,-0.3141,21.2540,0.0800,2.7054,0.1803
7.250,18.828,0.8047,-8.4592,-87.941,2.6753,-8.8478,-120.105,0.4556,1.8555,1.9106,-32.164,14.1894,8.0672,-32.164,-0.7423,-20.4485,-87.941,0.000,0.0000,20.610,8.8624,0.0097,0.3004,30.9270,0,3.5855,3.6118,nan,4.0633,4.1469,0.1642,0.3335,1.5362,0.4579,-1.7255,-0.3141,21.2540,0.0800,2.7054,0.1803
7.300,18.828,0.8047,-8.4592,-87.941,1.6485,-10.0689,-119.492,1.6390,0.7854,1.8174,-31.551,12.9808,6.9684,-31.551,-0.7423,-20.4485,-87.941,0.000,0.0000,20.610,8.8624,0.0097,0.4405,45.2398,0,3.5855,3.6118,nan,4.0633,4.1469,0.1642,0.3335,1.5362,0.4579,-1.7255,-0.3141,21.2540,0.0800,2.7054,0.1803
7.350,18.828,0.8047,-8.4592,-87.941,2.3783,-10.2950,-122.270,1.8911,1.5066,2.4179,-34.329,14.5232,6.1730,-34.329,-0.7423,-20.4485,-87.941,0.000,0.0000,20.610,8.8624,0.0097,0.4252,43.7709,0,3.5855,3.6118,nan,4.0633,4.1469,0.1642,0.3335,1.5362,0.4579,-1.7255,-0.3141,21.2540,0.0800,2.7054,0.1803
7.400,18.828,0.8047,-8.4592,-87.941,2.3783,-10.2950,-122.270,1.8911,1.5066,2.4179,-34.329,14.5232,6.1730,-34.329,-0.7423,-20.4485,-87.941,0.000,0.0000,20.610,8.8624,0.0097,0.4252,43.7709,0,3.5855,3.6118,nan,4.0633,4.1469,0.1642,0.3335,1.5362,0.4579,-1.7255,-0.3141,21.2540,0.0800,2.7054,0.1803
7.450,18.828,0.8046,-8.4592,-87.941,2.3783,-10.2950,-122.270,1.8911,1.5067,2.4180,-34.329,14.5232,6.1730,-34.329,-0.7423,-20.4485,-87.941,0.000,0.0000,20.610,8.8624,0.0097,0.4251,43.7683,0,3.5855,3.6118,nan,4.0633,4.1469,0.1642,0.3335,1.5362,0.4579,-1.7255,-0.3141,21.2540,0.0800,2.7054,0.1803
7.500,18.828,0.8046,-8.4592,-87.941,2.3783,-10.2950,-122.270,1.8911,1.5068,2.4180,-34.329,14.5232,6.1730,-34.329,-0.7423,-20.4485,-87.941,0.000,0.0000,20.610,8.8624,0.0097,0.4251,43.7683,0,3.5855,3.6118,nan,4.0633,4.1469,0.1642,0.3335,1.5362,0.4579,-1.7255,-0.3141,21.2540,0.0800,2.7054,0.1803
7.550,18.828,0.8046,-8.4592,-87.941,7.1550,-8.6618,-63.217,0.4306,6.3390,6.3536,24.724,-0.7232,10.2227,24.724,-0.7423,-20.4485,-87.941,0.000,0.0000,20.610,8.8624,0.0097,nan,nan,0,3.5855,3.6118,nan,4.0633,4.1469,0.1642,0.3335,1.5362,0.4579,-1.7255,-0.3141,21.2540,0.0800,2.7054,0.1803
7.600,18.828,0.8046,-8.4592,-87.941,4.4335,-11.5415,50.554,3.2107,3.5158,4.7613,138.495,-9.6733,-26.3634,138.495,-0.7423,-20.4485,-87.941,0.000,0.0000,20.610,8.8624,0.0097,0.3422,35.2294,0,3.5855,3.6118,nan,4.0633,4.1469,0.1642,0.3335,1.5362,0.4579,-1.7255,-0.3141,21.2540,0.0800,2.7054,0.1803
7.650,18.828,0.8047,-8.4592,-87.941,4.4335,-11.5415,50.554,3.2107,3.5157,4.7612,138.495,-9.6733,-26.3634,138.495,-0.7423,-20.4485,-87.941,0.000,0.0000,20.610,8.8624,0.0097,0.3422,35.2294,0,3.5855,3.6118,nan,4.0633,4.1469,0.1642,0.3335,1.5362,0.4579,-1.7255,-0.3141,21.2540,0.0800,2.7054,0.1803
7.700,18.828,0.8047,-8.4592,-87.941,4.4335,-11.5415,50.554,3.2107,3.5157,4.7612,138.495,-9.6733,-26.3634,138.495,-0.7423,-20.4485,-87.941,0.000,0.0000,20.610,8.8624,0.0097,0.3422,35.2294,0,3.5855,3.6118,nan,4.0633,4.1469,0.1642,0.3335,1.5362,0.4579,-1.7255,-0.3141,21.2540,0.0800,2.7054,0.1803
7.750,18.828,0.8047,-8.4592,-87.941,4.0392,-7.5147,-263.216,-0.8277,3.2664,3.3696,-175.275,4.9838,-27.9548,-175.275,-0.7423,-20.4485,-87.941,0.000,0.0000,20.610,8.8624,0.0097,0.7417,76.3601,0,3.5855,3.6118,nan,4.0633,4.1469,0.1642,0.3335,1.5362,0.4579,-1.7255,-0.3141,21.2540,0.0800,2.7054,0.1803
7.800,18.828,0.8047,-8.4592,-87.941,2.0001,-31.9275,-78.179,23.4961,0.3513,23.4987,9.762,-0.7356,-11.6493,9.762,-0.7423,-20.4485,-87.941,0.000,0.0000,20.610,8.8624,0.0097,nan,nan,0,3.5855,3.6118,nan,4.0633,4.1469,0.1642,0.3335,1.5362,0.4579,-1.7255,-0.3141,21.2540,0.0800,2.7054,0.1803
7.850,18.828,0.8047,-8.4592,-87.941,2.0001,-31.9275,-78.178,23.4961,0.3513,23.4987,9.762,-0.7356,-11.6493,9.762,-0.7423,-20.4485,-87.941,0.000,0.0000,20.610,8.8624,0.0097,nan,nan,0,3.5855,3.6118,nan,4.0633,4.1469,0.1642,0.3335,1.5362,0.4579,-1.7255,-0.3141,21.2540,0.0800,2.7054,0.1803
7.900,18.828,0.8047,-8.4592,-87.941,2.6769,3.0918,-234.876,-11.4763,2.2861,11.7018,-146.935,13.2112,-14.4501,-146.935,-0.7423,-20.4485,-87.941,0.000,0.0000,20.610,8.8624,0.0097,0.0775,7.9789,0,3.5855,3.6118,nan,4.0633,4.1469,0.1642,0.3335,1.5362,0.4579,-1.7255,-0.3141,21.2540,0.0800,2.7054,0.1803
7.950,18.828,0.8047,-8.4592,-87.941,2.6769,3.0918,-234.876,-11.4763,2.2861,11.7018,-146.935,13.2112,-14.4501,-146.935,-0.7423,-20.4485,-87.941,0.000,0.0000,20.610,8.8624,0.0097,0.0775,7.9789,0,3.5855,3.6118,nan,4.0633,4.1469,0.1642,0.3335,1.5362,0.4579,-1.7255,-0.3141,21.2540,0.0800,2.7054,0.1803
8.000,18.828,0.8047,-8.4592,-87.941,0.8303,-8.9363,-267.536,0.4777,0.0084,0.4778,-179.596,0.2323,-29.3895,-179.596,-0.7423,-20.4485,-87.941,0.000,0.0000,20.610,8.8624,0.0097,0.0421,4.3390,0,3.5855,3.6118,nan,4.0633,4.1469,0.1642,0.3335,1.5362,0.4579,-1.7255,-0.3141,21.2540,0.0800,2.7054,0.1803
8.050,18.828,0.8047,-8.4592,-87.941,0.8303,-8.9363,-267.536,0.4777,0.0084,0.4778,-179.596,0.2323,-29.3895,-179.596,-0.7423,-20.4485,-87.941,0.000,0.0000,20.610,8.8624,0.0097,0.0421,4.3390,0,3.5855,3.6118,nan,4.0633,4.1469,0.1642,0.3335,1.5362,0.4579,-1.7255,-0.3141,21.2540,0.0800,2.7054,0.1803
8.100,18.828,0.8047,-8.4592,-87.941,0.8303,-8.9363,-267.537,0.4777,0.0084,0.4778,-179.596,0.2323,-29.3895,-179.596,-0.7423,-20.4485,-87.941,0.000,0.0000,20.610,8.8624,0.0097,0.0421,4.3390,0,3.5855,3.6118,nan,4.0633,4.1469,0.1642,0.3335,1.5362,0.4579,-1.7255,-0.3141,21.2540,0.0800,2.7054,0.1803
8.150,18.828,0.8047,-8.4592,-87.941,1.9104,-5.9027,-87.821,-2.5151,1.1968,2.7854,0.119,2.6101,14.5473,0.119,-0.7423,-20.4485,-87.941,0.000,0.0000,20.610,8.8624,0.0097,0.4472,46.0403,0,3.5855,3.6118,nan,4.0633,4.1469,0.1642,0.3335,1.5362,0.4579,-1.7255,-0.3141,21.2540,0.0800,2.7054,0.1803
8.200,18.828,0.8047,-8.4592,-87.941,1.9104,-5.9027,-87.821,-2.5151,1.1968,2.7854,0.119,2.6101,14.5473,0.119,-0.7423,-20.4485,-87.941,0.000,0.0000,20.610,8.8624,0.0097,0.4472,46.0403,0,3.5855,3.6118,nan,4.0633,4.1469,0.1642,0.3335,1.5362,0.4579,-1.7255,-0.3141,21.2540,0.0800,2.7054,0.1803
8.250,18.828,0.8047,-8.4592,-87.941,1.9104,-5.9027,-87.821,-2.5151,1.1968,2.7854,0.119,2.6101,14.5473,0.119,-0.7423,-20.4485,-87.941,0.000,0.0000,20.610,8.8624,0.0097,0.4472,46.0436,0,3.5855,3.6118,nan,4.0633,4.1469,0.1642,0.3335,1.5362,0.4579,-1.7255,-0.3141,21.2540,0.0800,2.7054,0.1803
8.300,18.828,0.8047,-8.4592,-87.941,1.3192,-7.2620,-216.359,-1.1779,0.5571,1.3030,-128.419,16.8791,-20.5503,-128.419,-0.7423,-20.4485,-87.941,0.000,0.0000,20.610,8.8624,0.0097,0.3004,30.9251,0,3.5855,3.6118,nan,4.0633,4.1469,0.1642,0.3335,1.5362,0.4579,-1.7255,-0.3141,21.2540,0.0800,2.7054,0.1803
8.350,18.828,0.8047,-8.4592,-87.941,1.3192,-7.2620,-216.359,-1.1779,0.5571,1.3030,-128.419,16.8791,-20.5503,-128.419,-0.7423,-20.4485,-87.941,0.000,0.0000,20.610,8.8624,0.0097,0.3004,30.9251,0,3.5855,3.6118,nan,4.0633,4.1469,0.1642,0.3335,1.5362,0.4579,-1.7255,-0.3141,21.2540,0.0800,2.7054,0.1803
8.400,18.828,0.8047,-8.4592,-87.941,1.3192,-7.2620,-216.359,-1.1779,0.5571,1.3030,-128.419,16.8791,-20.5503,-128.419,-0.7423,-20.4485,-87.941,0.000,0.0000,20.610,8.8624,0.0097,0.3004,30.8517,0,3.5855,3.6118,nan,4.0633,4.1469,0.1642,0.3335,1.5362,0.4579,-1.7255,-0.3141,21.2540,0.0800,2.7054,0.1803
8.450,18.828,0.8047,-8.4592,-87.941,-4.5372,-12.6259,-59.479,3.9721,-5.4882,6.7748,28.461,-13.6297,5.7048,28.461,-0.7423,-20.4485,-87.941,0.000,0.0000,20.610,8.8624,0.0097,nan,nan,0,3.5855,3.6118,nan,4.0633,4.1469,0.1642,0.3335,1.5362,0.4579,-1.7255,-0.3141,21.2540,0.0800,2.7054,0.1803
8.500,18.828,0.8047,-8.4592,-87.941,-4.5372,-12.6259,-59.479,3.9721,-5.4882,6.7748,28.461,-13.6297,5.7048,28.461,-0.7423,-20.4485,-87.941,0.000,0.0000,20.610,8.8624,0.0097,nan,nan,0,3.5855,3.6118,nan,4.0633,4.1469,0.1642,0.3335,1.5362,0.4579,-1.7255,-0.3141,21.2540,0.0800,2.7054,0.1803
8.550,18.828,0.8047,-8.4592,-87.941,-4.5372,-12.6259,-59.479,3.9721,-5.4882,6.7748,28.461,-13.6297,5.7048,28.461,-0.7423,-20.4485,-87.941,0.000,0.0000,20.610,8.8624,0.0097,nan,nan,0,3.5855,3.6118,nan,4.0633,4.1469,0.1642,0.3335,1.5362,0.4579,-1.7255,-0.3141,21.2540,0.0800,2.7054,0.1803
8.600,18.828,0.8047,-8.4592,-87.941,-4.5372,-12.6259,-59.479,3.9721,-5.4882,6.7748,28.461,-13.6297,5.7048,28.461,-0.7423,-20.4485,-87.941,0.000,0.0000,20.610,8.8624,0.0097,nan,nan,0,3.5855,3.6118,nan,4.0633,4.1469,0.1642,0.3335,1.5362,0.4579,-1.7255,-0.3141,21.2540,0.0800,2.7054,0.1803
8.650,18.828,0.8047,-8.4592,-87.941,0.8005,-14.2827,-266.345,5.8196,-0.2135,5.8235,-178.405,0.6278,-34.7439,-178.405,-0.7423,-20.4485,-87.941,0.000,0.0000,20.610,8.8624,0.0097,0.0267,2.7443,0,3.5855,3.6118,nan,4.0633,4.1469,0.1642,0.3335,1.5362,0.4579,-1.7255,-0.3141,21.2540,0.0800,2.7054,0.1803
8.700,18.828,0.8047,-8.4592,-87.941,-5.1329,2.7684,-165.210,-11.4337,-5.5303,12.7009,-77.269,14.9764,6.5506,-77.269,-0.7423,-20.4485,-87.941,0.000,0.0000,20.610,8.8624,0.0097,nan,nan,0,3.5855,3.6118,nan,4.0633,4.1469,0.1642,0.3335,1.5362,0.4579,-1.7255,-0.3141,21.2540,0.0800,2.7054,0.1803
8.750,18.828,0.8047,-8.4592,-87.941,-5.1329,2.7684,-165.210,-11.4337,-5.5303,12.7009,-77.269,14.9764,6.5506,-77.269,-0.7423,-20.4485,-87.941,0.000,0.0000,20.610,8.8624,0.0097,nan,nan,0,3.5855,3.6118,nan,4.0633,4.1469,0.1642,0.3335,1.5362,0.4579,-1.7255,-0.3141,21.2540,0.0800,2.7054,0.1803
8.800,18.828,0.8047,-8.4592,-87.941,-2.9514,-8.7543,-172.308,0.1600,-3.7643,3.7677,-84.367,17.4712,-7.4859,-84.367,-0.7423,-20.4485,-87.941,0.000,0.0000,20.610,8.8624,0.0097,nan,nan,0,3.5855,3.6118,nan,4.0633,4.1469,0.1642,0.3335,1.5362,0.4579,-1.7255,-0.3141,21.2540,0.0800,2.7054,0.1803
8.850,18.828,0.8047,-8.4592,-87.941,2.2124,-8.3338,-119.086,-0.0747,1.4113,1.4133,-31.146,13.4240,8.7832,-31.146,-0.7423,-20.4485,-87.941,0.000,0.0000,20.610,8.8624,0.0097,0.2914,29.9300,0,3.5855,3.6118,nan,4.0633,4.1469,0.1642,0.3335,1.5362,0.4579,-1.7255,-0.3141,21.2540,0.0800,2.7054,0.1803
8.900,18.828,0.8047,-8.4592,-87.941,7.5647,7.2635,-253.702,-15.4696,7.3206,17.1143,-165.762,11.8745,-12.7394,-165.762,-0.7423,-20.4485,-87.941,0.000,0.0000,20.610,8.8624,0.0097,nan,nan,0,3.5855,3.6118,nan,4.0633,4.1469,0.1642,0.3335,1.5362,0.4579,-1.7255,-0.3141,21.2540,0.0800,2.7054,0.1803
8.950,18.828,0.8047,-8.4592,-87.941,7.5647,7.2635,-253.702,-15.4696,7.3206,17.1143,-165.762,11.8745,-12.7394,-165.762,-0.7423,-20.4485,-87.941,0.000,0.0000,20.610,8.8624,0.0097,nan,nan,0,3.5855,3.6118,nan,4.0633,4.1469,0.1642,0.3335,1.5362,0.4579,-1.7255,-0.3141,21.2540,0.0800,2.7054,0.1803
9.000,18.828,0.8047,-8.4592,-87.941,7.5647,7.2635,-253.702,-15.4696,7.3206,17.1143,-165.762,11.8745,-12.7394,-165.762,-0.7423,-20.4485,-87.941,0.000,0.0000,20.610,8.8624,0.0097,nan,nan,0,3.5855,3.6118,nan,4.0633,4.1469,0.1642,0.3335,1.5362,0.4579,-1.7255,-0.3141,21.2540,0.0800,2.7054,0.1803
9.050,18.828,0.8047,-8.4592,-87.941,3.8441,-1.0170,-135.365,-7.3282,3.3048,8.0389,-47.424,19.4041,12.2712,-47.424,-0.7423,-20.4485,-87.941,0.000,0.0000,20.610,8.8624,0.0097,0.0613,6.3005,0,3.5855,3.6118,nan,4.0633,4.1469,0.1642,0.3335,1.5362,0.4579,-1.7255,-0.3141,21.2540,0.0800,2.7054,0.1803
9.100,18.828,0.8047,-8.4592,-87.941,3.8441,-1.0170,-135.365,-7.3282,3.3048,8.0389,-47.424,19.4041,12.2712,-47.424,-0.7423,-20.4485,-87.941,0.000,0.0000,20.610,8.8624,0.0097,0.0614,6.3026,0,3.5855,3.6118,nan,4.0633,4.1469,0.1642,0.3335,1.5362,0.4579,-1.7255,-0.3141,21.2540,0.0800,2.7054,0.1803
9.150,18.828,0.8047,-8.4592,-87.941,2.0079,-12.1584,-73.079,3.7400,1.0695,3.8899,14.861,-2.5193,7.7965,14.861,-0.7423,-20.4485,-87.941,0.000,0.0000,20.610,8.8624,0.0097,0.2747,28.2100,0,3.5855,3.6118,nan,4.0633,4.1469,0.1642,0.3335,1.5362,0.4579,-1.7255,-0.3141,21.2540,0.0800,2.7054,0.1803
9.200,18.828,0.8047,-8.4592,-87.941,2.0079,-12.1584,-73.079,3.7400,1.0695,3.8899,14.861,-2.5193,7.7965,14.861,-0.7423,-20.4485,-87.941,0.000,0.0000,20.610,8.8624,0.0097,0.2747,28.2109,0,3.5855,3.6118,nan,4.0633,4.1469,0.1642,0.3335,1.5362,0.4579,-1.7255,-0.3141,21.2540,0.0800,2.7054,0.1803
9.250,18.828,0.8047,-8.4592,-87.941,2.0079,-12.1584,-73.079,3.7400,1.0695,3.8899,14.861,-2.5193,7.7965,14.861,-0.7423,-20.4485,-87.941,0.000,0.0000,20.610,8.8624,0.0097,0.2747,28.2120,0,3.5855,3.6118,nan,4.0633,4.1469,0.1642,0.3335,1.5362,0.4579,-1.7255,-0.3141,21.2540,0.0800,2.7054,0.1803
9.300,18.828,0.8047,-8.4593,-87.940,1.9477,-2.2615,-247.028,-6.1528,1.3650,6.3023,-159.088,8.5532,-21.6278,-159.087,-0.7423,-20.4485,-87.941,0.026,0.0009,20.619,8.8623,0.0097,0.3299,33.8853,0,3.5855,3.6118,nan,4.0633,4.1469,0.1642,0.3335,1.5362,0.4579,-1.7255,-0.3141,21.2540,0.0800,2.7054,0.1803
9.350,18.838,0.8050,-8.4693,-87.920,1.9407,-2.2451,-247.025,-6.1789,1.3608,6.3270,-159.105,8.5532,-21.6278,-159.087,-0.7416,-20.4662,-87.938,0.324,0.0100,20.726,8.8701,0.0097,0.3305,34.1879,0,3.5855,3.6118,nan,4.0633,4.1469,0.1642,0.3335,1.5362,0.4579,-1.7255,-0.3141,21.2540,0.0800,2.7054,0.1803
9.400,18.838,0.8050,-8.4693,-87.920,3.4548,-5.0344,-91.858,-3.3365,2.7727,4.3382,-3.937,5.5938,15.3332,-3.920,-0.7416,-20.4662,-87.938,0.324,0.0100,20.726,8.8701,0.0097,0.6623,68.1885,0,3.5855,3.6118,nan,4.0633,4.1469,0.1642,0.3335,1.5362,0.4579,-1.7255,-0.3141,21.2540,0.0800,2.7054,0.1803
9.450,18.865,0.8060,-8.4959,-87.870,2.0012,-5.2635,-223.552,-3.1858,1.3146,3.4463,-135.682,15.9208,-20.5590,-135.662,-0.7343,-20.6680,-87.890,0.618,0.0188,20.833,9.0441,0.0097,0.3157,32.5048,0,3.5855,3.6118,nan,4.0633,4.1469,0.1642,0.3335,1.5362,0.4579,-1.7255,-0.3141,21.2540,0.0800,2.7054,0.1803
9.500,18.907,0.8076,-8.5379,-87.804,1.9233,-5.1896,-223.474,-3.3031,1.2432,3.5293,-135.670,15.9208,-20.5590,-135.662,-0.7302,-20.7753,-87.812,0.903,0.0273,20.938,9.1090,0.0104,0.3190,30.5824,0,3.5855,3.6118,nan,4.0633,4.1469,0.1642,0.3335,1.5362,0.4579,-1.7255,-0.3141,21.2540,0.0800,2.7054,0.1803
9.550,18.964,0.8099,-8.5954,-87.707,15.4008,-2.4049,-259.840,-5.6019,14.8269,15.8498,-172.132,17.5442,-23.1757,-172.115,-0.7265,-20.8685,-87.725,1.183,0.0375,21.043,9.1444,0.0095,nan,nan,0,3.5855,3.6118,nan,4.0633,4.1469,0.1642,0.3335,1.5362,0.4579,-1.7255,-0.3141,21.2540,0.0800,2.7054,0.1803
9.600,19.030,0.8126,-8.6610,-87.580,4.0962,1.0847,-208.280,-9.5984,3.6922,10.2840,-120.700,21.7672,-10.2361,-120.674,-0.7221,-20.9739,-87.606,1.435,0.0456,21.139,9.1840,0.0094,0.2910,30.8412,0,3.5855,3.6118,nan,4.0633,4.1469,0.1642,0.3335,1.5362,0.4579,-1.7255,-0.3141,21.2540,0.0800,2.7054,0.1803
9.650,19.119,0.8164,-8.7496,-87.404,4.0070,1.1324,-208.119,-9.7273,3.6350,10.3843,-120.715,21.7672,-10.2361,-120.674,-0.7176,-21.0749,-87.445,1.786,0.0653,21.243,9.1963,0.0097,0.3109,32.1633,0,3.5855,3.6118,nan,4.0633,4.1469,0.1642,0.3335,1.5362,0.4579,-1.7255,-0.3141,21.2540,0.0800,2.7054,0.1803
9.700,19.222,0.8213,-8.8528,-87.182,3.9104,1.1835,-207.878,-9.8723,3.5787,10.5009,-120.696,21.7672,-10.2361,-120.674,-0.7122,-21.1841,-87.205,1.939,0.0793,21.350,9.2022,0.0098,0.3322,34.0006,0,3.5855,3.6118,nan,4.0633,4.1469,0.1642,0.3335,1.5362,0.4579,-1.7255,-0.3141,21.2540,0.0800,2.7054,0.1803
9.750,19.332,0.8269,-8.9627,-86.931,0.9193,2.5192,-80.706,-11.4605,0.7071,11.4823,6.225,-0.6924,23.7541,6.243,-0.7069,-21.2842,-86.949,1.981,0.0908,21.460,9.1925,0.0092,0.1576,17.0442,0,3.5855,3.6118,nan,4.0633,4.1469,0.1642,0.3335,1.5362,0.4579,-1.7255,-0.3141,21.2540,0.0800,2.7054,0.1803
9.800,19.441,0.8330,-9.0719,-86.632,0.9392,2.4009,-80.417,-11.4468,0.7801,11.4733,6.215,-0.6924,23.7541,6.243,-0.7000,-21.4040,-86.660,1.992,0.1058,21.569,9.2029,0.0087,0.1701,19.4936,0,3.5855,3.6118,nan,4.0633,4.1469,0.1642,0.3335,1.5362,0.4579,-1.7255,-0.3141,21.2540,0.0800,2.7054,0.1803
