t,ms,ok,fails,limited,slack,s,n,xi,v,delta,d_cmd,v_plan,a_plan
1789768369.844,76.8,1,0,1,0.000,0.00,0.154,0.241,0.30,0.000,-0.084,0.73,6.98
1789768369.864,18.4,1,0,1,0.000,0.00,0.154,0.241,0.30,-0.084,-0.133,1.56,6.99
1789768369.884,17.9,1,0,1,0.000,0.00,0.154,0.241,0.30,-0.084,-0.135,1.56,6.99
1789768369.909,24.1,1,0,1,0.000,0.00,0.154,0.241,0.30,-0.084,-0.136,1.56,6.99
1789768369.935,24.4,1,0,1,0.000,0.00,0.154,0.241,0.30,-0.135,-0.132,1.56,6.99
1789768369.955,17.9,1,0,1,0.000,0.00,0.154,0.241,0.30,-0.136,-0.132,1.56,6.99
1789768369.975,18.3,1,0,1,0.000,0.00,0.157,0.237,0.30,-0.136,-0.128,1.56,6.99
1789768369.993,16.9,1,0,1,0.000,0.00,0.157,0.237,0.36,-0.132,-0.117,1.62,6.99
1789768370.012,17.5,1,0,1,0.000,0.00,0.162,0.227,0.46,-0.132,-0.097,1.71,6.99
1789768370.031,17.3,1,0,1,0.000,0.00,0.162,0.227,0.57,-0.128,-0.087,1.82,6.99
1789768370.050,16.4,1,0,1,0.000,0.00,0.167,0.219,0.68,-0.117,-0.076,1.92,6.99
1789768370.073,17.4,1,0,1,0.000,0.00,0.170,0.213,0.78,-0.097,-0.062,2.02,6.99
1789768370.102,24.3,1,0,1,0.000,0.00,0.174,0.208,0.90,-0.087,-0.052,2.13,6.99
1789768370.127,23.2,1,0,1,0.000,0.00,0.174,0.208,1.06,-0.062,-0.043,2.29,6.99
1789768370.149,20.4,1,0,1,0.000,0.11,0.188,0.178,1.23,-0.062,-0.028,2.45,6.99
1789768370.169,19.2,1,0,1,0.000,0.11,0.188,0.178,1.37,-0.052,-0.025,2.58,6.99
1789768370.187,15.8,1,0,1,0.000,0.11,0.192,0.174,1.48,-0.043,-0.023,2.69,6.99
1789768370.216,26.9,1,0,2,0.000,0.21,0.197,0.143,1.49,-0.043,0.037,2.63,5.96
1789768370.233,16.3,1,0,2,0.000,0.21,0.197,0.143,1.49,-0.023,-0.031,2.63,6.99
1789768370.253,17.7,1,0,2,0.000,0.32,0.210,0.110,1.47,-0.023,-0.011,2.62,7.00
1789768370.278,22.4,1,0,2,0.000,0.32,0.210,0.110,1.47,0.037,-0.017,2.67,7.00
1789768370.298,18.5,1,0,2,0.000,0.32,0.210,0.110,1.46,-0.031,-0.010,2.67,7.00
1789768370.319,19.0,1,0,2,0.000,0.42,0.221,0.084,1.55,-0.011,-0.011,2.75,7.00
1789768370.340,17.1,1,0,2,0.000,0.42,0.221,0.084,1.61,-0.017,-0.009,2.81,7.00
1789768370.363,17.8,1,0,2,0.000,0.42,0.224,0.083,1.62,-0.010,-0.010,2.82,7.00
1789768370.385,17.5,1,0,2,0.000,0.52,0.227,0.060,1.64,-0.011,-0.005,2.84,7.00
1789768370.407,17.8,1,0,2,0.000,0.52,0.229,0.059,1.66,-0.009,-0.006,2.85,7.00
1789768370.429,17.7,1,0,2,0.000,0.62,0.232,0.037,1.66,-0.010,-0.005,2.86,7.00
1789768370.447,13.5,1,0,2,0.000,0.62,0.233,0.036,1.67,-0.005,-0.005,2.87,7.00
1789768370.472,16.0,1,0,2,0.000,0.62,0.235,0.036,1.75,-0.006,-0.004,2.94,7.00
1789768370.491,13.0,1,0,2,0.000,0.72,0.236,0.016,1.80,-0.005,0.000,2.99,7.00
1789768370.515,14.9,1,0,2,0.000,0.72,0.236,0.015,1.81,-0.005,-0.000,3.00,7.00
1789768370.537,14.2,1,0,2,0.000,0.82,0.237,-0.004,1.84,-0.004,0.001,3.02,7.00
1789768370.564,18.9,1,0,2,0.000,0.82,0.236,-0.004,1.82,0.000,-0.000,3.01,7.00
1789768370.591,23.9,1,0,2,0.000,0.82,0.236,-0.004,1.82,-0.000,0.000,3.01,7.00
1789768370.608,15.9,1,0,2,0.000,0.82,0.236,-0.004,1.82,-0.000,0.000,3.00,7.00
1789768370.628,16.1,1,0,2,0.000,1.02,0.234,-0.039,1.83,-0.000,0.004,3.02,7.00
1789768370.662,28.0,1,0,3,0.000,1.02,0.234,-0.039,1.83,0.000,0.001,3.02,6.99
1789768370.685,21.0,1,0,3,0.000,1.02,0.234,-0.039,1.84,0.004,0.003,3.02,7.00
1789768370.707,20.1,1,0,3,0.000,1.12,0.229,-0.055,1.81,0.004,0.004,3.00,7.00
1789768370.725,16.3,1,0,3,0.000,1.12,0.229,-0.055,1.80,0.001,0.004,2.99,7.00
1789768370.745,18.6,1,0,3,0.000,1.22,0.222,-0.070,1.83,0.003,0.005,3.02,7.00
1789768370.768,15.9,1,0,3,0.000,1.22,0.222,-0.070,1.85,0.004,0.005,3.04,7.00
1789768370.788,17.5,1,0,3,0.000,1.32,0.217,-0.084,1.84,0.004,0.005,3.03,7.00
1789768370.808,18.3,1,0,3,0.000,1.32,0.217,-0.084,1.83,0.005,0.005,3.02,7.00
1789768370.833,21.1,1,0,3,0.000,1.32,0.212,-0.084,1.90,0.005,0.006,3.08,7.00
1789768370.855,21.4,1,0,3,0.000,1.32,0.212,-0.084,1.93,0.005,0.005,3.12,7.00
1789768370.876,19.2,1,0,3,0.000,1.42,0.201,-0.097,1.91,0.005,0.005,3.09,7.00
1789768370.904,25.6,1,0,3,0.000,1.42,0.201,-0.097,1.90,0.006,0.005,3.08,7.00
1789768370.933,27.6,1,0,4,0.000,1.42,0.201,-0.097,1.89,0.005,0.004,3.08,6.99
1789768370.958,22.5,1,0,4,0.000,1.62,0.186,-0.110,1.87,0.005,0.007,3.06,7.00
1789768370.980,20.7,1,0,4,0.000,1.62,0.186,-0.110,1.87,0.005,0.006,3.05,7.00
1789768371.001,19.4,1,0,4,0.000,1.72,0.177,-0.096,1.86,0.004,0.004,3.04,7.00
1789768371.023,20.0,1,0,4,0.000,1.72,0.177,-0.096,1.85,0.007,0.004,3.04,7.00
1789768371.051,27.0,1,0,5,0.000,1.72,0.169,-0.094,1.87,0.006,0.004,3.06,7.00
1789768371.070,17.0,1,0,5,0.000,1.72,0.169,-0.094,1.89,0.004,0.005,3.07,7.00
1789768371.092,20.8,1,0,5,0.000,1.82,0.162,-0.080,1.90,0.004,0.005,3.09,7.00
1789768371.112,18.4,1,0,5,0.000,1.82,0.162,-0.080,1.91,0.004,0.005,3.09,7.00
1789768371.134,19.9,1,0,5,0.000,1.92,0.156,-0.068,1.92,0.005,0.005,3.11,7.00
1789768371.154,19.1,1,0,5,0.000,1.92,0.156,-0.068,1.93,0.005,0.005,3.11,7.00
1789768371.173,17.9,1,0,5,0.000,2.02,0.151,-0.061,1.91,0.005,0.005,3.10,7.00
1789768371.196,21.3,1,0,5,0.000,2.02,0.151,-0.061,1.91,0.005,0.005,3.09,7.00
1789768371.216,18.4,1,0,5,0.000,2.12,0.145,-0.059,1.92,0.005,0.006,3.10,7.00
1789768371.238,20.3,1,0,5,0.000,2.12,0.145,-0.059,1.93,0.005,0.006,3.11,7.00
1789768371.259,19.3,1,0,5,0.000,2.22,0.140,-0.057,1.92,0.005,0.006,3.10,7.00
1789768371.280,19.6,1,0,5,0.000,2.22,0.140,-0.057,1.92,0.006,0.006,3.10,7.00
1789768371.301,19.4,1,0,5,0.000,2.32,0.135,-0.056,1.92,0.006,0.005,3.10,7.00
1789768371.322,19.4,1,0,5,0.000,2.32,0.135,-0.056,1.92,0.006,0.005,3.10,7.00
1789768371.343,19.2,1,0,5,0.000,2.32,0.131,-0.054,1.92,0.006,0.005,3.10,7.00
1789768371.363,18.7,1,0,5,0.000,2.42,0.129,-0.053,1.92,0.005,0.005,3.10,7.00
1789768371.385,17.7,1,0,5,0.000,2.42,0.126,-0.053,1.93,0.005,0.005,3.11,7.00
1789768371.406,17.1,1,0,5,0.000,2.42,0.126,-0.053,1.93,0.005,0.005,3.11,7.00
1789768371.427,15.3,1,0,5,0.000,2.52,0.124,-0.052,1.91,0.005,0.005,3.09,7.00
1789768371.451,17.1,1,0,5,0.000,2.62,0.120,-0.051,1.92,0.005,0.005,3.10,7.00
1789768371.472,15.7,1,0,5,0.000,2.62,0.120,-0.051,1.92,0.005,0.005,3.10,7.00
1789768371.493,15.1,1,0,5,0.000,2.62,0.118,-0.050,1.90,0.005,0.005,3.08,7.00
1789768371.516,15.2,1,0,5,0.000,2.72,0.115,-0.049,1.88,0.005,0.005,3.06,7.00
1789768371.541,18.8,1,0,5,0.000,2.72,0.113,-0.049,1.90,0.005,0.005,3.08,7.00
1789768371.563,18.8,1,0,5,0.000,2.72,0.111,-0.048,1.91,0.005,0.005,3.10,7.00
1789768371.583,16.3,1,0,5,0.000,2.81,0.109,-0.047,1.88,0.005,0.005,3.06,7.00
1789768371.605,16.0,1,0,5,0.000,2.81,0.107,-0.047,1.89,0.005,0.005,3.07,7.00
1789768371.630,18.8,1,0,5,0.000,2.91,0.105,-0.046,1.91,0.005,0.005,3.10,7.00
1789768371.649,15.6,1,0,5,0.000,2.91,0.103,-0.045,1.92,0.005,0.005,3.11,7.00
1789768371.674,18.0,1,0,5,0.000,3.01,0.101,-0.045,1.93,0.005,0.005,3.11,7.00
1789768371.698,19.7,1,0,5,0.000,3.01,0.099,-0.044,1.93,0.005,0.005,3.11,7.00
1789768371.721,21.0,1,0,5,0.000,3.01,0.097,-0.043,1.95,0.005,0.005,3.13,7.00
1789768371.747,23.9,1,0,5,0.000,3.11,0.095,-0.043,1.93,0.005,0.004,3.11,7.00
1789768371.769,21.2,1,0,5,0.000,3.11,0.095,-0.043,1.92,0.005,0.004,3.10,7.00
1789768371.799,27.6,1,0,6,0.000,3.21,0.090,-0.041,1.93,0.005,0.057,3.09,6.54
1789768371.815,15.2,1,0,6,0.000,3.21,0.090,-0.041,1.94,0.004,-0.007,3.09,7.00
1789768371.834,17.4,1,0,6,0.000,3.31,0.088,-0.040,1.92,0.004,0.007,3.08,7.00
1789768371.856,20.4,1,0,6,0.000,3.31,0.088,-0.040,1.91,0.057,-0.002,3.09,7.00
1789768371.877,18.7,1,0,6,0.000,3.41,0.083,-0.040,1.92,-0.007,0.009,3.11,7.00
1789768371.900,21.8,1,0,6,0.000,3.41,0.083,-0.040,1.93,0.007,0.005,3.11,7.00
1789768371.922,19.9,1,0,6,0.000,3.41,0.083,-0.040,1.93,-0.002,0.007,3.12,7.00
1789768371.944,20.6,1,0,6,0.000,3.51,0.078,-0.037,1.92,0.009,0.005,3.11,7.00
1789768371.966,20.3,1,0,6,0.000,3.51,0.078,-0.037,1.92,0.005,0.006,3.10,7.00
1789768371.985,18.5,1,0,6,0.000,3.51,0.078,-0.037,1.92,0.007,0.006,3.10,7.00
1789768372.009,20.2,1,0,6,0.000,3.61,0.075,-0.035,1.88,0.005,0.006,3.07,7.00
1789768372.028,16.1,1,0,6,0.000,3.71,0.073,-0.034,1.88,0.006,0.007,3.07,7.00
1789768372.051,17.7,1,0,6,0.000,3.71,0.072,-0.033,1.90,0.006,0.006,3.08,7.00
1789768372.074,17.9,1,0,6,0.000,3.71,0.070,-0.033,1.92,0.006,0.006,3.10,7.00
1789768372.094,15.5,1,0,6,0.000,3.81,0.068,-0.031,1.95,0.007,0.005,3.13,7.00
1789768372.127,26.9,1,0,7,0.000,3.81,0.068,-0.031,1.97,0.006,0.085,3.00,4.60
1789768372.146,16.9,1,0,7,0.000,3.81,0.068,-0.031,1.98,0.005,-0.012,3.01,7.00
1789768372.167,20.2,1,0,7,0.000,3.91,0.065,-0.030,1.94,0.005,0.009,2.98,7.00
1789768372.188,19.3,1,0,7,0.000,3.91,0.065,-0.030,1.92,0.073,-0.005,3.11,7.00
1789768372.211,21.4,1,0,7,0.000,4.01,0.063,-0.028,1.94,0.006,0.007,3.13,7.00
1789768372.230,17.6,1,0,7,0.000,4.01,0.063,-0.028,1.96,0.009,0.004,3.14,7.00
1789768372.257,23.3,1,0,7,0.000,4.11,0.060,-0.032,1.95,-0.005,0.008,3.13,7.00
1789768372.285,27.1,1,0,8,0.002,4.11,0.060,-0.032,1.95,0.007,0.061,3.09,6.28
1789768372.308,20.9,1,0,8,0.000,4.21,0.056,-0.032,1.95,0.008,-0.005,3.09,7.00
1789768372.336,27.1,1,0,9,0.000,4.21,0.056,-0.032,1.94,0.008,0.076,2.95,5.01
1789768372.355,17.4,1,0,9,0.000,4.31,0.053,-0.029,1.93,-0.005,-0.009,2.99,7.00
1789768372.384,26.9,1,0,10,0.000,4.31,0.053,-0.029,1.94,-0.005,0.014,3.00,6.99
1789768372.403,18.0,1,0,10,0.000,4.41,0.051,-0.023,1.95,-0.009,0.004,3.13,7.00
1789768372.423,18.8,1,0,10,0.000,4.41,0.051,-0.023,1.93,-0.009,0.006,3.11,7.00
1789768372.451,27.0,1,0,11,0.000,4.50,0.049,-0.019,1.92,0.014,0.020,3.10,6.83
1789768372.468,15.0,1,0,11,0.000,4.50,0.049,-0.019,1.93,0.006,-0.002,3.10,7.00
1789768372.486,16.4,1,0,11,0.000,4.60,0.048,-0.017,1.93,0.004,0.002,3.10,7.00
1789768372.505,18.1,1,0,11,0.000,4.60,0.048,-0.017,1.93,0.006,0.001,3.12,7.00
1789768372.523,16.0,1,0,11,0.000,4.70,0.046,-0.013,1.94,-0.002,0.002,3.12,7.00
1789768372.550,25.6,1,0,11,0.000,4.70,0.046,-0.013,1.95,-0.002,0.002,3.13,7.00
1789768372.571,19.9,1,0,11,0.000,4.70,0.045,-0.013,1.96,0.002,0.001,3.14,7.00
1789768372.593,19.6,1,0,11,0.000,4.70,0.045,-0.013,1.95,0.002,0.001,3.13,7.00
1789768372.608,14.3,1,0,11,0.000,4.80,0.044,-0.012,1.94,0.002,0.001,3.12,7.00
1789768372.632,20.6,1,0,11,0.000,4.80,0.044,-0.012,1.93,0.002,0.001,3.11,7.00
1789768372.649,15.8,1,0,11,0.000,4.90,0.044,-0.012,1.91,0.001,-0.000,3.09,7.00
1789768372.673,17.2,1,0,11,0.000,4.90,0.043,-0.012,1.90,0.001,0.000,3.09,7.00
1789768372.695,16.5,1,0,11,0.000,5.00,0.043,-0.012,1.91,0.001,0.002,3.10,7.00
1789768372.717,16.5,1,0,11,0.000,5.00,0.042,-0.012,1.91,-0.000,0.002,3.10,7.00
1789768372.739,16.7,1,0,11,0.000,5.00,0.042,-0.012,1.92,0.000,0.002,3.11,7.00
1789768372.774,18.8,1,0,11,0.000,5.00,0.042,-0.012,1.93,0.002,0.002,3.11,7.00
1789768372.792,15.6,1,0,11,0.000,5.20,0.040,-0.011,1.92,0.002,0.000,3.11,7.00
1789768372.821,27.3,1,0,12,0.000,5.20,0.040,-0.011,1.92,0.002,0.001,3.10,7.00
1789768372.840,18.2,1,0,12,0.000,5.20,0.040,-0.011,1.92,0.000,0.001,3.10,7.00
1789768372.864,22.2,1,0,12,0.000,5.30,0.039,-0.010,1.93,0.000,0.002,3.11,7.00
1789768372.884,18.2,1,0,12,0.000,5.30,0.039,-0.010,1.93,0.001,0.002,3.11,7.00
1789768372.906,19.5,1,0,12,0.000,5.40,0.038,-0.010,1.91,0.001,0.002,3.10,7.00
1789768372.935,27.5,1,0,13,0.000,5.40,0.038,-0.010,1.91,0.002,0.005,3.09,6.99
1789768372.956,18.5,1,0,13,0.000,5.50,0.037,-0.009,1.93,0.002,0.000,3.12,7.00
1789768372.985,27.7,1,0,14,0.000,5.50,0.037,-0.009,1.94,0.002,0.025,3.11,6.83
1789768373.011,23.3,1,0,14,0.000,5.60,0.036,-0.008,1.92,0.000,-0.003,3.09,7.00
1789768373.033,20.6,1,0,14,0.000,5.60,0.036,-0.008,1.91,0.025,-0.000,3.09,7.00
1789768373.063,27.1,1,0,15,0.000,5.70,0.036,-0.007,1.93,0.025,0.049,3.08,6.45
1789768373.091,27.1,1,0,16,0.000,5.70,0.036,-0.007,1.94,-0.000,-0.009,3.09,6.99
1789768373.112,19.6,1,0,16,0.000,5.80,0.035,-0.001,1.95,0.049,-0.005,3.10,7.00
1789768373.141,27.2,1,0,17,0.002,5.80,0.035,-0.001,1.95,0.049,0.064,3.09,6.35
1789768373.162,19.9,1,0,17,0.000,5.90,0.035,0.003,1.94,-0.005,-0.016,3.08,6.99
1789768373.183,19.2,1,0,17,0.000,5.90,0.035,0.003,1.93,-0.005,0.001,3.08,7.00
1789768373.209,24.2,1,0,17,0.000,6.00,0.036,0.002,1.92,0.064,-0.009,3.10,7.00
1789768373.236,25.9,1,0,17,0.000,6.00,0.036,0.002,1.91,0.001,-0.001,3.10,7.00
1789768373.256,17.7,1,0,17,0.000,6.10,0.036,0.006,1.94,-0.009,-0.003,3.13,7.00
1789768373.284,26.7,1,0,18,0.000,6.10,0.036,0.006,1.95,-0.009,0.071,3.07,5.95
1789768373.312,26.8,1,0,19,0.000,6.10,0.036,0.006,1.96,-0.003,0.006,3.07,6.84
1789768373.332,18.3,1,0,19,0.000,6.20,0.037,0.004,1.97,0.071,-0.011,3.08,7.00
1789768373.352,18.5,1,0,19,0.000,6.20,0.037,0.004,1.97,0.071,-0.007,3.14,7.00
1789768373.370,16.1,1,0,19,0.000,6.30,0.037,0.009,1.91,0.006,-0.005,3.09,7.00
1789768373.393,21.4,1,0,19,0.000,6.30,0.037,0.009,1.88,0.006,-0.005,3.07,7.00
1789768373.412,17.5,1,0,19,0.000,6.30,0.037,0.009,1.86,-0.007,-0.004,3.05,7.00
1789768373.442,27.7,1,0,20,0.000,6.40,0.038,0.006,1.89,-0.005,0.073,3.02,6.13
1789768373.461,17.5,1,0,20,0.000,6.40,0.038,0.006,1.91,-0.004,-0.020,3.04,6.99
1789768373.479,16.5,1,0,20,0.000,6.50,0.039,0.003,1.94,-0.004,0.000,3.07,7.00
1789768373.499,18.0,1,0,20,0.000,6.50,0.039,0.003,1.96,-0.004,-0.004,3.14,7.00
1789768373.528,27.0,1,0,21,0.000,6.60,0.039,0.002,1.94,-0.020,-0.001,3.12,6.99
1789768373.547,18.0,1,0,21,0.000,6.60,0.039,0.002,1.92,-0.004,-0.005,3.11,7.00
1789768373.565,15.7,1,0,21,0.000,6.69,0.039,-0.004,1.92,-0.004,-0.004,3.10,7.00
1789768373.585,17.5,1,0,21,0.000,6.69,0.039,-0.004,1.92,-0.004,-0.003,3.10,7.00
1789768373.604,14.4,1,0,21,0.000,6.69,0.038,-0.004,1.92,-0.005,-0.003,3.10,7.00
1789768373.628,16.7,1,0,21,0.000,6.79,0.038,-0.005,1.91,-0.004,-0.003,3.09,7.00
1789768373.650,16.1,1,0,21,0.000,6.79,0.038,-0.006,1.91,-0.003,-0.003,3.09,7.00
1789768373.671,15.4,1,0,21,0.000,6.89,0.038,-0.006,1.91,-0.003,-0.003,3.10,7.00
1789768373.690,12.5,1,0,21,0.000,6.89,0.037,-0.007,1.92,-0.003,-0.003,3.11,7.00
1789768373.715,14.9,1,0,21,0.000,6.99,0.037,-0.007,1.95,-0.003,-0.002,3.13,7.00
1789768373.736,13.2,1,0,21,0.000,6.99,0.037,-0.007,1.96,-0.003,-0.003,3.14,7.00
1789768373.772,27.0,1,0,22,0.000,7.09,0.036,-0.008,1.92,-0.003,0.084,3.04,5.90
1789768373.789,15.9,1,0,22,0.000,7.09,0.036,-0.008,1.90,-0.003,-0.020,3.02,6.99
1789768373.804,13.5,1,0,22,0.000,7.09,0.036,-0.008,1.90,-0.002,0.002,3.02,7.00
1789768373.828,16.7,1,0,22,0.000,7.19,0.035,-0.008,1.91,0.064,-0.009,3.09,7.00
1789768373.850,16.1,1,0,22,0.000,7.19,0.035,-0.009,1.90,-0.007,0.001,3.09,7.00
1789768373.874,18.0,1,0,22,0.000,7.29,0.034,-0.011,1.94,0.002,-0.001,3.12,7.00
1789768373.893,15.0,1,0,22,0.000,7.29,0.034,-0.011,1.93,-0.009,0.001,3.11,7.00
1789768373.919,18.3,1,0,22,0.000,7.39,0.033,-0.012,1.94,0.001,-0.000,3.12,7.00
1789768373.937,14.2,1,0,22,0.000,7.39,0.033,-0.012,1.90,-0.001,0.001,3.09,7.00
1789768373.964,19.4,1,0,22,0.000,7.49,0.032,-0.011,1.91,0.001,-0.000,3.10,7.00
1789768373.984,17.3,1,0,22,0.000,7.49,0.032,-0.011,1.95,-0.000,0.000,3.13,7.00
1789768374.010,20.7,1,0,22,0.000,7.49,0.032,-0.011,1.97,0.001,0.000,3.15,7.00
1789768374.038,26.4,1,0,22,0.000,7.59,0.031,-0.011,1.96,-0.000,0.000,3.14,7.00
1789768374.053,12.9,1,0,22,0.000,7.59,0.031,-0.011,1.95,0.000,0.000,3.13,7.00
1789768374.070,14.0,1,0,22,0.000,7.69,0.030,-0.011,1.96,0.000,0.000,3.14,7.00
1789768374.106,27.7,1,0,23,0.000,7.69,0.030,-0.011,1.97,0.000,0.083,3.08,5.89
1789768374.130,22.3,1,0,23,0.000,7.69,0.030,-0.011,1.97,0.000,-0.017,3.08,6.99
1789768374.155,22.4,1,0,23,0.000,7.79,0.028,-0.011,1.94,0.000,0.005,3.06,7.00
1789768374.170,14.4,1,0,23,0.000,7.79,0.028,-0.011,1.93,0.077,-0.008,3.11,7.00
1789768374.187,14.5,1,0,23,0.000,7.89,0.027,-0.004,1.93,0.083,-0.009,3.11,7.00
1789768374.216,26.6,1,0,24,0.000,7.89,0.027,-0.004,1.93,0.029,-0.005,3.11,7.00
1789768374.231,14.3,1,0,24,0.000,7.89,0.027,-0.004,1.92,-0.009,-0.001,3.11,7.00
1789768374.247,12.9,1,0,24,0.000,7.99,0.027,-0.004,1.93,-0.008,-0.002,3.11,7.00
1789768374.271,14.7,1,0,24,0.000,8.09,0.026,-0.007,1.95,-0.005,-0.000,3.13,7.00
1789768374.291,12.9,1,0,24,0.000,8.09,0.026,-0.007,1.96,-0.001,-0.002,3.14,7.00
1789768374.313,12.8,1,0,24,0.000,8.09,0.026,-0.007,1.93,-0.002,-0.001,3.11,7.00
1789768374.335,12.8,1,0,24,0.000,8.19,0.026,-0.007,1.93,-0.000,-0.001,3.11,7.00
1789768374.359,13.8,1,0,24,0.000,8.29,0.025,-0.007,1.93,-0.002,-0.001,3.11,7.00
1789768374.380,13.0,1,0,24,0.000,8.29,0.025,-0.007,1.93,-0.001,-0.001,3.11,7.00
1789768374.405,15.3,1,0,24,0.000,8.29,0.025,-0.007,1.88,-0.001,-0.001,3.07,7.00
1789768374.426,14.8,1,0,24,0.000,8.39,0.025,-0.007,1.91,-0.001,-0.001,3.09,7.00
1789768374.449,15.0,1,0,24,0.000,8.39,0.024,-0.007,1.92,-0.001,-0.000,3.10,7.00
1789768374.471,14.7,1,0,24,0.000,8.39,0.024,-0.007,1.91,-0.001,-0.000,3.10,7.00
1789768374.493,15.2,1,0,24,0.000,8.49,0.024,-0.008,1.93,-0.001,-0.000,3.11,7.00
1789768374.516,16.0,1,0,24,0.000,8.49,0.023,-0.008,1.94,-0.000,-0.000,3.13,7.00
1789768374.537,14.8,1,0,24,0.000,8.59,0.023,-0.008,1.96,-0.000,-0.000,3.14,7.00
1789768374.558,12.9,1,0,24,0.000,8.69,0.022,-0.008,1.94,-0.000,0.000,3.12,7.00
1789768374.580,13.2,1,0,24,0.000,8.69,0.022,-0.008,1.92,-0.000,-0.000,3.11,7.00
1789768374.602,13.1,1,0,24,0.000,8.69,0.022,-0.008,1.91,-0.000,0.000,3.09,7.00
1789768374.624,12.6,1,0,24,0.000,8.79,0.022,-0.007,1.92,0.000,0.000,3.11,7.00
1789768374.647,13.2,1,0,24,0.000,8.79,0.021,-0.007,1.90,-0.000,0.000,3.09,7.00
1789768374.671,15.0,1,0,24,0.000,8.79,0.021,-0.007,1.92,0.000,0.000,3.10,7.00
1789768374.691,13.1,1,0,24,0.000,8.89,0.021,-0.007,1.92,0.000,0.000,3.10,7.00
1789768374.713,12.8,1,0,24,0.000,8.89,0.020,-0.007,1.93,0.000,0.000,3.11,7.00
1789768374.735,12.6,1,0,24,0.000,8.99,0.020,-0.007,1.93,0.000,0.000,3.11,7.00
1789768374.758,12.9,1,0,24,0.000,8.99,0.019,-0.007,1.89,0.000,0.001,3.08,7.00
1789768374.780,12.9,1,0,24,0.000,8.99,0.019,-0.007,1.88,0.000,0.000,3.07,7.00
1789768374.802,13.4,1,0,24,0.000,9.09,0.019,-0.007,1.89,0.000,0.001,3.07,7.00
1789768374.824,13.0,1,0,24,0.000,9.09,0.019,-0.007,1.90,0.001,0.001,3.08,7.00
1789768374.850,15.8,1,0,24,0.000,9.19,0.018,-0.007,1.91,0.000,0.000,3.09,7.00
1789768374.871,15.2,1,0,24,0.000,9.19,0.018,-0.007,1.93,0.001,0.000,3.12,7.00
1789768374.893,14.7,1,0,24,0.000,9.29,0.018,-0.007,1.97,0.001,0.000,3.15,7.00
1789768374.913,12.7,1,0,24,0.000,9.29,0.017,-0.007,1.90,0.000,0.001,3.09,7.00
1789768374.935,12.5,1,0,24,0.000,9.29,0.017,-0.007,1.89,0.000,0.001,3.08,7.00
1789768374.958,12.9,1,0,24,0.000,9.39,0.017,-0.007,1.92,0.000,0.001,3.10,7.00
1789768374.980,12.9,1,0,24,0.000,9.39,0.017,-0.007,1.93,0.001,0.001,3.12,7.00
1789768375.002,12.9,1,0,24,0.000,9.49,0.016,-0.007,1.92,0.001,0.001,3.10,7.00
1789768375.024,12.7,1,0,24,0.000,9.49,0.016,-0.007,1.93,0.001,0.001,3.11,7.00
1789768375.046,12.8,1,0,24,0.000,9.59,0.016,-0.006,1.95,0.001,0.001,3.13,7.00
1789768375.070,14.5,1,0,24,0.000,9.59,0.015,-0.006,1.91,0.001,0.001,3.10,7.00
1789768375.091,12.8,1,0,24,0.000,9.69,0.015,-0.006,1.88,0.001,0.001,3.06,7.00
1789768375.113,12.2,1,0,24,0.000,9.69,0.015,-0.006,1.88,0.001,0.001,3.07,7.00
1789768375.140,17.1,1,0,24,0.000,9.79,0.015,-0.006,1.90,0.001,0.001,3.08,7.00
1789768375.159,14.5,1,0,24,0.000,9.79,0.014,-0.006,1.91,0.001,0.001,3.10,7.00
1789768375.183,16.0,1,0,24,0.000,9.79,0.014,-0.006,1.92,0.001,0.001,3.10,7.00
1789768375.207,18.0,1,0,24,0.000,9.89,0.014,-0.006,1.92,0.001,0.001,3.11,7.00
1789768375.233,21.1,1,0,24,0.000,9.99,0.013,-0.006,1.93,0.001,0.001,3.12,7.00
1789768375.251,16.9,1,0,24,0.000,9.99,0.013,-0.006,1.94,0.001,0.001,3.12,7.00
1789768375.275,19.0,1,0,24,0.000,9.99,0.013,-0.006,1.93,0.001,0.001,3.11,7.00
1789768375.296,17.8,1,0,24,0.000,10.09,0.013,-0.006,1.93,0.001,0.001,3.11,7.00
1789768375.315,14.7,1,0,24,0.000,10.09,0.013,-0.005,1.94,0.001,0.001,3.12,7.00
1789768375.338,14.7,1,0,24,0.000,10.09,0.013,-0.005,1.93,0.001,0.001,3.12,7.00
1789768375.360,15.3,1,0,24,0.000,10.19,0.012,-0.005,1.89,0.001,0.001,3.07,7.00
1789768375.382,15.3,1,0,24,0.000,10.29,0.012,-0.005,1.91,0.001,0.001,3.10,7.00
1789768375.405,15.5,1,0,24,0.000,10.29,0.012,-0.005,1.92,0.001,0.001,3.11,7.00
1789768375.427,15.0,1,0,24,0.000,10.29,0.012,-0.005,1.93,0.001,0.001,3.11,7.00
1789768375.449,15.5,1,0,24,0.000,10.39,0.011,-0.005,1.94,0.001,0.001,3.12,7.00
1789768375.470,14.5,1,0,24,0.000,10.39,0.011,-0.005,1.93,0.001,0.001,3.12,7.00
1789768375.492,13.6,1,0,24,0.000,10.49,0.011,-0.005,1.96,0.001,0.001,3.14,7.00
1789768375.515,15.0,1,0,24,0.000,10.49,0.011,-0.005,1.94,0.001,0.001,3.12,7.00
1789768375.537,14.7,1,0,24,0.000,10.59,0.010,-0.005,1.92,0.001,0.001,3.11,7.00
1789768375.559,14.3,1,0,24,0.000,10.59,0.010,-0.005,1.89,0.001,0.001,3.08,7.00
1789768375.582,15.0,1,0,24,0.000,10.69,0.010,-0.004,1.91,0.001,0.001,3.09,7.00
1789768375.606,16.6,1,0,24,0.000,10.69,0.010,-0.004,1.92,0.001,0.001,3.11,7.00
1789768375.627,15.5,1,0,24,0.000,10.69,0.010,-0.004,1.93,0.001,0.001,3.11,7.00
1789768375.649,15.5,1,0,24,0.000,10.69,0.010,-0.004,1.92,0.001,0.001,3.10,7.00
1789768375.671,14.9,1,0,24,0.000,10.79,0.009,-0.004,1.93,0.001,0.000,3.11,7.00
1789768375.699,21.0,1,0,24,0.000,10.79,0.009,-0.004,1.95,0.001,0.001,3.13,7.00
1789768375.716,15.0,1,0,24,0.000,10.79,0.009,-0.004,1.96,0.001,0.000,3.14,7.00
1789768375.740,17.0,1,0,24,0.000,10.89,0.009,-0.004,1.93,0.000,0.001,3.11,7.00
1789768375.761,16.2,1,0,24,0.000,10.99,0.009,-0.004,1.93,0.001,0.000,3.11,7.00
1789768375.784,16.5,1,0,24,0.000,10.99,0.008,-0.004,1.93,0.000,0.000,3.11,7.00
1789768375.806,16.7,1,0,24,0.000,10.99,0.008,-0.004,1.93,0.001,0.000,3.11,7.00
1789768375.828,16.6,1,0,24,0.000,11.08,0.008,-0.004,1.94,0.000,0.001,3.12,7.00
1789768375.848,14.0,1,0,24,0.000,11.08,0.008,-0.004,1.94,0.000,0.001,3.13,7.00
1789768375.870,14.0,1,0,24,0.000,11.18,0.008,-0.003,1.94,0.000,0.000,3.12,7.00
1789768375.894,15.4,1,0,24,0.000,11.18,0.008,-0.003,1.93,0.001,0.000,3.12,7.00
1789768375.922,21.6,1,0,24,0.000,11.28,0.008,-0.003,1.95,0.001,0.000,3.13,7.00
1789768375.943,19.0,1,0,24,0.000,11.28,0.008,-0.003,1.95,0.000,0.000,3.13,7.00
1789768375.972,27.8,1,0,25,0.000,11.38,0.007,-0.003,1.91,0.000,0.122,2.97,4.90
1789768375.992,18.1,1,0,25,0.000,11.38,0.007,-0.003,1.89,0.000,-0.028,2.95,6.99
1789768376.014,19.0,1,0,25,0.000,11.48,0.007,-0.003,1.90,0.000,0.007,2.95,7.00
1789768376.031,16.2,1,0,25,0.000,11.48,0.007,-0.003,1.90,0.065,-0.008,3.08,7.00
1789768376.061,27.4,1,0,26,0.000,11.48,0.007,-0.003,1.91,0.005,0.114,3.03,5.98
1789768376.082,19.8,1,0,26,0.000,11.48,0.007,-0.003,1.92,-0.008,-0.023,3.04,6.99
1789768376.098,14.7,1,0,26,0.000,11.68,0.007,0.002,1.92,-0.008,0.004,3.04,7.00
1789768376.117,17.0,1,0,26,0.000,11.68,0.007,0.002,1.92,-0.008,-0.002,3.10,7.00
1789768376.137,14.2,1,0,26,0.000,11.68,0.007,0.000,1.91,-0.023,0.002,3.09,7.00
1789768376.158,13.7,1,0,26,0.000,11.68,0.007,0.003,1.90,0.004,-0.005,3.08,7.00
1789768376.194,26.5,1,0,26,0.000,11.78,0.007,0.003,1.88,-0.002,-0.002,3.06,7.00
1789768376.212,17.0,1,0,26,0.000,11.78,0.007,0.003,1.87,-0.005,-0.003,3.05,7.00
1789768376.227,13.4,1,0,26,0.000,11.88,0.008,0.003,1.90,-0.005,-0.002,3.08,7.00
1789768376.248,14.1,1,0,26,0.000,11.88,0.008,0.002,1.92,-0.002,-0.002,3.10,7.00
1789768376.283,27.3,1,0,27,0.002,11.98,0.008,0.002,1.91,-0.003,0.109,3.01,5.67
1789768376.302,18.2,1,0,27,0.000,11.98,0.008,0.002,1.91,-0.002,-0.026,3.01,6.99
1789768376.325,20.9,1,0,27,0.000,12.08,0.008,0.001,1.95,-0.002,0.004,3.05,7.00
1789768376.351,24.8,1,0,27,0.000,12.08,0.008,0.001,1.97,0.068,-0.010,3.15,7.00
1789768376.379,26.5,1,0,28,0.000,12.18,0.008,0.008,1.98,0.004,-0.004,3.16,7.00
1789768376.404,23.4,1,0,28,0.000,12.18,0.008,0.008,1.98,-0.010,-0.004,3.16,7.00
1789768376.433,27.0,1,0,29,0.000,12.28,0.009,0.008,1.93,-0.004,0.014,3.11,6.94
1789768376.453,18.4,1,0,29,0.000,12.28,0.009,0.008,1.91,-0.004,-0.008,3.09,7.00
1789768376.480,24.2,1,0,29,0.000,12.38,0.010,0.006,1.91,-0.004,-0.003,3.09,7.00
1789768376.501,19.5,1,0,29,0.000,12.38,0.010,0.006,1.92,-0.008,-0.003,3.10,7.00
1789768376.526,22.7,1,0,29,0.000,12.48,0.010,0.004,1.97,-0.008,-0.001,3.15,7.00
1789768376.552,23.7,1,0,29,0.000,12.48,0.010,0.004,2.00,-0.003,-0.002,3.18,7.00
1789768376.578,23.9,1,0,29,0.000,12.58,0.010,0.003,1.92,-0.001,-0.000,3.10,7.00
1789768376.596,16.6,1,0,29,0.000,12.58,0.010,0.003,1.89,-0.002,-0.001,3.07,7.00
1789768376.625,27.1,1,0,30,0.000,12.68,0.011,0.002,1.90,-0.002,0.004,3.08,6.99
1789768376.648,22.4,1,0,30,0.000,12.68,0.011,0.002,1.91,-0.001,-0.000,3.09,7.00
1789768376.674,24.2,1,0,30,0.000,12.68,0.011,0.002,1.93,-0.001,0.001,3.11,7.00
1789768376.696,20.6,1,0,30,0.000,12.68,0.011,0.002,1.94,-0.000,0.001,3.12,7.00
1789768376.727,28.2,1,0,31,0.000,12.78,0.011,0.002,1.95,-0.000,0.002,3.13,7.00
1789768376.751,23.0,1,0,31,0.000,12.78,0.011,0.002,1.96,0.001,0.001,3.14,7.00
1789768376.782,22.4,1,0,31,0.000,12.98,0.011,0.003,1.90,0.002,0.004,3.08,7.00
1789768376.810,26.8,1,0,32,0.000,12.98,0.011,0.003,1.88,0.002,0.004,3.07,7.00
1789768376.830,18.5,1,0,32,0.000,12.98,0.012,0.003,1.91,0.004,0.003,3.10,7.00
1789768376.857,23.8,1,0,32,0.000,13.08,0.012,0.003,1.90,0.004,0.004,3.08,7.00
1789768376.874,15.2,1,0,32,0.000,13.08,0.012,0.003,1.89,0.004,0.004,3.08,7.00
1789768376.898,19.4,1,0,32,0.000,13.18,0.012,0.004,1.91,0.003,0.005,3.09,7.00
1789768376.917,16.5,1,0,32,0.000,13.18,0.012,0.005,1.92,0.004,0.005,3.10,7.00
1789768376.941,18.0,1,0,32,0.000,13.28,0.012,0.005,1.92,0.004,0.007,3.11,7.00
1789768376.964,19.5,1,0,32,0.000,13.28,0.013,0.006,1.94,0.005,0.006,3.13,7.00
1789768376.986,18.6,1,0,32,0.000,13.38,0.013,0.006,1.94,0.005,0.008,3.13,7.00
1789768377.007,18.2,1,0,32,0.000,13.38,0.013,0.007,1.93,0.007,0.007,3.11,7.00
1789768377.034,23.2,1,0,32,0.000,13.38,0.013,0.008,1.91,0.006,0.006,3.09,7.00
1789768377.062,26.6,1,0,33,0.000,13.38,0.013,0.008,1.90,0.008,0.006,3.08,7.00
1789768377.083,18.5,1,0,33,0.000,13.58,0.015,0.010,1.93,0.006,0.009,3.11,7.00
1789768377.097,13.4,1,0,33,0.000,13.58,0.015,0.010,1.93,0.006,0.009,3.12,7.00
1789768377.115,14.6,1,0,33,0.000,13.58,0.015,0.011,1.95,0.006,0.009,3.13,7.00
1789768377.143,19.8,1,0,33,0.000,13.68,0.016,0.013,1.96,0.009,0.009,3.14,7.00
1789768377.162,17.5,1,0,33,0.000,13.68,0.016,0.013,1.96,0.009,0.009,3.14,7.00
1789768377.188,20.6,1,0,33,0.000,13.68,0.017,0.014,1.92,0.009,0.009,3.10,7.00
1789768377.206,16.1,1,0,33,0.000,13.78,0.018,0.016,1.93,0.009,0.009,3.12,7.00
1789768377.230,18.9,1,0,33,0.000,13.78,0.018,0.016,1.94,0.009,0.009,3.12,7.00
1789768377.255,21.7,1,0,33,0.000,13.88,0.019,0.017,1.93,0.009,0.011,3.11,7.00
1789768377.280,23.1,1,0,33,0.000,13.88,0.019,0.017,1.93,0.009,0.010,3.11,7.00
1789768377.306,24.9,1,0,33,0.000,13.98,0.021,0.021,1.97,0.011,0.011,3.15,7.00
1789768377.336,27.7,1,0,34,0.000,13.98,0.021,0.021,2.00,0.010,0.013,3.17,7.00
1789768377.360,22.5,1,0,34,0.000,14.08,0.023,0.023,1.96,0.011,0.012,3.14,7.00
1789768377.387,25.7,1,0,34,0.000,14.08,0.023,0.023,1.95,0.011,0.012,3.13,7.00
1789768377.415,26.5,1,0,34,0.000,14.18,0.025,0.026,1.94,0.012,0.014,3.12,6.99
1789768377.437,20.5,1,0,34,0.000,14.18,0.025,0.026,1.93,0.012,0.013,3.11,7.00
1789768377.459,19.9,1,0,34,0.000,14.28,0.029,0.031,1.94,0.012,0.013,3.13,7.00
1789768377.480,19.4,1,0,34,0.000,14.28,0.029,0.031,1.95,0.014,0.013,3.13,7.00
1789768377.503,20.7,1,0,34,0.000,14.38,0.032,0.034,1.94,0.013,0.014,3.13,6.99
1789768377.522,17.7,1,0,34,0.000,14.38,0.032,0.034,1.94,0.013,0.014,3.12,6.99
1789768377.544,19.7,1,0,34,0.000,14.38,0.033,0.036,1.94,0.013,0.013,3.13,7.00
1789768377.565,19.3,1,0,34,0.000,14.38,0.033,0.036,1.95,0.014,0.013,3.13,7.00
1789768377.588,20.6,1,0,34,0.000,14.48,0.036,0.039,1.94,0.014,0.015,3.12,6.99
1789768377.611,21.1,1,0,34,0.000,14.58,0.038,0.041,1.92,0.013,0.018,3.10,6.99
1789768377.633,20.8,1,0,34,0.000,14.58,0.038,0.041,1.91,0.013,0.018,3.09,6.99
1789768377.654,19.4,1,0,34,0.000,14.68,0.042,0.045,1.92,0.015,0.021,3.11,6.99
1789768377.679,22.2,1,0,34,0.000,14.68,0.046,0.048,1.94,0.018,0.018,3.12,6.99
1789768377.701,21.3,1,0,34,0.000,14.68,0.046,0.048,1.95,0.018,0.019,3.13,6.99
1789768377.724,21.2,1,0,34,0.000,14.68,0.046,0.048,1.95,0.021,0.018,3.13,6.99
1789768377.747,20.9,1,0,34,0.000,14.88,0.053,0.056,1.97,0.018,0.029,3.14,6.98
1789768377.770,22.0,1,0,34,0.000,14.88,0.053,0.056,1.97,0.019,0.028,3.15,6.98
1789768377.795,23.2,1,0,34,0.000,14.98,0.058,0.060,1.94,0.018,0.036,3.12,6.97
1789768377.819,22.4,1,0,34,0.000,14.98,0.058,0.060,1.93,0.029,0.033,3.11,6.97
1789768377.843,21.6,1,0,34,0.000,15.08,0.064,0.067,1.92,0.028,0.045,3.10,6.95
1789768377.864,19.9,1,0,34,0.000,15.08,0.064,0.067,1.92,0.036,0.042,3.09,6.96
1789768377.887,20.9,1,0,34,0.000,15.08,0.070,0.075,1.91,0.033,0.039,3.08,6.96
1789768377.910,21.8,1,0,34,0.000,15.08,0.070,0.075,1.90,0.045,0.038,3.08,6.97
1789768377.934,21.3,1,0,34,0.000,15.18,0.076,0.085,1.91,0.042,0.043,3.09,6.96
1789768377.958,22.0,1,0,34,0.000,15.18,0.076,0.085,1.91,0.039,0.043,3.09,6.96
1789768377.982,22.2,1,0,34,0.000,15.28,0.085,0.096,1.93,0.038,0.032,3.11,6.98
1789768378.007,23.3,1,0,34,0.000,15.28,0.085,0.096,1.94,0.043,0.033,3.12,6.97
1789768378.033,23.4,1,0,34,0.000,15.38,0.093,0.105,1.93,0.032,0.027,3.11,6.98
1789768378.060,25.3,1,0,34,0.000,15.38,0.093,0.105,1.93,0.032,0.028,3.11,6.98
1789768378.085,22.6,1,0,34,0.000,15.48,0.108,0.117,1.91,0.027,0.016,3.09,6.99
1789768378.108,21.7,1,0,34,0.000,15.48,0.108,0.117,1.90,0.027,0.019,3.08,6.99
1789768378.132,21.0,1,0,34,0.000,15.58,0.118,0.119,1.91,0.028,0.011,3.09,7.00
1789768378.153,19.8,1,0,34,0.000,15.58,0.118,0.119,1.91,0.016,0.013,3.10,7.00
1789768378.176,21.1,1,0,34,0.000,15.68,0.128,0.119,1.93,0.019,0.009,3.12,7.00
1789768378.198,20.7,1,0,34,0.000,15.68,0.128,0.119,1.94,0.011,0.010,3.13,7.00
1789768378.227,27.5,1,0,35,0.000,15.78,0.139,0.116,1.93,0.013,0.011,3.11,6.99
1789768378.247,19.5,1,0,35,0.000,15.78,0.139,0.116,1.93,0.010,0.010,3.11,7.00
1789768378.275,25.8,1,0,35,0.000,15.88,0.148,0.111,1.94,0.010,0.013,3.12,6.99
1789768378.303,27.3,1,0,36,0.000,15.88,0.148,0.111,1.94,0.010,0.013,3.12,6.99
1789768378.323,18.6,1,0,36,0.000,15.98,0.163,0.108,1.95,0.013,0.013,3.13,6.99
1789768378.345,20.0,1,0,36,0.000,15.98,0.163,0.108,1.95,0.013,0.013,3.13,6.99
1789768378.365,18.7,1,0,36,0.000,16.08,0.171,0.102,1.94,0.013,0.015,3.12,6.99
1789768378.385,18.1,1,0,36,0.000,16.08,0.171,0.102,1.94,0.013,0.015,3.12,6.99
1789768378.407,18.1,1,0,36,0.000,16.08,0.176,0.104,1.92,0.013,0.013,3.10,6.99
1789768378.429,17.6,1,0,36,0.000,16.18,0.180,0.096,1.91,0.015,0.018,3.09,6.99
1789768378.451,17.9,1,0,36,0.000,16.28,0.188,0.090,1.93,0.015,0.019,3.11,6.99
1789768378.472,16.4,1,0,36,0.000,16.28,0.188,0.090,1.94,0.013,0.021,3.12,6.99
1789768378.506,27.7,1,0,37,0.000,16.38,0.196,0.083,1.96,0.018,0.036,3.13,6.96
1789768378.525,18.5,1,0,37,0.000,16.38,0.196,0.083,1.96,0.021,0.034,3.14,6.96
1789768378.545,18.1,1,0,37,0.000,16.48,0.204,0.077,1.97,0.021,0.044,3.14,6.88
1789768378.571,24.8,1,0,37,0.000,16.48,0.204,0.077,1.98,0.036,0.038,3.14,6.86
1789768378.600,27.3,1,0,37,0.000,16.48,0.204,0.077,1.98,0.044,0.038,3.14,6.86
1789768378.625,22.9,1,0,37,0.000,16.58,0.214,0.077,1.95,0.038,0.008,3.09,6.66
1789768378.650,23.1,1,0,37,0.000,16.58,0.214,0.077,1.94,0.038,0.021,3.07,6.67
1789768378.673,21.8,1,0,37,0.000,16.68,0.221,0.074,1.92,0.038,0.035,3.04,6.59
1789768378.695,20.5,1,0,37,0.000,16.68,0.221,0.074,1.92,0.008,0.007,3.02,6.35
1789768378.727,29.2,1,0,38,0.000,16.78,0.228,0.065,1.93,0.021,0.054,2.99,6.01
1789768378.755,27.2,1,0,38,0.000,16.78,0.228,0.065,1.94,0.007,0.046,2.96,6.05
1789768378.789,25.4,1,0,38,0.000,16.88,0.236,0.057,1.97,0.054,-0.052,2.94,5.45
1789768378.811,20.9,1,0,38,0.000,16.88,0.236,0.057,1.98,0.046,0.013,2.91,5.39
1789768378.832,19.8,1,0,38,0.000,16.98,0.240,0.046,1.93,0.046,-0.027,2.82,5.41
1789768378.855,21.9,1,0,38,0.000,16.98,0.240,0.046,1.91,-0.021,0.001,2.81,5.53
1789768378.875,18.4,1,0,38,0.000,17.07,0.246,0.036,1.91,0.013,0.050,2.80,5.23
1789768378.902,23.5,1,0,38,0.000,17.07,0.246,0.036,1.91,-0.027,0.040,2.78,5.17
1789768378.923,20.6,1,0,38,0.000,17.07,0.246,0.036,1.91,0.001,0.042,2.76,5.25
1789768378.945,19.2,1,0,38,0.000,17.27,0.247,-0.012,1.93,0.050,0.035,2.74,4.34
1789768378.968,22.1,1,0,38,0.000,17.27,0.247,-0.012,1.95,0.040,0.040,2.70,4.31
1789768378.997,27.1,1,0,39,0.000,17.27,0.247,-0.012,1.95,0.042,0.005,2.66,4.50
1789768379.026,27.4,1,0,40,0.000,17.37,0.245,-0.021,1.93,0.040,0.011,2.59,3.72
1789768379.055,27.1,1,0,41,0.000,17.37,0.245,-0.021,1.92,0.005,0.014,2.55,3.78
1789768379.084,27.0,1,0,42,0.000,17.46,0.242,-0.039,1.94,0.011,0.105,2.54,3.89
1789768379.112,27.2,1,0,43,0.000,17.46,0.242,-0.039,1.95,0.014,0.058,2.55,3.85
1789768379.141,26.9,1,0,44,0.000,17.56,0.235,-0.069,1.91,0.105,0.166,2.50,3.50
1789768379.169,27.6,1,0,45,0.000,17.56,0.235,-0.069,1.90,0.058,0.118,2.47,3.60
1789768379.199,27.6,1,0,46,0.000,17.75,0.219,-0.138,1.89,0.151,0.231,2.46,3.89
1789768379.222,21.9,1,0,46,0.000,17.75,0.219,-0.138,1.88,0.118,0.386,2.47,3.75
1789768379.239,15.3,1,0,46,0.000,17.85,0.203,-0.170,1.91,0.118,0.400,2.49,3.39
1789768379.267,26.7,1,0,47,0.000,17.85,0.203,-0.170,1.92,0.118,0.400,2.47,3.45
1789768379.289,20.8,1,0,47,0.000,17.94,0.187,-0.200,1.94,0.208,0.400,2.49,3.64
1789768379.308,17.6,1,0,47,0.000,17.94,0.187,-0.200,1.95,0.278,0.400,2.50,3.53
1789768379.328,18.3,1,0,47,0.000,18.04,0.167,-0.204,1.94,0.340,0.400,2.49,3.33
1789768379.349,19.7,1,0,47,0.000,18.04,0.167,-0.204,1.94,0.400,0.400,2.47,3.48
1789768379.370,19.0,1,0,47,0.000,18.13,0.149,-0.213,1.95,0.400,0.400,2.49,3.53
1789768379.390,18.6,1,0,47,0.000,18.13,0.149,-0.213,1.96,0.400,0.400,2.50,3.39
1789768379.407,15.4,1,0,47,0.000,18.23,0.132,-0.221,1.93,0.400,0.400,2.48,3.64
1789768379.429,18.1,1,0,47,0.000,18.32,0.123,-0.281,1.93,0.400,0.400,2.47,3.39
1789768379.449,16.0,1,0,47,0.000,18.32,0.123,-0.281,1.93,0.400,0.400,2.46,3.37
1789768379.475,19.2,1,0,47,0.000,18.42,0.104,-0.297,1.91,0.400,0.400,2.46,3.74
1789768379.500,21.9,1,0,47,0.000,18.42,0.104,-0.297,1.91,0.400,0.400,2.47,3.68
1789768379.525,22.9,1,0,47,0.000,18.42,0.104,-0.297,1.91,0.400,0.400,2.48,3.55
1789768379.551,24.0,1,0,47,0.000,18.52,0.074,-0.265,1.91,0.400,0.400,2.49,3.89
1789768379.573,20.8,1,0,47,0.000,18.52,0.074,-0.265,1.92,0.400,0.400,2.51,3.82
1789768379.600,25.3,1,0,47,0.000,18.62,0.055,-0.289,1.88,0.400,0.400,2.51,4.12
1789768379.622,19.7,1,0,47,0.000,18.62,0.055,-0.289,1.86,0.400,0.400,2.51,4.20
1789768379.650,26.3,1,0,47,0.000,18.71,0.036,-0.313,1.88,0.400,0.400,2.55,4.10
1789768379.678,27.4,1,0,48,0.000,18.71,0.036,-0.313,1.89,0.400,0.398,2.54,3.86
1789768379.704,23.0,1,0,48,0.000,18.81,0.006,-0.285,1.92,0.400,0.400,2.55,4.01
1789768379.721,15.5,1,0,48,0.000,18.81,0.006,-0.285,1.93,0.400,0.400,2.55,4.00
1789768379.741,18.6,1,0,48,0.000,18.81,-0.005,-0.231,1.93,0.400,0.400,2.56,3.91
1789768379.762,17.5,1,0,48,0.000,18.81,-0.013,-0.183,1.90,0.400,0.400,2.54,4.18
1789768379.787,19.8,1,0,48,0.000,18.92,-0.023,-0.262,1.88,0.400,0.400,2.54,4.19
1789768379.808,18.8,1,0,48,0.000,18.92,-0.033,-0.207,1.88,0.400,0.400,2.55,4.09
1789768379.833,21.2,1,0,48,0.000,19.02,-0.041,-0.282,1.88,0.400,0.400,2.54,4.17
1789768379.852,17.8,1,0,48,0.000,19.02,-0.041,-0.282,1.87,0.400,0.400,2.54,4.19
1789768379.874,18.4,1,0,48,0.000,19.02,-0.059,-0.187,1.89,0.400,0.376,2.58,4.54
1789768379.895,16.7,1,0,48,0.000,19.12,-0.067,-0.252,1.90,0.400,0.379,2.60,4.31
1789768379.920,19.6,1,0,48,0.000,19.12,-0.082,-0.158,1.91,0.400,0.331,2.66,5.06
1789768379.949,26.3,1,0,48,0.000,19.12,-0.082,-0.158,1.92,0.376,0.333,2.69,4.86
1789768379.968,17.5,1,0,48,0.000,19.12,-0.082,-0.158,1.92,0.331,0.332,2.72,4.72
1789768379.987,17.3,1,0,48,0.000,19.22,-0.102,-0.136,1.89,0.331,0.306,2.70,5.33
1789768380.005,15.7,1,0,48,0.000,19.22,-0.102,-0.136,1.87,0.333,0.305,2.71,5.29
1789768380.028,16.5,1,0,48,0.000,19.32,-0.111,-0.179,1.88,0.332,0.293,2.76,5.33
1789768380.051,17.6,1,0,48,0.000,19.32,-0.117,-0.141,1.87,0.306,0.279,2.76,5.54
1789768380.074,18.0,1,0,48,0.000,19.32,-0.122,-0.104,1.87,0.305,0.258,2.79,5.75
1789768380.095,17.0,1,0,48,0.000,19.43,-0.128,-0.152,1.86,0.293,0.269,2.79,5.59
1789768380.119,18.5,1,0,48,0.000,19.43,-0.137,-0.080,1.89,0.279,0.218,2.85,6.08
1789768380.144,21.2,1,0,48,0.000,19.43,-0.137,-0.080,1.90,0.258,0.230,2.88,5.90
1789768380.165,20.1,1,0,48,0.000,19.43,-0.137,-0.080,1.91,0.269,0.223,2.90,5.93
1789768380.185,18.0,1,0,48,0.000,19.64,-0.150,-0.123,1.93,0.218,0.219,2.92,5.94
1789768380.209,20.0,1,0,48,0.000,19.64,-0.150,-0.123,1.94,0.230,0.217,2.93,5.94
1789768380.235,23.2,1,0,48,0.000,19.64,-0.155,-0.090,1.92,0.223,0.194,2.92,6.21
1789768380.263,26.6,1,0,49,0.000,19.64,-0.155,-0.090,1.90,0.219,0.202,2.92,6.13
1789768380.283,18.1,1,0,49,0.000,19.74,-0.165,-0.057,1.91,0.194,0.150,2.96,6.53
1789768380.304,20.1,1,0,49,0.000,19.74,-0.165,-0.057,1.91,0.194,0.166,2.97,6.39
1789768380.324,18.8,1,0,49,0.000,19.84,-0.169,-0.052,1.94,0.202,0.134,3.03,6.58
1789768380.345,19.3,1,0,49,0.000,19.84,-0.169,-0.052,1.95,0.150,0.161,3.03,6.38
1789768380.362,16.0,1,0,49,0.000,19.84,-0.169,-0.052,1.96,0.166,0.145,3.05,6.50
1789768380.386,18.8,1,0,49,0.000,19.95,-0.173,-0.027,1.92,0.134,0.117,3.02,6.70
1789768380.406,17.0,1,0,49,0.000,19.95,-0.174,-0.009,1.90,0.161,0.100,3.03,6.78
1789768380.428,16.5,1,0,49,0.000,19.95,-0.174,-0.009,1.90,0.145,0.112,3.03,6.72
1789768380.452,18.5,1,0,49,0.000,20.06,-0.175,-0.020,1.91,0.117,0.118,3.04,6.68
1789768380.473,17.1,1,0,49,0.000,20.06,-0.175,-0.005,1.91,0.100,0.095,3.04,6.79
1789768380.495,17.2,1,0,49,0.000,20.16,-0.176,-0.006,1.93,0.112,0.098,3.07,6.77
1789768380.519,17.9,1,0,49,0.000,20.16,-0.176,-0.006,1.94,0.118,0.093,3.09,6.79
1789768380.541,18.0,1,0,49,0.000,20.16,-0.176,0.010,1.95,0.095,0.075,3.10,6.86
1789768380.572,26.8,1,0,49,0.000,20.27,-0.176,-0.002,1.90,0.098,0.110,3.05,6.72
1789768380.593,20.0,1,0,49,0.000,20.27,-0.176,-0.002,1.87,0.075,0.089,3.02,6.83
1789768380.619,24.2,1,0,49,0.000,20.37,-0.175,0.006,1.89,0.075,0.084,3.04,6.84
1789768380.642,21.6,1,0,49,0.000,20.37,-0.175,0.006,1.90,0.089,0.081,3.06,6.85
1789768380.665,21.2,1,0,49,0.000,20.47,-0.174,0.006,1.96,0.089,0.100,3.10,6.75
1789768380.688,21.6,1,0,49,0.000,20.47,-0.174,0.006,1.98,0.084,0.076,3.13,6.85
1789768380.713,22.6,1,0,49,0.000,20.57,-0.173,0.013,1.98,0.081,0.075,3.13,6.86
1789768380.739,24.2,1,0,49,0.000,20.57,-0.173,0.013,1.98,0.100,0.056,3.13,6.92
1789768380.762,21.3,1,0,49,0.000,20.57,-0.171,0.036,1.94,0.075,0.039,3.10,6.96
1789768380.791,22.5,1,0,49,0.000,20.57,-0.171,0.036,1.92,0.056,0.046,3.09,6.95
1789768380.814,21.0,1,0,49,0.000,20.76,-0.165,0.076,1.93,0.056,0.021,3.10,6.99
1789768380.839,22.9,1,0,49,0.001,20.76,-0.165,0.076,1.93,0.039,0.027,3.11,6.98
1789768380.864,23.1,1,0,49,0.003,20.86,-0.157,0.104,1.96,0.021,0.017,3.14,6.99
1789768380.888,22.4,1,0,49,0.003,20.86,-0.157,0.104,1.98,0.021,0.019,3.16,6.99
1789768380.913,23.1,1,0,49,0.000,20.95,-0.148,0.129,1.97,0.027,0.013,3.15,6.99
1789768380.939,24.1,1,0,49,0.000,20.95,-0.148,0.129,1.97,0.017,0.015,3.15,6.99
1789768380.965,23.9,1,0,49,0.000,21.05,-0.135,0.153,1.95,0.013,0.013,3.13,7.00
1789768380.990,22.6,1,0,49,0.000,21.05,-0.135,0.153,1.94,0.015,0.013,3.12,6.99
1789768381.017,24.6,1,0,49,0.000,21.14,-0.114,0.179,1.93,0.013,0.015,3.11,6.99
1789768381.042,23.4,1,0,49,0.000,21.14,-0.114,0.179,1.92,0.013,0.015,3.10,6.99
1789768381.066,22.0,1,0,49,0.000,21.23,-0.098,0.204,1.93,0.015,0.007,3.11,7.00
1789768381.090,22.1,1,0,49,0.000,21.23,-0.098,0.204,1.93,0.015,0.008,3.11,7.00
1789768381.114,22.2,1,0,49,0.000,21.32,-0.078,0.229,1.93,0.015,-0.004,3.12,7.00
1789768381.137,21.0,1,0,49,0.000,21.32,-0.078,0.229,1.93,0.007,0.000,3.12,7.00
1789768381.160,21.3,1,0,49,0.000,21.41,-0.058,0.253,2.04,0.008,0.012,3.22,7.00
1789768381.185,23.5,1,0,49,0.000,21.41,-0.058,0.253,2.12,-0.004,0.013,3.29,6.99
1789768381.206,19.4,1,0,49,0.000,21.51,-0.032,0.273,2.28,0.012,-0.014,3.44,6.99
1789768381.228,20.4,1,0,49,0.000,21.51,-0.032,0.273,2.40,0.012,-0.009,3.56,6.99
1789768381.245,15.8,1,0,49,0.000,21.60,-0.001,0.285,2.54,0.013,0.004,3.69,7.00
1789768381.265,18.5,1,0,49,0.000,21.60,-0.001,0.285,2.64,0.013,-0.013,3.79,6.99
1789768381.284,17.5,1,0,49,0.000,21.70,0.033,0.282,2.75,-0.009,-0.028,3.89,6.94
1789768381.305,19.5,1,0,49,0.000,21.70,0.033,0.282,2.87,0.004,-0.003,4.00,7.00
1789768381.322,15.4,1,0,49,0.000,21.80,0.063,0.267,3.00,-0.013,-0.067,4.09,6.56
1789768381.342,19.1,1,0,49,0.000,21.80,0.063,0.267,3.10,-0.013,-0.070,4.14,6.01
1789768381.364,19.7,1,0,49,0.000,21.90,0.082,0.246,3.22,-0.003,-0.069,4.16,5.41
1789768381.394,26.9,1,0,50,0.000,22.00,0.111,0.219,3.35,-0.067,0.112,4.19,5.18
1789768381.422,26.8,1,0,51,0.000,22.00,0.111,0.219,3.52,-0.069,-0.033,4.23,3.89
1789768381.440,16.5,1,0,51,0.000,22.20,0.139,0.150,3.69,0.022,0.065,4.24,2.99
1789768381.458,17.1,1,0,51,0.000,22.20,0.139,0.150,3.80,-0.034,0.012,4.22,3.10
1789768381.476,15.5,1,0,51,0.000,22.41,0.158,0.065,3.91,-0.033,0.161,4.14,1.01
1789768381.506,27.9,1,0,52,0.000,22.41,0.164,0.056,4.01,0.025,0.155,4.16,1.62
1789768381.535,27.6,1,0,53,0.000,22.41,0.164,0.056,4.16,0.118,-0.018,4.17,1.07
1789768381.552,15.0,1,0,53,0.000,22.62,0.166,-0.008,4.21,0.155,0.156,4.13,-0.46
1789768381.570,17.4,1,0,53,0.000,22.62,0.166,-0.008,4.23,0.161,0.015,4.09,0.64
1789768381.587,15.1,1,0,53,0.000,22.83,0.159,-0.053,4.16,0.099,0.172,4.00,0.69
1789768381.605,16.2,1,0,53,0.000,22.83,0.159,-0.053,4.12,0.045,0.169,4.05,0.89
1789768381.628,16.7,1,0,53,0.000,22.94,0.153,-0.085,4.05,0.015,0.172,4.01,1.08
1789768381.650,16.1,1,0,53,0.000,23.16,0.134,-0.156,4.08,0.086,0.169,4.05,0.88
1789768381.673,17.4,1,0,53,0.000,23.16,0.120,-0.131,4.10,0.157,0.168,4.05,0.49
1789768381.699,20.8,1,0,53,0.000,23.16,0.120,-0.131,4.12,0.172,0.169,4.05,0.85
1789768381.720,19.8,1,0,53,0.000,23.16,0.120,-0.131,4.12,0.169,0.169,4.05,0.77
1789768381.742,19.0,1,0,53,0.000,23.37,0.086,-0.174,4.14,0.168,0.166,4.07,0.60
1789768381.768,23.5,1,0,53,0.000,23.48,0.067,-0.192,4.16,0.169,0.165,4.10,0.96
1789768381.795,25.2,1,0,53,0.000,23.48,0.067,-0.192,4.17,0.166,0.164,4.10,0.61
1789768381.818,21.0,1,0,53,0.000,23.80,0.009,-0.238,4.10,0.165,0.169,4.05,0.97
1789768381.847,27.3,1,0,53,0.000,23.80,0.009,-0.238,4.08,0.165,0.170,4.04,1.15
1789768381.875,25.3,1,0,53,0.000,23.90,-0.031,-0.205,4.07,0.169,0.165,4.10,1.73
1789768381.902,25.7,1,0,53,0.000,23.90,-0.031,-0.205,4.07,0.170,0.161,4.15,1.69
1789768381.931,26.5,1,0,53,0.000,24.20,-0.092,-0.228,4.12,0.165,0.157,4.20,1.34
1789768381.958,24.8,1,0,53,0.000,24.20,-0.092,-0.228,4.14,0.161,0.158,4.19,1.20
1789768381.983,23.5,1,0,53,0.000,24.30,-0.130,-0.190,4.18,0.157,0.150,4.28,2.47
1789768382.012,27.2,1,0,54,0.000,24.30,-0.130,-0.190,4.20,0.157,0.147,4.33,1.98
1789768382.032,18.6,1,0,54,0.000,24.59,-0.187,-0.190,4.20,0.150,0.148,4.33,1.14
1789768382.057,23.5,1,0,54,0.000,24.69,-0.206,-0.182,4.24,0.150,0.147,4.33,1.83
1789768382.083,24.6,1,0,54,0.000,24.69,-0.206,-0.182,4.27,0.147,0.147,4.34,1.65
1789768382.111,25.0,1,0,54,0.006,24.89,-0.240,-0.166,4.29,0.147,0.148,4.29,0.02
1789768382.132,19.9,1,0,54,0.001,24.89,-0.240,-0.166,4.30,0.147,0.155,4.18,-0.05
1789768382.156,21.5,1,0,54,0.000,24.98,-0.267,-0.114,4.33,0.147,0.130,4.37,4.11
1789768382.184,26.9,1,0,55,0.003,24.98,-0.267,-0.114,4.35,0.148,0.141,4.42,0.67
1789768382.209,22.8,1,0,55,0.004,25.18,-0.289,-0.084,4.31,0.130,0.140,4.45,1.10
1789768382.231,20.3,1,0,55,0.004,25.18,-0.289,-0.084,4.29,0.130,0.153,4.26,1.17
1789768382.252,18.9,1,0,55,0.010,25.38,-0.303,-0.045,4.35,0.141,0.098,4.60,5.28
1789768382.277,23.7,1,0,55,0.023,25.38,-0.303,-0.045,4.38,0.140,0.131,4.61,0.88
1789768382.297,17.4,1,0,55,0.024,25.58,-0.309,0.005,4.36,0.098,0.079,4.87,5.67
1789768382.328,27.4,1,0,56,0.029,25.68,-0.308,0.029,4.41,0.098,0.114,4.79,3.21
1789768382.356,26.9,1,0,57,0.026,25.68,-0.308,0.029,4.45,0.079,0.083,5.07,5.06
1789768382.385,27.5,1,0,58,0.028,25.98,-0.294,0.079,4.55,0.114,-0.092,5.04,3.49
1789768382.414,28.0,1,0,59,0.059,25.98,-0.294,0.079,4.61,0.083,0.132,5.10,3.30
1789768382.443,27.1,1,0,60,0.020,26.28,-0.254,0.199,4.78,-0.014,-0.175,5.13,2.95
1789768382.459,14.4,1,0,60,0.005,26.28,-0.254,0.199,4.91,0.078,-0.096,5.24,3.13
1789768382.478,17.7,1,0,60,0.000,26.48,-0.201,0.239,4.98,0.026,-0.098,5.25,2.49
1789768382.496,16.8,1,0,60,0.000,26.48,-0.201,0.239,5.04,-0.034,-0.094,5.31,2.93
1789768382.518,17.3,1,0,60,0.000,26.58,-0.177,0.245,5.07,-0.096,-0.092,5.34,3.21
1789768382.544,20.8,1,0,60,0.000,26.77,-0.141,0.260,5.10,-0.098,-0.093,5.38,2.65
1789768382.564,19.0,1,0,60,0.000,26.77,-0.141,0.260,5.12,-0.094,-0.093,5.38,2.56
1789768382.585,17.7,1,0,60,0.000,26.97,-0.089,0.250,5.18,-0.092,-0.094,5.38,2.37
1789768382.606,17.2,1,0,60,0.000,27.06,-0.060,0.238,5.22,-0.093,-0.093,5.41,2.42
1789768382.629,18.0,1,0,60,0.000,27.16,-0.034,0.224,5.28,-0.093,-0.091,5.46,2.50
1789768382.654,20.2,1,0,60,0.000,27.35,0.017,0.193,5.34,-0.094,-0.087,5.55,2.75
1789768382.673,17.5,1,0,60,0.000,27.35,0.017,0.193,5.39,-0.093,-0.087,5.59,2.43
1789768382.696,17.2,1,0,60,0.000,27.64,0.066,0.173,5.49,-0.091,-0.085,5.66,2.16
1789768382.721,19.8,1,0,60,0.000,27.64,0.066,0.173,5.56,-0.087,-0.085,5.67,1.84
1789768382.750,27.7,1,0,61,0.000,27.74,0.087,0.158,5.60,-0.087,-0.084,5.70,2.28
1789768382.782,22.6,1,0,61,0.000,27.74,0.087,0.158,5.64,-0.085,-0.083,5.73,2.06
1789768382.811,26.7,1,0,61,0.000,28.13,0.139,0.132,5.72,-0.085,-0.084,5.74,0.62
1789768382.840,27.3,1,0,62,0.000,28.13,0.139,0.132,5.79,-0.083,-0.085,5.71,0.67
1789768382.870,27.8,1,0,63,0.000,28.52,0.184,0.093,5.78,-0.084,-0.088,5.59,0.40
1789768382.898,27.0,1,0,63,0.000,28.52,0.184,0.093,5.77,-0.085,-0.086,5.65,1.67
1789768382.931,29.8,1,0,64,-0.006,28.71,0.204,0.063,5.70,-0.088,-0.083,5.65,1.56
1789768382.953,20.0,1,0,64,0.000,28.71,0.204,0.063,5.66,-0.086,-0.081,5.74,2.71
1789768382.981,26.4,1,0,64,0.008,29.10,0.223,0.030,5.68,-0.086,-0.085,5.72,0.95
1789768383.006,23.5,1,0,64,0.009,29.10,0.223,0.030,5.70,-0.081,-0.085,5.69,0.88
1789768383.029,20.4,1,0,64,0.000,29.30,0.228,-0.012,5.77,-0.085,-0.063,5.90,4.88
1789768383.054,23.5,1,0,64,0.003,29.30,0.228,-0.012,5.81,-0.085,-0.054,6.19,5.16
1789768383.083,27.3,1,0,64,0.014,29.69,0.222,-0.041,5.82,-0.063,-0.049,6.46,5.18
1789768383.108,22.9,1,0,64,0.016,29.69,0.222,-0.041,5.83,-0.054,-0.050,6.48,5.05
1789768383.128,18.2,1,0,64,0.002,29.99,0.210,-0.052,5.92,-0.054,-0.047,6.56,5.17
1789768383.149,20.1,1,0,64,0.003,29.99,0.210,-0.052,5.97,-0.049,-0.047,6.61,5.08
1789768383.171,20.3,1,0,64,0.000,30.19,0.197,-0.059,6.06,-0.050,-0.045,6.69,5.19
1789768383.194,21.5,1,0,64,0.000,30.19,0.197,-0.059,6.12,-0.047,-0.045,6.75,5.08
1789768383.215,18.2,1,0,64,0.000,30.48,0.181,-0.060,6.25,-0.047,-0.046,6.85,4.84
1789768383.236,20.3,1,0,64,0.000,30.48,0.181,-0.060,6.34,-0.045,-0.047,6.91,4.57
1789768383.257,18.7,1,0,64,0.000,30.78,0.165,-0.056,6.46,-0.045,-0.051,6.95,3.88
1789768383.282,23.0,1,0,64,0.000,30.78,0.165,-0.056,6.57,-0.046,-0.052,6.97,3.53
1789768383.307,23.1,1,0,64,0.000,31.07,0.150,-0.052,6.69,-0.047,-0.055,6.96,2.48
1789768383.332,24.0,1,0,64,0.000,31.07,0.150,-0.052,6.81,-0.051,-0.056,6.96,2.04
1789768383.359,24.9,1,0,64,0.000,31.37,0.135,-0.054,6.92,-0.055,-0.058,6.91,0.94
1789768383.385,24.6,1,0,64,0.000,31.37,0.135,-0.054,7.01,-0.056,-0.058,6.88,0.68
1789768383.413,25.8,1,0,64,0.000,31.67,0.119,-0.059,7.05,-0.058,-0.055,6.77,-0.31
1789768383.437,23.3,1,0,64,0.000,31.67,0.119,-0.059,7.07,-0.058,-0.057,6.74,-0.08
1789768383.462,22.5,1,0,64,0.000,32.16,0.095,-0.061,7.08,-0.055,-0.032,6.50,-3.26
1789768383.486,22.8,1,0,64,0.000,32.16,0.095,-0.061,7.08,-0.055,-0.055,6.43,-1.55
1789768383.507,19.0,1,0,64,0.000,32.46,0.076,-0.068,7.09,-0.032,-0.021,6.31,-2.18
1789768383.529,21.0,1,0,64,0.000,32.46,0.076,-0.068,7.09,-0.032,-0.050,6.30,-3.34
1789768383.550,18.4,1,0,64,0.000,32.75,0.057,-0.060,7.02,-0.055,0.016,6.09,-4.05
1789768383.570,19.4,1,0,64,0.000,32.75,0.057,-0.060,6.99,-0.021,-0.063,6.04,-2.50
1789768383.593,20.6,1,0,64,0.000,33.05,0.040,-0.045,6.87,-0.050,0.043,5.86,-4.33
1789768383.614,20.0,1,0,64,0.000,33.05,0.040,-0.045,6.78,0.016,-0.062,5.84,-3.06
1789768383.636,20.3,1,0,64,0.000,33.15,0.036,-0.043,6.63,-0.053,0.052,5.72,-2.27
1789768383.653,16.3,1,0,64,0.000,33.15,0.036,-0.043,6.52,0.016,-0.073,5.75,-2.05
1789768383.675,19.7,1,0,64,0.000,33.44,0.030,-0.004,6.43,-0.045,0.030,5.53,-5.09
1789768383.697,19.6,1,0,64,0.000,33.74,0.032,0.003,6.27,0.026,-0.034,5.26,-4.28
1789768383.719,18.6,1,0,64,0.000,33.74,0.032,0.003,6.15,-0.046,0.054,5.14,-2.21
1789768383.744,21.2,1,0,64,0.000,34.04,0.033,-0.006,6.07,0.025,0.001,5.03,-5.50
1789768383.764,18.8,1,0,64,0.000,34.04,0.033,-0.006,6.01,-0.034,0.061,4.98,-4.30
1789768383.788,21.4,1,0,64,0.000,34.14,0.032,-0.009,5.87,0.035,0.019,4.84,-2.33
1789768383.807,17.9,1,0,64,0.000,34.14,0.032,-0.009,5.76,0.001,0.084,4.91,-2.70
1789768383.830,18.2,1,0,64,0.000,34.34,0.030,-0.001,5.63,0.061,-0.018,4.71,-5.34
1789768383.851,17.6,1,0,64,0.000,34.64,0.036,0.056,5.45,0.019,0.079,4.43,-4.23
1789768383.873,17.0,1,0,64,0.000,34.64,0.036,0.056,5.31,0.084,0.006,4.35,-1.77
1789768383.897,18.8,1,0,64,0.000,34.84,0.052,0.089,5.18,0.013,0.060,4.26,-4.85
1789768383.919,18.2,1,0,64,0.000,34.84,0.052,0.089,5.09,0.079,-0.046,4.24,-3.10
1789768383.950,27.5,1,0,65,0.000,34.94,0.062,0.086,4.95,0.008,0.131,4.13,-1.48
1789768383.975,23.1,1,0,65,0.000,34.94,0.062,0.086,4.83,-0.046,0.007,4.19,-2.00
1789768383.996,19.7,1,0,65,0.000,35.23,0.083,0.060,4.67,-0.046,0.089,3.95,-4.48
1789768384.020,22.9,1,0,65,0.000,35.23,0.083,0.060,4.57,0.020,0.010,3.90,-0.77
1789768384.041,18.7,1,0,65,0.000,35.43,0.088,0.005,4.43,0.007,0.177,3.85,-0.72
1789768384.070,27.9,1,0,66,0.000,35.43,0.088,0.005,4.36,0.072,-0.039,3.83,-3.56
1789768384.099,26.8,1,0,67,0.000,35.73,0.082,-0.062,4.29,0.167,0.167,3.72,-1.51
1789768384.119,18.8,1,0,67,0.000,35.73,0.082,-0.062,4.26,0.077,0.193,3.72,-0.31
1789768384.142,19.9,1,0,67,0.000,35.93,0.068,-0.114,4.13,0.006,0.169,3.67,-2.32
1789768384.166,21.1,1,0,67,0.000,35.93,0.060,-0.116,3.99,0.077,0.205,3.64,0.25
1789768384.191,24.1,1,0,67,0.000,35.93,0.060,-0.116,3.90,0.150,0.209,3.64,1.01
1789768384.215,22.4,1,0,67,0.000,36.12,0.030,-0.202,3.87,0.205,0.181,3.64,-1.86
1789768384.235,18.5,1,0,67,0.000,36.12,0.030,-0.202,3.87,0.205,0.206,3.64,0.31
1789768384.256,19.3,1,0,67,0.000,36.41,-0.033,-0.259,3.90,0.209,0.206,3.64,0.42
1789768384.279,21.1,1,0,67,0.000,36.41,-0.033,-0.259,3.93,0.181,0.176,3.64,-2.11
1789768384.305,23.3,1,0,67,0.000,36.51,-0.074,-0.250,3.82,0.206,0.217,3.53,0.08
1789768384.326,19.1,1,0,67,0.000,36.51,-0.074,-0.250,3.75,0.176,0.222,3.53,1.46
1789768384.351,23.8,1,0,67,0.000,36.71,-0.123,-0.270,3.72,0.176,0.202,3.57,-0.98
1789768384.378,25.0,1,0,67,0.000,36.71,-0.123,-0.270,3.70,0.222,0.214,3.51,-0.53
1789768384.404,24.3,1,0,67,0.000,36.81,-0.159,-0.254,3.65,0.202,0.236,3.39,0.23
1789768384.428,22.2,1,0,67,0.000,36.81,-0.159,-0.254,3.63,0.214,0.228,3.46,0.57
1789768384.458,28.0,1,0,68,0.026,37.01,-0.205,-0.256,3.60,0.214,0.213,3.35,-1.77
1789768384.485,25.4,1,0,68,0.005,37.01,-0.205,-0.256,3.58,0.228,0.232,3.23,-1.61
1789768384.515,27.3,1,0,69,0.031,37.21,-0.256,-0.220,3.55,0.213,0.260,3.10,-1.22
1789768384.543,26.4,1,0,70,0.013,37.21,-0.256,-0.220,3.54,0.232,0.258,3.14,-0.96
1789768384.571,27.1,1,0,71,0.015,37.31,-0.286,-0.169,3.50,0.260,0.260,3.16,-0.69
1789768384.599,26.5,1,0,72,0.017,37.31,-0.286,-0.169,3.49,0.258,0.257,3.18,-0.69
1789768384.627,27.2,1,0,73,0.046,37.52,-0.317,-0.114,3.33,0.260,0.280,3.07,-0.32
1789768384.655,26.9,1,0,74,0.039,37.52,-0.317,-0.114,3.26,0.257,0.290,3.02,-0.16
1789768384.684,26.6,1,0,75,0.030,37.62,-0.330,-0.047,3.18,0.280,0.297,3.00,0.05
1789768384.712,26.8,1,0,76,0.028,37.62,-0.330,-0.047,3.15,0.290,0.297,3.02,0.48
1789768384.742,27.5,1,0,77,0.000,36.61,-0.599,0.128,0.30,0.297,0.032,0.42,1.58
1789768384.770,26.9,1,0,78,0.000,36.61,-0.599,0.128,0.30,0.297,0.243,0.84,6.98
1789768405.994,27.2,1,0,79,0.105,41.88,-0.991,-0.947,0.30,0.243,0.357,1.22,6.33
1789768406.022,26.8,1,0,80,0.756,41.88,-0.991,-0.947,0.30,0.243,0.397,1.57,6.77
1789768406.051,26.9,1,0,81,0.351,41.88,-0.991,-0.947,0.30,0.333,0.395,0.82,-4.10
1789768406.076,24.1,1,0,81,0.140,41.88,-0.991,-0.947,0.30,0.397,0.400,0.30,-2.27
1789768406.104,26.9,1,0,82,0.962,41.88,-0.992,-0.946,0.30,0.395,0.004,0.50,4.04
1789768406.133,27.4,1,0,83,0.155,41.88,-0.992,-0.946,0.30,0.400,0.007,0.31,-2.93
1789768406.161,26.8,1,0,84,0.161,41.88,-1.009,-0.922,0.42,0.308,0.347,0.30,-2.64
1789768406.189,27.2,1,0,85,0.307,41.88,-1.009,-0.922,0.57,0.218,-0.033,0.32,1.70
1789768406.219,27.6,1,0,86,0.193,41.88,-1.030,-0.909,0.60,0.311,0.305,0.31,-3.40
1789768406.232,11.7,1,0,86,0.181,41.88,-1.030,-0.909,0.62,0.218,0.400,0.30,-2.93
1789768406.261,27.0,1,0,87,0.422,41.88,-1.038,-0.909,0.61,0.175,0.260,0.33,0.72
1789768406.278,15.5,1,0,87,0.179,41.88,-1.038,-0.909,0.60,0.266,0.400,0.30,-2.21
1789768406.294,14.6,1,0,87,0.206,41.88,-1.062,-0.907,0.58,0.305,0.400,0.30,-2.57
1789768406.328,27.4,1,0,88,0.637,41.88,-1.062,-0.907,0.57,0.260,0.072,0.35,1.35
1789768406.357,27.4,1,0,89,0.219,41.88,-1.062,-0.907,0.56,0.353,0.370,0.31,-2.47
1789768406.371,12.3,1,0,89,0.229,41.88,-1.087,-0.892,0.55,0.260,0.400,0.30,-2.53
1789768406.400,27.4,1,0,90,0.485,41.88,-1.087,-0.892,0.55,0.304,0.156,0.34,0.86
1789768406.429,27.4,1,0,91,0.242,41.88,-1.106,-0.876,0.57,0.398,0.400,0.30,-2.37
1789768406.448,18.0,1,0,91,0.244,41.88,-1.106,-0.876,0.58,0.307,0.400,0.30,-2.59
1789768406.477,27.0,1,0,92,0.251,41.88,-1.123,-0.866,0.57,0.244,0.400,0.30,0.32
1789768406.495,16.4,1,0,92,0.251,41.88,-1.123,-0.866,0.56,0.334,0.400,0.30,-1.49
1789768406.517,17.1,1,0,92,0.273,41.88,-1.142,-0.853,0.59,0.400,0.400,0.30,-2.97
1789768406.550,27.8,1,0,93,0.473,41.88,-1.151,-0.842,0.57,0.400,0.018,0.37,1.49
1789768406.579,27.1,1,0,94,0.280,41.88,-1.151,-0.842,0.56,0.400,0.315,0.30,-2.35
1789768406.609,27.0,1,0,95,0.002,41.58,-0.503,-0.007,0.30,0.304,0.011,0.54,4.26
1789768406.638,27.7,1,0,96,0.006,41.58,-0.503,-0.007,0.37,0.315,0.128,0.97,6.91
1789768406.666,26.8,1,0,97,0.000,41.58,-0.503,0.006,0.45,0.222,0.287,1.51,6.50
