#{"t_start": 1787658536.5629458, "env_id": "None"}
r,l,t
269.653053,293,19.472004
45.183243,72,24.254161
190.059236,245,38.816758
55.225831,85,44.695742
110.990528,143,53.678577
87.331279,117,61.050291
194.718673,230,74.780443
254.272,313,93.362725
66.243225,104,100.005599
75.719443,105,106.8216
470.610875,548,138.485078
273.792509,364,159.725194
40.095826,86,165.506415
197.502082,240,179.902103
41.876925,68,184.490634
47.905881,86,190.079357
337.168218,412,213.963709
123.445173,175,224.565832
118.871075,156,234.12867
-5.484211,29,236.525455
146.139853,198,248.294094
-5.709487,26,250.511061
253.126615,368,272.036358
251.355806,428,296.763201
0.517145,27,299.054775
30.512416,69,303.731815
-0.819223,34,306.461733
102.185839,202,318.657048
47.816999,77,323.723302
43.913412,66,328.221572
106.924733,144,337.356435
38.247967,79,342.514589
-4.617486,39,345.535552
32.267844,74,350.420916
207.200691,281,366.921013
239.481817,287,384.52393
50.351346,150,393.685868
45.454536,80,398.892579
32.523476,75,403.862757
59.113519,88,409.853025
117.050789,183,420.765309
182.898452,280,437.1052
40.132864,77,442.144643
10.381362,34,444.969597
348.470914,433,469.876937
191.189203,204,484.36974
33.387932,66,489.495706
107.541657,146,498.363541
-5.337005,19,500.253459
-4.888411,27,502.536219
2.165442,29,505.091294
42.992817,78,510.345312
68.612049,109,517.654391
41.767175,68,522.236523
32.524668,59,526.354895
50.856296,81,531.684266
33.986853,69,536.437571
33.568876,67,540.979108
-4.37835,16,543.17264
78.582629,79,550.550294
8.88105,28,553.668467
55.913544,63,559.964048
-5.531354,16,562.070618
63.521331,92,568.486491
197.110441,266,584.022844
-6.393087,20,585.959383
43.11698,78,591.056789
105.275116,141,599.646525
8.32506,37,602.598104
152.282479,215,615.543733
249.786974,347,635.681476
32.004868,79,641.399797
187.963456,255,656.345179
35.48185,65,660.767901
44.449369,79,665.938351
32.855243,78,671.056794
49.855797,86,676.594086
74.392858,112,683.593004
206.685809,267,699.336381
330.317759,443,724.743336
108.896203,162,734.545202
65.340591,111,741.52153
65.465175,109,748.339921
-6.173645,24,750.445505
35.675046,72,755.267511
206.29516,286,772.393633
36.761632,68,776.946588
40.049138,79,782.201362
213.40579,270,797.987025
69.087611,114,805.208475
66.579544,111,812.162655
50.179546,85,817.647136
-13.285821,17,819.43102
71.371357,108,826.318686
67.311179,104,832.883549
48.23643,76,837.97972
216.869868,272,853.945692
67.906232,108,860.860538
49.756113,78,866.052517
43.687342,70,870.759362
633.39603,774,914.902308
49.504829,79,920.038666
338.438933,407,943.54405
74.382629,115,950.763654
45.367838,75,955.684817
193.288789,233,969.632711
1028.593158,1200,1037.489686
71.3894,107,1044.317413
1068.395125,1199,1112.35043
70.738682,107,1119.241227
69.909588,108,1126.131889
224.14387,287,1142.890409
45.070548,70,1147.651443
109.729224,148,1156.73397
60.23576,83,1162.229459
53.541397,79,1167.428493
188.55997,235,1181.305127
76.94756,113,1188.330801
100.400232,140,1196.957634
51.710406,79,1202.125869
118.970729,157,1211.709395
294.767604,382,1234.090949
73.508157,109,1240.991177
48.016561,75,1245.980553
332.200701,389,1268.507389
202.725402,251,1283.320314
49.375519,78,1288.535553
511.016976,572,1321.221618
931.410761,1061,1381.364505
503.226418,587,1415.016762
76.040053,116,1422.249993
219.521553,272,1438.472283
55.640501,83,1443.924078
255.360149,320,1462.75548
292.952529,337,1482.865019
195.449162,239,1497.170622
73.391434,78,1504.116379
664.709521,743,1548.400439
503.230937,576,1582.406933
216.629832,280,1598.734704
726.989313,792,1644.147382
41.305764,69,1648.935479
77.762216,107,1655.648911
257.467522,310,1673.689319
281.330235,356,1694.417451
81.827747,108,1701.247452
50.520048,81,1706.516643
107.183398,149,1715.533067
785.016428,889,1765.971696
662.922868,759,1808.994806
528.166592,608,1844.098819
83.414114,115,1851.291187
1074.936256,1200,1919.359529
645.100852,771,1963.694285
1014.649733,1200,2031.459135
228.590222,290,2048.42339
1064.3763,1200,2116.201935
639.263588,726,2157.802509
1024.385859,1200,2225.776046
1032.677379,1200,2293.434776
282.402609,348,2313.557862
203.862509,235,2327.516644
387.403664,480,2355.074561
499.957559,559,2386.972443
317.500461,422,2411.401602
44.754146,78,2416.543367
892.09537,1042,2475.670387
513.049476,589,2509.534104
1072.585345,1200,2577.496296
186.466689,226,2590.97081
327.434201,403,2614.203726
44.953827,78,2619.31858
469.601267,584,2652.722692
348.828415,400,2675.858533
326.674589,380,2698.050176
212.936063,265,2713.60589
80.510086,121,2721.109723
137.705561,184,2732.334344
692.921854,800,2777.952805
207.551801,273,2794.030439
183.758727,244,2808.412369
272.59567,350,2828.848366
360.251984,446,2854.364232
1034.373277,1200,2922.107306
766.436798,924,2974.576689
767.860043,922,3026.908529
690.376718,813,3072.99342
238.821416,304,3090.694668
693.791927,834,3138.335068
195.635764,254,3153.389639
176.61459,220,3166.59369
929.265192,1105,3229.363851
336.539921,403,3252.708813
193.455026,256,3267.703473
352.757385,421,3292.122717
393.229492,482,3320.020364
35.758858,62,3324.25522
310.323119,420,3348.710002
221.354391,274,3365.267624
915.558974,1098,3428.107882
774.311874,904,3480.524653
927.581635,1084,3542.87702
79.937251,105,3549.756716
774.860968,953,3604.87854
135.279833,179,3615.868686
211.027856,257,3631.174214
75.861038,107,3638.079582
573.082284,668,3676.564505
176.782183,218,3689.698037
36.051605,61,3693.855599
624.485472,716,3735.677537
315.380596,380,3758.157127
1030.894223,1200,3826.939904
922.829259,1071,3889.2388
418.751339,534,3920.233258
83.828402,116,3927.452837
714.269837,790,3973.342858
345.533539,380,3995.942687
222.586801,264,4011.715195
934.456615,1066,4073.197723
149.950721,185,4084.470722
396.354981,464,4111.943506
183.882991,234,4126.16663
-4.56062,18,4128.117394
76.025554,107,4134.990667
-6.952708,20,4136.934701
394.071142,449,4163.927973
1101.136959,1200,4233.1524
423.874573,494,4262.071252
271.796291,346,4282.291696
508.699114,586,4316.531567
1095.774943,1200,4385.884208
227.739946,288,4403.125769
765.174578,866,4453.926843
920.179877,1018,4513.204695
775.704237,814,4560.928658
553.846548,619,4597.878287
1111.408942,1200,4667.639849
453.85666,495,4696.721
77.175073,92,4703.451279
568.443841,620,4739.514026
1007.144667,1055,4800.608998
397.902035,460,4827.280496
101.060748,129,4835.331882
111.962292,149,4844.506999
1167.749578,1200,4914.118273
384.066619,430,4938.95262
570.771856,660,4977.987101
204.89759,227,4991.862168
271.870686,312,5010.472932
1126.978551,1200,5079.99154
1120.682956,1200,5148.825578
1126.377887,1200,5217.418771
746.09134,780,5262.712984
665.820633,712,5304.794361
1168.197813,1200,5374.701354
1154.420783,1200,5445.462627
642.865692,674,5485.091502
264.231215,271,5502.272732
961.051729,1040,5563.119138
1193.941204,1200,5633.538713
744.344626,758,5678.941719
1193.872014,1200,5750.208087
859.778369,920,5805.018178
71.343189,100,5811.778695
124.341858,158,5821.841286
1193.875345,1200,5893.580654
1182.591725,1200,5965.389198
876.744994,892,6019.693253
1079.347791,1125,6086.932408
399.110645,412,6112.013519
1186.281044,1200,6184.486505
974.17632,1006,6245.856881
129.872841,156,6255.934702
423.990932,446,6283.603904
1228.572666,1200,6357.170569
204.608216,225,6371.413791
412.364067,428,6398.940234
592.591664,606,6436.496361
1200.807761,1200,6510.269102
347.235328,375,6533.419386
794.797621,802,6582.993673
1212.57159,1200,6656.50966
1211.833854,1200,6730.582065
124.810661,143,6740.269597
734.658624,750,6787.560478
353.565776,366,6810.802187
634.351076,655,6851.15333
-4.801942,22,6853.384288
48.714451,67,6858.206852
307.852786,307,6877.998006
486.831922,504,6910.468464
872.976545,867,6965.412596
1184.991923,1200,7040.076029
1208.617017,1200,7114.550587
48.974006,62,7119.402669
1019.24368,1023,7183.730785
386.046857,402,7209.580328
194.429919,209,7223.235207
879.713618,883,7278.244716
1202.395795,1200,7352.668933
650.667197,643,7394.7134
1204.672975,1200,7468.512139
573.847369,573,7504.380506
1175.668841,1176,7579.008795
1007.375022,1024,7642.853007
133.198761,147,7652.577388
412.127757,420,7680.142845
280.326998,289,7698.683132
731.666775,754,7745.445123
276.98856,290,7764.010081
130.25576,150,7774.338104
83.760538,91,7781.504043
571.125332,558,7817.389259
877.162651,887,7873.347832
1254.065439,1200,7948.780371
723.636355,734,7995.343561
1231.436125,1200,8071.481863
415.430355,415,8098.602423
514.391534,494,8129.985915
743.776001,726,8176.229166
81.837507,104,8183.413527
1220.609237,1200,8258.3882
902.480111,877,8314.469148
83.166251,100,8321.541308
1252.864046,1200,8399.808175
775.421179,756,8449.597823
121.389945,136,8460.086789
485.83692,492,8492.842754
1202.241299,1200,8565.526655
1150.859163,1200,8636.40891
1174.32553,1200,8708.276119
278.586105,287,8727.115119
1258.922007,1200,8804.206841
377.202339,420,8829.392027
78.728378,109,8836.370055
1211.617341,1200,8908.461268
386.222285,400,8933.279275
1166.192746,1200,9004.423107
1184.553307,1200,9075.879955
334.859923,338,9097.980798
282.598843,285,9117.288724
639.359493,642,9158.969384
47.063388,70,9164.290704
738.746155,688,9210.645776
123.031585,142,9220.225462
431.270711,440,9248.804015
226.03182,224,9264.804784
74.54328,96,9271.764907
426.033703,437,9298.768321
1185.683061,1200,9370.970309
1145.726935,1200,9441.874263
1193.539961,1200,9513.270246
1175.467258,1103,9585.912631
193.269524,201,9601.118818
239.187933,245,9617.250222
529.395223,505,9650.772867
272.577824,239,9670.399962
1193.010682,1039,9742.939511
1174.262821,1150,9815.063881
1022.448822,995,9877.994082
587.517193,567,9914.281417
222.411026,222,9930.794923
364.196739,406,9955.964513
1025.097234,910,10020.277939
1183.808127,1127,10093.983444
485.046543,475,10124.402955
739.66218,727,10171.357821
155.282085,148,10182.894582
50.582559,64,10188.319401
47.759927,59,10193.192528
1042.281385,1015,10258.783768
316.749029,323,10279.568651
868.331248,890,10333.892171
76.255821,97,10340.829792
537.698062,543,10375.383794
1323.541816,1200,10455.341115
523.65593,492,10488.334219
963.456884,872,10549.646615
82.89431,79,10557.066556
131.887164,112,10568.006136
130.907873,120,10578.466013
108.205452,115,10587.720179
537.827838,455,10622.648234
230.680431,219,10638.816478
1251.24977,1200,10715.39442
796.937018,687,10764.903839
630.37604,523,10805.072753
554.362614,422,10842.788196
428.484473,314,10871.674423
47.305594,57,10877.982002
223.78607,172,10894.682041
713.849166,518,10942.282221
35.264179,39,10946.954687
83.577932,78,10954.445839
320.522334,259,10977.46084
194.667745,166,10991.295493
144.127354,121,11002.702958
426.811661,321,11032.260561
135.691697,112,11042.96565
79.883833,66,11050.590287
63.630173,57,11057.029951
50.038555,44,11062.748725
54.757312,52,11069.444306
47.956521,39,11074.376639
58.359022,49,11080.609525
177.931717,125,11094.62997
278.265795,190,11114.444976
124.132682,99,11126.276275
37.308912,34,11130.927065
35.013042,30,11135.269177
73.606031,65,11143.381325
39.054368,37,11148.343325
76.560831,62,11155.682528
123.953877,91,11165.932891
223.894146,154,11182.180894
121.667565,85,11192.273054
42.459183,32,11196.742245
48.199654,42,11201.960211
184.923421,119,11215.688147
222.213381,145,11231.681537
277.538632,177,11252.307982
279.868524,178,11272.945784
140.044032,95,11284.090949
409.444262,252,11312.845876
199.692799,121,11327.159214
52.430536,43,11332.660228
125.46511,93,11343.775271
267.690123,171,11363.504777
39.015073,39,11368.763063
196.625418,114,11382.263569
73.839294,59,11389.166958
42.135155,42,11394.257372
288.607416,187,11414.640236
44.264733,37,11419.549494
43.379535,34,11424.207056
202.284498,136,11439.836391
48.170128,41,11445.209244
271.746518,176,11465.296619
285.549252,171,11484.927362
96.41506,73,11492.863097
500.191062,290,11526.24837
263.661753,173,11545.65115
120.532645,88,11555.604342
658.710879,419,11599.485198
292.566867,186,11619.466427
41.880584,36,11624.470216
230.470748,153,11641.578306
75.322196,62,11648.729697
201.169342,123,11662.889726
268.991575,179,11682.697157
54.124952,50,11688.375112
119.744005,86,11697.978187
333.418748,210,11721.205058
131.587555,96,11732.041576
198.459586,133,11747.417978
88.584463,59,11754.893779
116.897053,86,11764.619443
235.445313,156,11780.991793
278.187518,215,11801.513412
224.43174,182,11818.396835
129.691174,102,11829.008269
133.55775,115,11840.517463
135.084005,98,11851.415079
509.706935,309,11885.172503
508.95999,308,11919.840882
422.902168,260,11948.952689
655.152242,435,11992.693811
223.236325,155,12008.790274
522.79193,326,12042.639474
818.876045,524,12095.61963
187.729513,127,12109.617066
71.280003,60,12116.749226
963.076182,647,12179.495436
1300.692531,1185,12262.018471
569.115239,512,12298.760008
