#{"t_start": 1787641212.897058, "env_id": "None"}
r,l,t
88.65845,102,8.12055
-13.042586,14,9.683914
1.604121,28,12.023091
19.807219,42,15.370266
-5.170963,19,17.235925
-4.403506,22,19.297368
9.944759,29,22.24785
-12.431436,18,24.025676
21.161249,39,27.185649
39.716752,55,31.23696
46.191455,60,35.623464
45.190579,54,39.670336
44.795926,56,43.640379
47.952944,51,47.716109
40.380627,53,51.750071
37.524157,44,55.746616
38.09177,56,59.683088
45.817017,62,63.952709
36.269715,58,68.04895
36.895113,53,72.256358
-4.831837,15,74.333263
54.74183,107,81.007238
47.875368,72,85.77647
41.316638,60,90.273407
55.265922,78,95.425246
114.788912,133,103.580216
41.377798,62,107.802886
76.779869,95,114.159423
40.937133,61,118.367436
45.610693,61,122.539346
66.632507,92,128.417514
27.075084,42,131.903136
106.310479,133,140.05833
48.444257,65,144.466309
47.644458,71,149.221591
37.997903,58,153.679203
38.974102,60,157.914765
36.900555,56,162.446762
41.345827,58,166.549536
59.502311,104,173.371478
42.783954,68,177.931455
40.406593,69,182.53527
114.212885,147,191.440634
-5.837795,23,193.829993
36.829364,76,198.805251
43.747216,75,203.740184
43.977267,69,208.356259
41.379323,68,213.244356
38.668911,61,217.548118
112.872294,135,226.099199
72.164448,105,232.715225
29.614317,56,236.823648
41.940155,69,241.42725
43.267772,71,246.203288
109.734278,141,254.860337
135.922551,178,265.81937
36.780772,62,270.074045
43.40115,69,274.683577
100.430933,135,282.91531
186.28938,223,296.375345
32.530905,55,300.216024
48.779531,79,305.352482
94.681348,129,313.389218
138.092932,166,323.761019
-8.737859,27,326.036993
93.652125,128,333.929411
40.776126,66,338.427876
107.547998,144,347.396711
99.407596,141,356.051565
45.375785,83,361.432558
106.604395,140,369.990985
66.445767,94,376.432787
72.874081,106,383.09754
347.778868,393,405.83645
73.424285,111,412.806956
109.831602,150,422.343629
50.09583,85,427.848444
42.621678,87,433.472722
104.71573,135,441.767136
120.30647,149,451.297539
110.125335,141,459.900226
186.666163,237,473.877203
74.422612,104,480.41822
108.297023,128,488.6084
77.271205,97,494.813561
102.953385,134,503.004281
235.793746,287,519.865282
48.646392,72,525.148587
113.677557,133,533.283412
55.569406,94,539.267154
51.146164,89,544.987499
38.542077,61,549.687166
102.168636,142,558.378131
35.959224,69,562.994769
180.347533,207,575.377974
48.370991,72,580.430519
50.525297,79,585.596316
39.004617,70,590.268191
35.002501,64,594.600397
42.251569,69,599.534518
36.593333,59,603.636848
34.290924,65,608.031895
37.943013,57,612.051275
38.694193,59,616.505362
25.282149,59,620.560155
24.88371,61,624.732595
37.181049,67,629.236812
35.360298,63,633.894567
40.544963,66,638.352816
41.944104,62,642.573867
36.785624,68,647.222568
35.865471,67,651.998907
35.562768,63,656.32259
115.121797,157,665.944521
41.305525,65,670.331883
36.97846,69,675.266505
43.039603,74,680.14623
70.529804,112,687.136383
78.08969,104,693.834353
400.16589,464,720.580918
272.056754,291,737.618747
213.595037,229,751.126153
48.818464,79,756.449183
76.193139,104,763.014558
79.351864,105,769.658333
116.180296,150,778.78511
126.935297,141,787.352299
116.015569,139,795.854255
55.656396,77,800.943279
114.881213,141,809.544302
107.35251,133,817.81102
104.58507,145,826.716488
59.651165,82,832.04889
261.39354,292,849.110712
73.496643,106,855.75328
58.192934,83,861.133269
51.889422,78,866.194334
86.786026,120,873.729302
418.356418,440,898.959906
42.92981,71,903.652272
38.622568,66,908.09419
83.898814,115,915.333408
48.43581,79,920.476597
113.966184,149,929.535333
34.837489,64,933.924539
107.544275,136,942.342665
80.410922,119,949.853763
49.281577,78,954.948951
76.22178,107,961.641381
113.001979,168,971.839217
109.683765,132,979.979386
234.388355,255,995.028907
179.770579,231,1008.64132
50.989953,77,1013.785754
113.290262,145,1022.601058
147.578587,185,1033.722941
77.552973,106,1040.426647
116.881044,146,1049.340315
37.590864,65,1053.726389
34.818713,72,1058.607603
242.6098,292,1075.607296
267.334883,339,1095.270106
230.582684,278,1111.531504
70.842493,102,1118.089283
80.350931,111,1125.037722
121.204545,176,1135.633434
478.678102,574,1168.401299
59.639553,96,1174.545083
449.561274,525,1204.526268
114.508031,142,1213.218187
389.851535,429,1237.951596
77.067675,109,1244.815029
125.140721,152,1254.220367
66.000423,105,1260.808448
407.614466,465,1287.515207
704.720465,755,1330.514242
274.971389,317,1348.897065
51.380908,75,1354.179871
262.267906,310,1372.171651
515.386085,570,1404.698345
263.643869,297,1422.026353
225.324506,257,1437.206263
126.02545,150,1446.358419
227.970218,264,1461.898151
831.718135,907,1513.195505
566.180728,602,1547.940277
356.618463,400,1570.894634
214.388788,251,1585.686136
76.626729,105,1592.350441
214.22516,245,1606.822305
79.233321,105,1613.440428
49.699034,78,1618.659193
69.891014,99,1624.926686
364.047582,421,1649.008485
121.37796,146,1657.982803
118.316961,134,1666.277525
357.153961,402,1689.538231
913.614108,1001,1746.009703
823.328221,886,1796.098586
200.298865,255,1811.14284
115.856763,146,1819.985673
494.179223,542,1851.076468
122.052237,148,1860.135402
339.878691,377,1881.966265
360.90289,399,1904.94986
615.548213,711,1945.487829
813.07189,924,1997.542351
184.527533,216,2010.495543
176.127094,220,2023.44834
1880.624716,2063,2138.997325
49.017246,81,2144.260353
55.63978,83,2149.627381
1606.046284,1768,2248.821552
338.310335,389,2271.199146
342.193901,368,2292.504383
336.887975,387,2314.828315
655.139737,713,2355.324478
260.883268,289,2372.331246
1202.939514,1247,2442.969622
781.5863,817,2489.477546
75.018489,103,2495.946351
66.802917,91,2501.832806
78.820125,101,2508.213323
2.117309,25,2510.468973
631.607723,670,2548.570303
341.438974,372,2569.999272
341.87547,368,2591.192093
1264.738328,1318,2665.703339
128.692708,159,2675.267908
191.394966,227,2688.77033
124.071843,143,2697.530497
1790.201494,1895,2804.005346
47.82122,75,2808.943105
401.660708,438,2834.23011
49.386288,78,2839.436116
59.10894,83,2844.856347
52.42588,78,2849.951574
505.11917,553,2881.481235
756.936919,814,2928.017341
261.079606,283,2944.447618
411.911364,438,2969.590318
79.847888,102,2976.038406
86.537501,106,2982.808157
414.221284,439,3008.129622
693.857675,725,3049.084337
70.690547,108,3055.880418
567.305265,608,3090.296882
117.488756,162,3100.078563
331.071537,385,3122.248296
75.872769,113,3129.336587
276.976182,338,3148.9889
47.529322,93,3155.144701
119.304347,142,3163.892471
391.565386,443,3189.187702
256.459714,292,3206.117621
72.658531,104,3212.655672
1328.365547,1459,3294.81534
1039.869712,1128,3358.492709
349.528119,380,3380.483681
679.699102,755,3423.40175
113.620536,149,3432.522953
886.719212,970,3487.416292
321.274993,370,3508.893357
258.593522,301,3526.448524
394.911424,440,3551.820247
1028.625616,1089,3613.532001
683.103236,760,3656.506959
1860.672736,2007,3769.243365
493.038142,541,3800.278682
121.891374,146,3809.184369
1107.241071,1183,3876.011492
608.4873,685,3914.869878
115.59685,143,3923.652063
318.148796,386,3945.872317
607.311375,677,3984.459405
49.617428,79,3989.728498
638.899667,701,4029.469124
1837.305963,1997,4142.03211
51.035138,75,4147.024021
872.14946,964,4201.646872
2058.05931,2289,4330.032289
59.228083,81,4335.41035
210.785662,251,4350.418365
186.314806,228,4363.884432
477.453345,522,4393.795954
56.920288,78,4398.891307
48.66161,82,4404.271217
617.205561,673,4442.643365
1026.676533,1117,4505.834933
745.341044,816,4552.347293
57.075685,88,4557.998924
189.777561,234,4571.859851
49.892408,74,4576.733262
237.553851,270,4592.558245
352.589183,399,4615.623485
888.157785,959,4670.036238
1022.861425,1132,4734.012032
259.092878,303,4751.78133
190.833185,234,4765.649415
331.147741,370,4787.176034
490.424352,547,4818.501335
123.9609,151,4827.665482
1494.329717,1647,4919.905557
7.503514,32,4922.473854
974.279092,1076,4983.147957
234.278558,275,4999.161195
75.689539,106,5005.847364
1054.803576,1157,5071.449534
1580.630092,1725,5168.122371
1160.607213,1256,5238.894542
3586.035687,3885,5455.743502
2583.66614,2780,5611.488297
1745.914331,1874,5716.901852
1241.06571,1353,5792.868741
554.919128,618,5827.980035
213.750898,250,5842.881427
1891.895935,2031,5956.659678
74.751638,99,5962.964297
113.375214,150,5972.132337
1611.226586,1726,6069.217473
330.511518,388,6091.650449
1370.37815,1497,6175.684575
2304.330739,2463,6313.612874
1025.897879,1109,6376.51541
1898.681907,2015,6490.098349
2432.825654,2642,6638.043477
3354.644506,3556,6837.720566
4130.829709,4400,7084.691902
2976.405016,3186,7263.246328
2155.237641,2296,7392.539437
1621.457475,1704,7488.707748
598.024352,665,7526.870542
1439.160844,1537,7613.348536
2116.95091,2255,7739.510328
1505.629207,1609,7829.854404
4137.140815,4400,8075.914721
812.246804,885,8126.289909
4181.230046,4400,8372.663445
1219.825136,1320,8446.910688
2353.753196,2522,8588.302128
497.123857,559,8620.147428
1233.357783,1295,8693.513461
116.328469,144,8702.266445
778.806796,812,8748.620397
4166.688501,4400,8994.614697
200.684399,230,9008.191506
1026.79666,1087,9069.595628
54.391707,78,9074.760398
2785.582018,2933,9239.822275
800.746694,887,9289.814607
3912.038988,4126,9520.20992
930.073443,1033,9578.595381
2337.265354,2492,9718.423959
1506.546525,1623,9809.699007
123.893008,156,9819.202095
919.839784,961,9873.650365
329.310244,369,9894.981033
251.678019,295,9912.182588
55.851546,83,9917.624286
1588.538889,1712,10013.729841
114.027017,143,10022.582041
207.510556,244,10036.954377
57.173731,84,10042.389475
3953.275442,4198,10277.152767
4199.923436,4400,10523.573943
4134.27502,4400,10770.317548
77.124983,105,10776.959829
53.480123,83,10782.395458
1315.481265,1392,10861.02776
2721.113941,2852,11020.73803
2021.039154,2124,11139.881392
1628.52695,1714,11236.235367
1622.208874,1685,11330.973311
399.380325,446,11356.486411
1798.937405,1911,11463.937928
479.158538,506,11493.00902
1806.836302,1931,11601.264035
187.763253,219,11614.298854
2285.056131,2430,11750.385012
261.118642,306,11768.148973
988.399311,1057,11827.825232
1108.389618,1178,11894.219636
414.16917,448,11919.884704
65.178093,99,11926.1521
611.86276,662,11963.835336
1103.19643,1178,12030.453727
2423.81002,2566,12174.316251
4238.532679,4400,12421.109233
2915.164221,3032,12591.660408
228.085858,249,12606.719225
75.42238,99,12612.969614
2327.569108,2435,12749.119454
895.780569,961,12803.396203
1337.727197,1385,12881.216351
1456.942346,1534,12967.262616
219.623215,249,12981.909045
1179.561199,1272,13053.385794
180.577834,203,13066.200296
4278.249629,4400,13312.942383
3010.327476,3141,13488.749502
3339.130449,3428,13680.681288
752.915358,765,13726.529382
39.144452,67,13731.193148
3863.132011,4012,13957.549643
220.515184,246,13971.9815
1917.246893,1990,14083.31621
466.456619,502,14112.067356
195.969822,221,14125.082381
3863.672902,3997,14352.319335
273.333253,294,14369.798796
312.576197,366,14391.032525
2763.09244,2876,14552.477368
4190.303827,4400,14798.380152
660.702364,696,14838.08482
2957.794121,3087,15011.171951
1047.317076,1095,15072.874014
1900.755481,2004,15185.582787
1045.539794,1101,15247.869179
685.141956,725,15289.135448
608.1878,650,15326.216956
751.298061,813,15372.497498
1186.858022,1254,15443.246625
453.996717,508,15472.383871
3142.96846,3294,15656.770227
1743.915472,1848,15761.081456
2851.309044,3021,15930.556936
752.913349,842,15978.495433
468.289302,511,16007.961349
838.237225,899,16058.797977
3035.636793,3173,16236.870632
355.197277,393,16260.1607
1470.806133,1513,16347.526491
343.638172,379,16369.378296
4178.698042,4400,16615.988421
2949.877632,3110,16790.428079
1298.080392,1417,16870.177501
2230.916068,2311,17003.745797
264.501925,286,17020.663249
