# x_m,y_m,w_tr_right_m,w_tr_left_m,s_m,kappa_radpm
0.8006,-5.4817,0.6700,0.6700,0.0000,0.0781
0.7960,-5.3818,0.6800,0.6600,0.1000,0.0808
0.7906,-5.2819,0.6800,0.6600,0.2000,0.0815
0.7844,-5.1821,0.6900,0.6500,0.3000,0.0802
0.7773,-5.0824,0.7000,0.6400,0.4000,0.0765
0.7695,-4.9827,0.7100,0.6400,0.5000,0.0705
0.7610,-4.8830,0.7200,0.6300,0.6000,0.0619
0.7519,-4.7834,0.7300,0.6200,0.7000,0.0510
0.7423,-4.6839,0.7400,0.6100,0.8000,0.0379
0.7323,-4.5844,0.7500,0.6000,0.9000,0.0227
0.7220,-4.4849,0.7600,0.5900,1.0000,0.0058
0.7118,-4.3855,0.7700,0.5800,1.1000,-0.0124
0.7016,-4.2860,0.7800,0.5700,1.2000,-0.0314
0.6917,-4.1865,0.7900,0.5600,1.3000,-0.0507
0.6824,-4.0869,0.8000,0.5500,1.4000,-0.0697
0.6738,-3.9873,0.8000,0.5400,1.5000,-0.0879
0.6660,-3.8876,0.8100,0.5300,1.6000,-0.1047
0.6592,-3.7878,0.8200,0.5300,1.7000,-0.1195
0.6537,-3.6880,0.8200,0.5200,1.8000,-0.1319
0.6495,-3.5881,0.8300,0.5200,1.9000,-0.1415
0.6467,-3.4881,0.8300,0.5100,2.0000,-0.1479
0.6453,-3.3881,0.8300,0.5100,2.1000,-0.1510
0.6455,-3.2881,0.8300,0.5100,2.2000,-0.1506
0.6472,-3.1881,0.8300,0.5100,2.3000,-0.1467
0.6504,-3.0882,0.8200,0.5200,2.4000,-0.1395
0.6549,-2.9883,0.8200,0.5200,2.5000,-0.1292
0.6607,-2.8885,0.8200,0.5300,2.6000,-0.1162
0.6677,-2.7887,0.8100,0.5300,2.7000,-0.1009
0.6757,-2.6890,0.8000,0.5400,2.8000,-0.0838
0.6846,-2.5894,0.7900,0.5500,2.9000,-0.0653
0.6941,-2.4899,0.7800,0.5600,3.0000,-0.0462
0.7040,-2.3904,0.7700,0.5700,3.1000,-0.0269
0.7142,-2.2909,0.7600,0.5800,3.2000,-0.0081
0.7245,-2.1914,0.7500,0.5900,3.3000,0.0098
0.7347,-2.0919,0.7400,0.6000,3.4000,0.0263
0.7447,-1.9924,0.7300,0.6100,3.5000,0.0410
0.7542,-1.8929,0.7200,0.6200,3.6000,0.0536
0.7632,-1.7933,0.7100,0.6300,3.7000,0.0638
0.7716,-1.6936,0.7000,0.6400,3.8000,0.0717
0.7792,-1.5939,0.7000,0.6500,3.9000,0.0770
0.7861,-1.4942,0.6900,0.6500,4.0000,0.0800
0.7922,-1.3944,0.6800,0.6600,4.1000,0.0806
0.7974,-1.2945,0.6800,0.6600,4.2000,0.0792
0.8019,-1.1946,0.6700,0.6700,4.3000,0.0760
0.8057,-1.0947,0.6700,0.6700,4.4000,0.0712
0.8087,-0.9947,0.6700,0.6700,4.5000,0.0651
0.8110,-0.8947,0.6600,0.6800,4.6000,0.0582
0.8128,-0.7948,0.6600,0.6800,4.7000,0.0507
0.8141,-0.6948,0.6600,0.6800,4.8000,0.0428
0.8149,-0.5948,0.6600,0.6800,4.9000,0.0349
0.8154,-0.4948,0.6600,0.6800,5.0000,0.0273
0.8157,-0.3948,0.6600,0.6800,5.1000,0.0200
0.8157,-0.2948,0.6600,0.6800,5.2000,0.0133
0.8156,-0.1948,0.6600,0.6800,5.3000,0.0072
0.8154,-0.0948,0.6600,0.6800,5.4000,0.0019
0.8152,0.0052,0.6600,0.6800,5.5000,-0.0027
0.8150,0.1052,0.6600,0.6800,5.6000,-0.0066
0.8149,0.2052,0.6600,0.6800,5.7000,-0.0097
0.8149,0.3052,0.6600,0.6800,5.8000,-0.0121
0.8150,0.4052,0.6600,0.6800,5.9000,-0.0138
0.8153,0.5052,0.6600,0.6800,6.0000,-0.0150
0.8157,0.6052,0.6600,0.6800,6.1000,-0.0155
0.8162,0.7052,0.6600,0.6800,6.2000,-0.0153
0.8169,0.8052,0.6600,0.6800,6.3000,-0.0146
0.8178,0.9052,0.6600,0.6600,6.4000,-0.0132
0.8188,1.0052,0.6600,0.6600,6.5000,-0.0109
0.8198,1.1052,0.6500,0.6600,6.6000,-0.0078
0.8210,1.2052,0.6800,0.6600,6.7000,-0.0037
0.8222,1.3052,0.6800,0.6600,6.8000,0.0015
0.8234,1.4052,0.6800,0.6600,6.9000,0.0081
0.8245,1.5052,0.6700,0.6700,7.0000,0.0160
0.8255,1.6052,0.6700,0.6700,7.1000,0.0256
0.8262,1.7052,0.6700,0.6700,7.2000,0.0368
0.8265,1.8052,0.6700,0.6900,7.3000,0.0496
0.8263,1.9052,0.6700,0.6900,7.4000,0.0641
0.8255,2.0052,0.6700,0.6900,7.5000,0.0800
0.8239,2.1052,0.6800,0.6900,7.6000,0.0972
0.8214,2.2051,0.6800,0.6900,7.7000,0.1154
0.8176,2.3051,0.6800,0.6800,7.8000,0.1341
0.8125,2.4049,0.6900,0.6800,7.9000,0.1528
0.8060,2.5047,0.7000,0.6700,8.0000,0.1709
0.7977,2.6044,0.7000,0.6700,8.1000,0.1877
0.7875,2.7038,0.7200,0.6600,8.2000,0.2025
0.7753,2.8031,0.7300,0.6500,8.3000,0.2146
0.7610,2.9021,0.7500,0.6300,8.4000,0.2232
0.7445,3.0007,0.7700,0.6200,8.5000,0.2277
0.7257,3.0989,0.7900,0.6000,8.6000,0.2270
0.7047,3.1967,0.8100,0.5900,8.7000,0.2214
0.6816,3.2940,0.8400,0.5600,8.8000,0.2099
0.6564,3.3907,0.8700,0.5400,8.9000,0.1891
0.6294,3.4870,0.9100,0.5200,9.0000,0.1665
0.6008,3.5828,2.3300,0.4900,9.1000,0.1311
0.5710,3.6783,2.3100,0.4600,9.2000,0.0793
0.5404,3.7735,2.3000,0.4300,9.3000,0.0569
0.5092,3.8685,2.2800,0.3900,9.4000,-0.0409
0.4785,3.9637,2.2600,0.3600,9.5000,-0.1067
0.4487,4.0591,2.2500,0.3300,9.6000,-0.1691
0.4206,4.1551,2.2400,0.3000,9.7000,-0.2247
0.3946,4.2517,2.2200,0.2700,9.8000,-0.2569
0.3712,4.3489,2.2300,0.2400,9.9000,-0.2955
0.3506,4.4467,2.2100,0.2200,10.0000,-0.3308
0.3332,4.5452,2.2200,0.2000,10.1000,-0.3525
0.3194,4.6442,2.2200,0.1900,10.2000,-0.4901
0.3104,4.7438,2.2200,0.1800,10.3000,-0.5552
0.3069,4.8437,2.2400,0.1700,10.4000,-0.6932
0.3104,4.9436,2.2700,0.1800,10.5000,-0.8992
0.3228,5.0428,2.3700,0.1900,10.6000,-1.1611
0.3465,5.1399,2.5500,0.2200,10.7000,-1.4714
0.3841,5.2324,2.9700,0.2800,10.8000,-1.7493
0.4372,5.3170,3.0000,0.3400,10.9000,-1.9305
0.5053,5.3899,3.0000,0.3400,11.0000,-1.9570
0.5862,5.4484,3.0000,0.2600,11.1000,-1.7301
0.6759,5.4922,2.2200,0.2200,11.2000,-1.4645
0.7711,5.5225,2.9700,0.1800,11.3000,-1.1936
0.8693,5.5413,3.0000,0.1600,11.4000,-0.9735
0.9688,5.5506,3.0000,0.1400,11.5000,-0.8369
1.0687,5.5515,3.0000,0.1400,11.6000,-0.7672
1.1685,5.5447,3.0000,0.1500,11.7000,-0.7528
1.2674,5.5305,3.0000,0.1700,11.8000,-0.7555
1.3650,5.5088,3.0000,0.1900,11.9000,-0.7253
1.4608,5.4802,3.0000,0.2300,12.0000,-0.7353
1.5542,5.4446,3.0000,0.2500,12.1000,-0.7402
1.6448,5.4022,3.0000,0.3000,12.2000,-0.7491
1.7319,5.3532,3.0000,0.3700,12.3000,-0.7609
1.8150,5.2976,2.8700,0.4300,12.4000,-0.7662
1.8936,5.2359,2.7200,0.4400,12.5000,-0.7661
1.9673,5.1684,2.6100,0.3900,12.6000,-0.7576
2.0357,5.0955,2.5200,0.3500,12.7000,-0.7399
2.0986,5.0177,2.4600,0.3100,12.8000,-0.7134
2.1557,4.9357,2.4100,0.3000,12.9000,-0.6777
2.2071,4.8500,2.3700,0.3000,13.0000,-0.6333
2.2531,4.7611,2.3500,0.3000,13.1000,-0.5807
2.2938,4.6698,2.3400,0.3000,13.2000,-0.5208
2.3297,4.5765,2.3300,0.3100,13.3000,-0.4547
2.3613,4.4816,2.3300,0.3300,13.4000,-0.3839
2.3893,4.3856,2.3400,0.3500,13.5000,-0.3101
2.4142,4.2888,2.3500,0.3700,13.6000,-0.2349
2.4369,4.1914,2.3600,0.4000,13.7000,-0.1601
2.4580,4.0937,2.3800,0.4300,13.8000,-0.0871
2.4783,3.9958,0.9600,0.4600,13.9000,-0.0175
2.4984,3.8978,0.9300,0.4900,14.0000,0.0473
2.5190,3.7999,0.9100,0.4900,14.1000,0.1063
2.5406,3.7023,0.8800,0.5200,14.2000,0.1588
2.5638,3.6050,0.8400,0.5500,14.3000,0.2041
2.5889,3.5082,0.8100,0.5600,14.4000,0.2422
2.6164,3.4121,0.7900,0.5600,14.5000,0.2731
2.6465,3.3167,0.7800,0.5800,14.6000,0.2971
2.6794,3.2223,0.7700,0.5800,14.7000,0.3148
2.7152,3.1290,0.7600,0.6000,14.8000,0.3269
2.7541,3.0368,0.7600,0.6000,14.9000,0.3342
2.7961,2.9461,0.7400,0.6100,15.0000,0.3375
2.8411,2.8568,0.7400,0.6000,15.1000,0.3377
2.8890,2.7690,0.7500,0.6100,15.2000,0.3356
2.9399,2.6830,0.7700,0.6000,15.3000,0.3321
2.9936,2.5986,0.7600,0.6100,15.4000,0.3278
3.0501,2.5161,0.7600,0.6200,15.5000,0.3234
3.1092,2.4354,0.7200,0.6400,15.6000,0.3192
3.1708,2.3567,0.7200,0.6500,15.7000,0.3157
3.2349,2.2799,0.7000,0.6500,15.8000,0.3128
3.3014,2.2052,0.7000,0.6500,15.9000,0.3107
3.3701,2.1326,0.6900,0.6600,16.0000,0.3090
3.4411,2.0621,0.7000,0.6600,16.1000,0.3076
3.5142,1.9939,0.7200,0.6500,16.2000,0.3058
3.5893,1.9279,0.7200,0.6500,16.3000,0.3031
3.6664,1.8643,0.7300,0.6200,16.4000,0.2986
3.7454,1.8029,0.7500,0.6200,16.5000,0.2915
3.8261,1.7439,0.7700,0.6100,16.6000,0.2810
3.9085,1.6872,0.7900,0.5800,16.7000,0.2656
3.9923,1.6327,0.8100,0.5800,16.8000,0.2449
4.0774,1.5802,0.8500,0.5400,16.9000,0.2169
4.1637,1.5296,0.8700,0.5300,17.0000,0.1881
4.2509,1.4807,0.9200,0.5000,17.1000,0.1502
4.3388,1.4330,0.9400,0.4700,17.2000,0.1025
4.4272,1.3863,0.9700,0.4300,17.3000,0.0772
4.5160,1.3402,1.0000,0.4000,17.4000,-0.0074
4.6047,1.2941,1.0300,0.3700,17.5000,-0.0699
4.6931,1.2474,1.0800,0.3400,17.6000,-0.1522
4.7808,1.1993,3.0000,0.3100,17.7000,-0.1519
4.8677,1.1499,3.0000,0.2800,17.8000,-0.2534
4.9534,1.0983,3.0000,0.2600,17.9000,-0.3646
5.0371,1.0436,3.0000,0.2400,18.0000,-0.3440
5.0917,1.0056,3.0000,0.2300,18.1000,-0.5590
5.1708,0.9446,3.0000,0.2100,18.2000,-0.5131
5.2468,0.8795,3.0000,0.1900,18.3000,-0.5179
5.3193,0.8107,3.0000,0.1900,18.4000,-0.6189
5.3873,0.7375,3.0000,0.2000,18.5000,-0.5837
5.4510,0.6604,3.0000,0.2200,18.6000,-1.1751
5.5053,0.5765,2.7600,0.2500,18.7000,-1.1453
5.5496,0.4870,2.0600,0.3000,18.8000,-1.7389
5.5778,0.3912,1.6200,0.3000,18.9000,-1.9737
5.5869,0.2918,1.4000,0.2900,19.0000,-1.9603
5.5767,0.1925,1.6200,0.3000,19.1000,-1.8321
5.5487,0.0967,1.9700,0.3000,19.2000,-1.5735
5.5061,0.0063,2.5300,0.2500,19.3000,-1.1089
5.4537,-0.0789,3.0000,0.2100,19.4000,-1.1721
5.3918,-0.1574,3.0000,0.2100,19.5000,-0.6064
5.3252,-0.2319,3.0000,0.2000,19.6000,-0.8304
5.2527,-0.3008,3.0000,0.2000,19.7000,-0.6092
5.1761,-0.3651,3.0000,0.2000,19.8000,-0.4896
5.0965,-0.4255,3.0000,0.2200,19.9000,-0.4336
5.0143,-0.4825,3.0000,0.2500,20.0000,-0.3916
4.9299,-0.5362,3.0000,0.2700,20.1000,-0.3583
4.8437,-0.5868,3.0000,0.3000,20.2000,-0.3209
4.7559,-0.6347,3.0000,0.3100,20.3000,-0.2643
4.6669,-0.6802,1.0900,0.3500,20.4000,-0.1907
4.5770,-0.7240,1.0500,0.3800,20.5000,-0.1046
4.4867,-0.7669,1.0100,0.4200,20.6000,-0.0143
4.3963,-0.8097,0.9800,0.4600,20.7000,0.0707
4.3062,-0.8530,0.9500,0.4900,20.8000,0.1412
4.2167,-0.8977,0.9000,0.5200,20.9000,0.1971
4.1281,-0.9441,0.8700,0.5400,21.0000,0.2390
4.0407,-0.9926,0.8200,0.5800,21.1000,0.2702
3.9546,-1.0435,0.8100,0.5900,21.2000,0.2943
3.8700,-1.0968,0.7700,0.6100,21.3000,0.3132
3.7871,-1.1528,0.7500,0.6300,21.4000,0.3284
3.7062,-1.2115,0.7300,0.6400,21.5000,0.3397
3.6272,-1.2729,0.7100,0.6400,21.6000,0.3471
3.5505,-1.3370,0.7100,0.6500,21.7000,0.3519
3.4760,-1.4037,0.6900,0.6600,21.8000,0.3541
3.4040,-1.4730,0.7000,0.6700,21.9000,0.3545
3.3344,-1.5449,0.6900,0.6600,22.0000,0.3539
3.2675,-1.6192,0.7100,0.6500,22.1000,0.3526
3.2032,-1.6957,0.7000,0.6400,22.2000,0.3511
3.1416,-1.7745,0.7300,0.6400,22.3000,0.3496
3.0828,-1.8554,0.7500,0.6300,22.4000,0.3482
3.0269,-1.9383,0.7700,0.6100,22.5000,0.3470
2.9739,-2.0231,0.7700,0.5800,22.6000,0.3458
2.9238,-2.1097,0.7600,0.5900,22.7000,0.3444
2.8768,-2.1979,0.7800,0.5900,22.8000,0.3428
2.8327,-2.2877,0.7900,0.5700,22.9000,0.3405
2.7918,-2.3789,0.8000,0.5600,23.0000,0.3372
2.7540,-2.4715,0.8100,0.5600,23.1000,0.3327
2.7193,-2.5653,0.8300,0.5400,23.2000,0.3267
2.6876,-2.6601,0.8700,0.5400,23.3000,0.3189
2.6590,-2.7559,0.8600,0.5600,23.4000,0.3092
2.6334,-2.8526,0.8200,0.5800,23.5000,0.2976
2.6107,-2.9500,0.7900,0.6000,23.6000,0.2842
2.5907,-3.0479,0.7700,0.6200,23.7000,0.2689
2.5734,-3.1464,0.7500,0.6300,23.8000,0.2520
2.5585,-3.2453,0.7300,0.6500,23.9000,0.2337
2.5460,-3.3445,0.7200,0.6600,24.0000,0.2143
2.5356,-3.4440,0.7000,0.6700,24.1000,0.1942
2.5272,-3.5436,0.6900,0.6700,24.2000,0.1738
2.5204,-3.6434,0.6900,0.6800,24.3000,0.1533
2.5152,-3.7433,0.6800,0.6800,24.4000,0.1331
2.5113,-3.8432,0.6800,0.6900,24.5000,0.1136
2.5086,-3.9432,0.6700,0.6900,24.6000,0.0951
2.5068,-4.0431,0.6700,0.6900,24.7000,0.0778
2.5058,-4.1431,0.6700,0.6900,24.8000,0.0619
2.5054,-4.2431,0.6700,0.6900,24.9000,0.0476
2.5055,-4.3431,0.6700,0.6900,25.0000,0.0349
2.5060,-4.4431,0.6700,0.6900,25.1000,0.0239
2.5066,-4.5431,0.6700,0.6900,25.2000,0.0145
2.5075,-4.6431,0.6700,0.6900,25.3000,0.0066
2.5084,-4.7431,0.6700,0.6900,25.4000,0.0002
2.5093,-4.8431,0.6800,0.6900,25.5000,-0.0048
2.5101,-4.9431,0.6800,0.6900,25.6000,-0.0088
2.5108,-5.0431,0.6800,0.6900,25.7000,-0.0117
2.5115,-5.1431,0.6800,0.6900,25.8000,-0.0138
2.5120,-5.2431,0.6800,0.6900,25.9000,-0.0152
2.5123,-5.3431,0.6800,0.6600,26.0000,-0.0160
2.5125,-5.4431,0.6800,0.6600,26.1000,-0.0163
2.5126,-5.5431,0.6800,0.6600,26.2000,-0.0162
2.5124,-5.6431,0.6800,0.6600,26.3000,-0.0157
2.5121,-5.7431,0.6800,0.6900,26.4000,-0.0148
2.5117,-5.8431,0.6800,0.6900,26.5000,-0.0133
2.5111,-5.9431,0.6800,0.6900,26.6000,-0.0113
2.5104,-6.0431,0.6800,0.6900,26.7000,-0.0085
2.5096,-6.1431,0.6800,0.6900,26.8000,-0.0050
2.5088,-6.2431,0.6700,0.6900,26.9000,-0.0004
2.5080,-6.3431,0.6700,0.6900,27.0000,0.0054
2.5072,-6.4431,0.6700,0.6900,27.1000,0.0124
2.5066,-6.5431,0.6700,0.6900,27.2000,0.0208
2.5061,-6.6431,0.6700,0.6900,27.3000,0.0308
2.5060,-6.7431,0.6700,0.6900,27.4000,0.0423
2.5063,-6.8431,0.6700,0.6900,27.5000,0.0554
2.5071,-6.9431,0.6700,0.6900,27.6000,0.0700
2.5087,-7.0431,0.6700,0.6900,27.7000,0.0860
2.5111,-7.1430,0.6800,0.6900,27.8000,0.1033
2.5145,-7.2430,0.6800,0.6900,27.9000,0.1216
2.5192,-7.3429,0.6900,0.6800,28.0000,0.1408
2.5252,-7.4427,0.6900,0.6800,28.1000,0.1606
2.5329,-7.5424,0.7000,0.6700,28.2000,0.1805
2.5423,-7.6419,0.7100,0.6600,28.3000,0.2004
2.5538,-7.7413,0.7300,0.6500,28.4000,0.2198
2.5674,-7.8403,0.7400,0.6400,28.5000,0.2385
2.5834,-7.9391,0.7600,0.6300,28.6000,0.2561
2.6019,-8.0373,0.7800,0.6100,28.7000,0.2724
2.6231,-8.1351,0.8100,0.5900,28.8000,0.2871
2.6471,-8.2321,0.8400,0.5700,28.9000,0.3003
2.6740,-8.3284,0.8800,0.5500,29.0000,0.3117
2.7038,-8.4239,0.8600,0.5500,29.1000,0.3214
2.7367,-8.5183,0.8300,0.5500,29.2000,0.3294
2.7727,-8.6116,0.8000,0.5700,29.3000,0.3359
2.8119,-8.7036,0.7800,0.5600,29.4000,0.3412
2.8541,-8.7943,0.7700,0.5800,29.5000,0.3453
2.8994,-8.8834,0.7800,0.5900,29.6000,0.3487
2.9479,-8.9709,0.7700,0.5800,29.7000,0.3514
2.9993,-9.0566,0.7800,0.5900,29.8000,0.3536
3.0538,-9.1405,0.7700,0.6000,29.9000,0.3555
3.1112,-9.2224,0.7500,0.6300,30.0000,0.3572
3.1715,-9.3021,0.7200,0.6400,30.1000,0.3585
3.2346,-9.3797,0.7200,0.6400,30.2000,0.3592
3.3004,-9.4549,0.7000,0.6400,30.3000,0.3593
3.3689,-9.5278,0.7100,0.6400,30.4000,0.3584
3.4400,-9.5981,0.7000,0.6500,30.5000,0.3563
3.5136,-9.6659,0.7100,0.6500,30.6000,0.3529
3.5894,-9.7310,0.7200,0.6500,30.7000,0.3478
3.6675,-9.7934,0.7300,0.6300,30.8000,0.3409
3.7477,-9.8532,0.7500,0.6100,30.9000,0.3317
3.8298,-9.9102,0.7700,0.6100,31.0000,0.3192
3.9137,-9.9646,0.8000,0.5900,31.1000,0.3017
3.9992,-10.0165,0.8200,0.5900,31.2000,0.2771
4.0861,-10.0660,0.8400,0.5500,31.3000,0.2429
4.1742,-10.1133,0.8800,0.5400,31.4000,0.1971
4.2632,-10.1589,0.9100,0.5100,31.5000,0.1379
4.3528,-10.2033,0.9600,0.4700,31.6000,0.0625
4.4427,-10.2471,1.0000,0.4400,31.7000,0.0213
4.5327,-10.2907,1.0300,0.4000,31.8000,-0.0888
4.6223,-10.3351,1.0500,0.3700,31.9000,-0.1617
4.7112,-10.3809,3.0000,0.3400,32.0000,-0.2248
4.7990,-10.4288,3.0000,0.3100,32.1000,-0.2778
4.8855,-10.4790,3.0000,0.2700,32.2000,-0.3226
4.9702,-10.5320,3.0000,0.2400,32.3000,-0.3672
5.0530,-10.5881,3.0000,0.2300,32.4000,-0.4560
5.1332,-10.6479,3.0000,0.2100,32.5000,-0.4678
5.2104,-10.7114,3.0000,0.2100,32.6000,-0.5893
5.2838,-10.7793,3.0000,0.2000,32.7000,-0.7594
5.3518,-10.8526,3.0000,0.2000,32.8000,-0.5247
5.4159,-10.9293,3.0000,0.2100,32.9000,-1.0485
5.4716,-11.0123,2.5900,0.2400,33.0000,-1.2731
5.5163,-11.1016,1.9500,0.2800,33.1000,-1.5217
5.5471,-11.1967,1.6000,0.3100,33.2000,-1.7727
5.5608,-11.2956,1.4000,0.2900,33.3000,-1.8205
5.5565,-11.3954,1.5100,0.3000,33.4000,-1.7904
5.5346,-11.4928,1.7800,0.3300,33.5000,-1.6112
5.4974,-11.5856,2.1700,0.2600,33.6000,-1.1637
5.4497,-11.6734,2.9100,0.2300,33.7000,-1.2379
5.3916,-11.7547,3.0000,0.2000,33.8000,-0.9011
5.3264,-11.8305,3.0000,0.2000,33.9000,-0.7048
5.2561,-11.9016,3.0000,0.2000,34.0000,-0.5808
5.1817,-11.9684,3.0000,0.2000,34.1000,-0.4689
5.1043,-12.0317,3.0000,0.2400,34.2000,-0.4322
5.0242,-12.0916,3.0000,0.2500,34.3000,-0.4065
4.9417,-12.1481,3.0000,0.2700,34.4000,-0.3748
4.8572,-12.2016,3.0000,0.2900,34.5000,-0.3294
4.7710,-12.2522,3.0000,0.3100,34.6000,-0.2689
4.6834,-12.3005,1.0800,0.3500,34.7000,-0.1852
4.5950,-12.3472,1.0600,0.3900,34.8000,-0.1064
4.5061,-12.3929,1.0000,0.4200,34.9000,-0.0251
4.4170,-12.4384,0.9700,0.4600,35.0000,0.0478
4.3282,-12.4844,0.9400,0.4800,35.1000,0.1084
4.2399,-12.5312,0.9100,0.5000,35.2000,0.1582
4.1523,-12.5795,0.8600,0.5400,35.3000,0.1966
4.0657,-12.6295,0.8400,0.5600,35.4000,0.2272
3.9802,-12.6815,0.8000,0.5800,35.5000,0.2572
3.8962,-12.7356,0.7900,0.6000,35.6000,0.2773
3.8136,-12.7920,0.7500,0.6200,35.7000,0.2931
3.7328,-12.8508,0.7500,0.6200,35.8000,0.3036
3.6537,-12.9121,0.7100,0.6400,35.9000,0.3092
3.5766,-12.9758,0.7200,0.6500,36.0000,0.3117
3.5015,-13.0418,0.7000,0.6500,36.1000,0.3117
3.4285,-13.1102,0.7000,0.6400,36.2000,0.3105
3.3577,-13.1807,0.7000,0.6500,36.3000,0.3090
3.2891,-13.2535,0.7000,0.6600,36.4000,0.3081
3.2227,-13.3283,0.7100,0.6400,36.5000,0.3082
3.1587,-13.4051,0.7200,0.6300,36.6000,0.3096
3.0971,-13.4839,0.7400,0.6300,36.7000,0.3125
3.0380,-13.5645,0.7600,0.6200,36.8000,0.3168
2.9815,-13.6470,0.7800,0.5900,36.9000,0.3221
2.9276,-13.7313,0.7600,0.6000,37.0000,0.3280
2.8766,-13.8172,0.7400,0.6000,37.1000,0.3339
2.8284,-13.9049,0.7300,0.6200,37.2000,0.3389
2.7832,-13.9941,0.7300,0.6000,37.3000,0.3422
2.7412,-14.0848,0.7500,0.6100,37.4000,0.3429
2.7022,-14.1769,0.7500,0.5900,37.5000,0.3400
2.6664,-14.2703,0.7500,0.5900,37.6000,0.3325
2.6338,-14.3648,0.7600,0.5900,37.7000,0.3197
2.6041,-14.4603,0.8000,0.5700,37.8000,0.3005
2.5774,-14.5566,0.8200,0.5600,37.9000,0.2745
2.5533,-14.6537,0.8400,0.5400,38.0000,0.2409
2.5315,-14.7513,0.8700,0.5300,38.1000,0.1994
2.5117,-14.8493,0.9100,0.5000,38.2000,0.1497
2.4934,-14.9476,0.9500,0.4600,38.3000,0.0921
2.4759,-15.0461,0.9800,0.4500,38.4000,0.0266
2.4588,-15.1446,2.3600,0.4200,38.5000,-0.0460
2.4411,-15.2430,2.3500,0.3900,38.6000,-0.1248
2.4223,-15.3412,2.3300,0.3600,38.7000,-0.2084
2.4014,-15.4390,2.3300,0.3300,38.8000,-0.2951
2.3776,-15.5362,2.3200,0.3100,38.9000,-0.3830
2.3502,-15.6323,2.3200,0.2900,39.0000,-0.4698
2.3182,-15.7270,2.3300,0.2700,39.1000,-0.5528
2.2811,-15.8199,2.3400,0.2700,39.2000,-0.6295
2.2382,-15.9102,2.3700,0.2700,39.3000,-0.6973
2.1891,-15.9973,2.4100,0.2800,39.4000,-0.7539
2.1337,-16.0805,2.4700,0.2800,39.5000,-0.7974
2.0718,-16.1590,2.5500,0.3000,39.6000,-0.8262
2.0036,-16.2321,2.6600,0.3500,39.7000,-0.8401
1.9295,-16.2992,2.8100,0.3900,39.8000,-0.8393
1.8501,-16.3600,2.9900,0.3900,39.9000,-0.8246
1.7660,-16.4140,3.0000,0.3600,40.0000,-0.7992
1.6778,-16.4611,3.0000,0.2900,40.1000,-0.7665
1.5863,-16.5013,3.0000,0.2400,40.2000,-0.7293
1.4921,-16.5348,3.0000,0.1900,40.3000,-0.6996
1.3958,-16.5616,3.0000,0.1600,40.4000,-0.6745
1.2979,-16.5818,3.0000,0.1400,40.5000,-0.6599
1.1988,-16.5956,3.0000,0.1300,40.6000,-0.6920
1.0991,-16.6025,3.0000,0.1200,40.7000,-0.6939
0.9991,-16.6025,3.0000,0.1200,40.8000,-0.7669
0.8994,-16.5948,3.0000,0.1300,40.9000,-0.9695
0.8010,-16.5776,3.0000,0.1500,41.0000,-0.8304
0.7043,-16.5522,2.4100,0.1800,41.1000,-1.4188
0.6122,-16.5135,1.8600,0.2300,41.2000,-1.7174
0.5280,-16.4598,3.0000,0.3000,41.3000,-1.9508
0.4558,-16.3910,3.0000,0.3300,41.4000,-2.0393
0.3988,-16.3090,3.0000,0.3000,41.5000,-1.8481
0.3577,-16.2180,2.6000,0.2400,41.6000,-1.5843
0.3313,-16.1216,2.3700,0.2000,41.7000,-1.2457
0.3171,-16.0227,2.2700,0.1800,41.8000,-0.7275
0.3101,-15.9230,2.2400,0.1800,41.9000,-0.8568
0.3116,-15.8230,2.2100,0.1800,42.0000,-0.5939
0.3190,-15.7233,2.2200,0.1900,42.1000,-0.4906
0.3314,-15.6241,2.2200,0.2000,42.2000,-0.4268
0.3479,-15.5254,2.2100,0.2200,42.3000,-0.3033
0.3675,-15.4274,2.2100,0.2400,42.4000,-0.3009
0.3899,-15.3299,2.2200,0.2600,42.5000,-0.2627
0.4150,-15.2331,2.2400,0.2900,42.6000,-0.2243
0.4422,-15.1369,2.2500,0.3200,42.7000,-0.1831
0.4711,-15.0412,2.2500,0.3500,42.8000,-0.1167
0.5012,-14.9458,2.2500,0.3900,42.9000,-0.0511
0.5317,-14.8506,2.2800,0.4200,43.0000,0.0180
0.5621,-14.7553,2.2900,0.4500,43.1000,0.1052
0.5915,-14.6597,2.3100,0.4800,43.2000,0.1154
0.6198,-14.5638,0.8900,0.5100,43.3000,0.1623
0.6465,-14.4674,0.8600,0.5300,43.4000,0.1880
0.6714,-14.3706,0.8300,0.5500,43.5000,0.2059
0.6943,-14.2732,0.8000,0.5700,43.6000,0.2224
0.7150,-14.1754,0.7700,0.5900,43.7000,0.2283
0.7335,-14.0771,0.7500,0.6100,43.8000,0.2292
0.7497,-13.9785,0.7300,0.6200,43.9000,0.2244
0.7637,-13.8795,0.7200,0.6300,44.0000,0.2141
0.7756,-13.7802,0.7000,0.6500,44.1000,0.2004
0.7855,-13.6807,0.6900,0.6500,44.2000,0.1837
0.7936,-13.5810,0.6800,0.6600,44.3000,0.1651
0.8000,-13.4812,0.6800,0.6700,44.4000,0.1456
0.8050,-13.3813,0.6700,0.6700,44.5000,0.1258
0.8087,-13.2814,0.6700,0.6700,44.6000,0.1065
0.8113,-13.1814,0.6600,0.6800,44.7000,0.0880
0.8131,-13.0814,0.6600,0.6800,44.8000,0.0710
0.8142,-12.9815,0.6600,0.6800,44.9000,0.0556
0.8147,-12.8815,0.6600,0.6800,45.0000,0.0420
0.8147,-12.7815,0.6600,0.6800,45.1000,0.0304
0.8145,-12.6815,0.6600,0.6800,45.2000,0.0207
0.8141,-12.5815,0.6600,0.6800,45.3000,0.0128
0.8135,-12.4815,0.6600,0.6800,45.4000,0.0066
0.8129,-12.3815,0.6600,0.6800,45.5000,0.0019
0.8123,-12.2815,0.6600,0.6800,45.6000,-0.0016
0.8116,-12.1815,0.6600,0.6800,45.7000,-0.0040
0.8111,-12.0815,0.6600,0.6800,45.8000,-0.0056
0.8105,-11.9815,0.6600,0.6800,45.9000,-0.0065
0.8101,-11.8815,0.6600,0.6800,46.0000,-0.0069
0.8097,-11.7815,0.6600,0.6800,46.1000,-0.0069
0.8093,-11.6815,0.6600,0.6800,46.2000,-0.0066
0.8091,-11.5815,0.6700,0.6700,46.3000,-0.0062
0.8089,-11.4815,0.6700,0.6700,46.4000,-0.0057
0.8087,-11.3815,0.6700,0.6700,46.5000,-0.0050
0.8087,-11.2815,0.6700,0.6700,46.6000,-0.0044
0.8086,-11.1815,0.6700,0.6700,46.7000,-0.0038
0.8086,-11.0815,0.6700,0.6700,46.8000,-0.0032
0.8086,-10.9815,0.6700,0.6700,46.9000,-0.0026
0.8087,-10.8815,0.6700,0.6700,47.0000,-0.0020
0.8087,-10.7815,0.6700,0.6700,47.1000,-0.0015
0.8088,-10.6815,0.6700,0.6700,47.2000,-0.0010
0.8089,-10.5815,0.6700,0.6700,47.3000,-0.0005
0.8090,-10.4815,0.6700,0.6700,47.4000,-0.0001
0.8091,-10.3815,0.6700,0.6700,47.5000,0.0003
0.8092,-10.2815,0.6700,0.6700,47.6000,0.0006
0.8093,-10.1815,0.6600,0.6800,47.7000,0.0009
0.8094,-10.0815,0.6600,0.6800,47.8000,0.0011
0.8095,-9.9815,0.6600,0.6800,47.9000,0.0013
0.8095,-9.8815,0.6600,0.6800,48.0000,0.0015
0.8096,-9.7815,0.6600,0.6800,48.1000,0.0016
0.8096,-9.6815,0.6600,0.6800,48.2000,0.0017
0.8096,-9.5815,0.6600,0.6800,48.3000,0.0017
0.8096,-9.4815,0.6600,0.6800,48.4000,0.0017
0.8096,-9.3815,0.6600,0.6800,48.5000,0.0017
0.8095,-9.2815,0.6600,0.6800,48.6000,0.0016
0.8095,-9.1815,0.6600,0.6800,48.7000,0.0015
0.8094,-9.0815,0.6600,0.6800,48.8000,0.0014
0.8093,-8.9815,0.6600,0.6800,48.9000,0.0012
0.8092,-8.8815,0.6700,0.6700,49.0000,0.0010
0.8091,-8.7815,0.6700,0.6700,49.1000,0.0008
0.8090,-8.6815,0.6700,0.6700,49.2000,0.0005
0.8089,-8.5815,0.6700,0.6700,49.3000,0.0001
0.8087,-8.4815,0.6700,0.6700,49.4000,-0.0003
0.8086,-8.3815,0.6700,0.6700,49.5000,-0.0008
0.8085,-8.2815,0.6700,0.6700,49.6000,-0.0013
0.8084,-8.1815,0.6700,0.6700,49.7000,-0.0019
0.8083,-8.0815,0.6700,0.6700,49.8000,-0.0026
0.8083,-7.9815,0.6700,0.6700,49.9000,-0.0034
0.8083,-7.8815,0.6700,0.6700,50.0000,-0.0042
0.8083,-7.7815,0.6700,0.6700,50.1000,-0.0050
0.8084,-7.6815,0.6700,0.6700,50.2000,-0.0057
0.8085,-7.5815,0.6700,0.6700,50.3000,-0.0064
0.8087,-7.4815,0.6700,0.6700,50.4000,-0.0070
0.8090,-7.3815,0.6700,0.6700,50.5000,-0.0073
0.8093,-7.2815,0.6600,0.6800,50.6000,-0.0073
0.8097,-7.1815,0.6600,0.6800,50.7000,-0.0070
0.8102,-7.0815,0.6600,0.6800,50.8000,-0.0062
0.8107,-6.9815,0.6600,0.6800,50.9000,-0.0048
0.8113,-6.8815,0.6600,0.6800,51.0000,-0.0028
0.8119,-6.7815,0.6600,0.6800,51.1000,-0.0001
0.8126,-6.6815,0.6600,0.6800,51.2000,0.0034
0.8131,-6.5815,0.6600,0.6800,51.3000,0.0077
0.8136,-6.4815,0.6600,0.6800,51.4000,0.0128
0.8140,-6.3815,0.6600,0.6800,51.5000,0.0186
0.8142,-6.2815,0.6600,0.6800,51.6000,0.0251
0.8142,-6.1815,0.6600,0.6800,51.7000,0.0322
0.8138,-6.0815,0.6600,0.6800,51.8000,0.0396
0.8130,-5.9815,0.6600,0.6800,51.9000,0.0472
0.8118,-5.8815,0.6600,0.6800,52.0000,0.0547
0.8100,-5.7815,0.6600,0.6800,52.1000,0.0618
0.8076,-5.6815,0.6700,0.6700,52.2000,0.0684
0.8045,-5.5816,0.6700,0.6700,52.3000,0.0739
