# s_m,x_m,y_m,psi_rad,kappa_radpm,w_right_m,w_left_m
0.00000,1.08005,4.71342,0.34071,-3.69272,0.96786,0.96328
0.11517,1.19341,4.73069,0.02760,-1.99404,0.94170,0.97188
0.23032,1.30787,4.71971,-0.17257,-1.27480,0.90118,0.99283
0.34547,1.41938,4.69130,-0.30398,-0.91717,0.85686,1.01101
0.46063,1.52717,4.65091,-0.40222,-0.74270,0.81348,1.00222
0.57578,1.63103,4.60126,-0.48551,-0.67237,0.77226,0.93144
0.69093,1.73065,4.54355,-0.56570,-0.69129,0.73774,0.86840
0.80608,1.82524,4.47795,-0.65180,-0.79963,0.71087,0.81320
0.92123,1.91349,4.40404,-0.74557,-0.85077,0.69163,0.76718
1.03639,1.99418,4.32196,-0.84121,-0.83633,0.68017,0.73167
1.15154,2.06677,4.23262,-0.93046,-0.73913,0.67188,0.70312
1.26669,2.13162,4.13750,-1.00532,-0.57928,0.68414,0.67812
1.38184,2.19008,4.03830,-1.06041,-0.37765,0.69063,0.67812
1.49699,2.24409,3.93661,-1.09613,-0.21805,0.69063,0.68075
1.61214,2.29532,3.83349,-1.11918,-0.16576,0.68437,0.67812
1.72730,2.34460,3.72941,-1.13483,-0.10565,0.67812,0.67188
1.84245,2.39258,3.62473,-1.14425,-0.05574,0.67188,0.67188
1.95760,2.43988,3.51974,-1.14804,-0.00894,0.67188,0.68437
2.07275,2.48706,3.41470,-1.14660,0.03472,0.66563,0.69063
2.18790,2.53467,3.30985,-1.14020,0.07678,0.66563,0.68437
2.30306,2.58320,3.20542,-1.12898,0.11813,0.66563,0.68437
2.41821,2.63314,3.10167,-1.11298,0.15963,0.67188,0.69063
2.53336,2.68498,2.99885,-1.09216,0.20175,0.68131,0.69461
2.64851,2.73920,2.89726,-1.06638,0.24569,0.66563,0.67812
2.76366,2.79627,2.79725,-1.03551,0.28905,0.69063,0.67812
2.87882,2.85665,2.69921,-0.99941,0.34183,0.69063,0.67480
2.99397,2.92079,2.60358,-0.95978,0.36245,0.71554,0.65312
3.10912,2.98874,2.51063,-0.92098,0.32047,0.70312,0.67522
3.22427,3.06010,2.42025,-0.88596,0.28709,0.68437,0.67812
3.33942,3.13440,2.33228,-0.85507,0.24993,0.67188,0.69063
3.45458,3.21119,2.24649,-0.82839,0.21340,0.65938,0.70312
3.56973,3.29008,2.16260,-0.80589,0.17716,0.66563,0.70312
3.68488,3.37066,2.08035,-0.78750,0.14187,0.65938,0.70312
3.80003,3.45258,1.99942,-0.77311,0.10769,0.66563,0.69688
3.91518,3.53550,1.91951,-0.76258,0.07476,0.67919,0.69173
4.03034,3.61910,1.84033,-0.75577,0.04310,0.67812,0.67188
4.14549,3.70310,1.76156,-0.75253,0.01269,0.69063,0.67188
4.26064,3.78721,1.68292,-0.75273,-0.01649,0.69688,0.67188
4.37579,3.87118,1.60412,-0.75622,-0.04457,0.69063,0.66563
4.49094,3.95474,1.52489,-0.76288,-0.07137,0.69063,0.65938
4.60610,4.03765,1.44498,-0.77258,-0.09773,0.69063,0.66563
4.72125,4.11966,1.36414,-0.78522,-0.12051,0.69063,0.65312
4.83640,4.20052,1.28216,-0.80129,-0.15455,0.69063,0.66563
4.95155,4.27989,1.19874,-0.82193,-0.20127,0.69688,0.66563
5.06670,4.35730,1.11349,-0.84816,-0.25197,0.70115,0.66563
5.18186,4.43219,1.02602,-0.88088,-0.31253,0.68437,0.67812
5.29701,4.50385,0.93589,-0.92142,-0.38630,0.67812,0.69063
5.41216,4.57140,0.84265,-0.97164,-0.47877,0.65938,0.71807
5.52731,4.63367,0.74581,-1.03410,-0.59664,0.63698,0.74241
5.64246,4.68906,0.64489,-1.11216,-0.74768,0.61909,0.77454
5.75762,4.73550,0.53956,-1.20987,-0.93822,0.60938,0.81617
5.87277,4.77024,0.42985,-1.33119,-1.16430,0.60938,0.86922
5.98792,4.78999,0.31651,-1.47787,-1.39864,0.62324,0.93544
6.10307,4.79152,0.20151,-1.64603,-1.56113,0.63064,0.89402
6.21822,4.77277,0.08805,-1.82414,-1.60544,0.63798,0.82710
6.33337,4.73410,-0.02026,-1.99077,-1.38228,0.64543,0.77783
6.44852,4.67924,-0.12141,-2.12206,-0.91011,0.65561,0.74518
6.56367,4.61372,-0.21606,-2.21374,-0.63795,0.66563,0.72188
6.67882,4.54129,-0.30555,-2.27690,-0.43786,0.67188,0.70937
6.79398,4.46434,-0.39121,-2.31985,-0.29429,0.68437,0.69024
6.90913,4.38450,-0.47418,-2.34744,-0.17792,0.67812,0.67812
7.02428,4.30294,-0.55547,-2.36214,-0.07646,0.67812,0.67812
7.13943,4.22068,-0.63606,-2.36460,0.03423,0.68437,0.68437
7.25458,4.13873,-0.71695,-2.35648,0.13257,0.68437,0.68437
7.36974,4.05779,-0.79886,-2.34507,0.08858,0.67812,0.67812
7.48489,3.97770,-0.88159,-2.33719,0.04952,0.69063,0.67812
7.60004,3.89807,-0.96477,-2.33458,-0.00180,0.68437,0.66563
7.71519,3.81841,-1.04793,-2.33793,-0.05580,0.68437,0.67188
7.83034,3.73822,-1.13057,-2.34737,-0.11013,0.68437,0.67188
7.94550,3.65701,-1.21220,-2.36248,-0.15292,0.68437,0.67188
8.06065,3.57436,-1.29238,-2.38213,-0.20296,0.68437,0.66563
8.17580,3.49000,-1.37076,-2.40127,-0.15825,0.68437,0.68437
8.29095,3.40435,-1.44772,-2.41203,-0.03623,0.67812,0.67812
8.40610,3.31832,-1.52427,-2.41125,0.05439,0.67188,0.69063
8.52126,3.23278,-1.60136,-2.39948,0.14870,0.67188,0.69688
8.63641,3.14859,-1.67991,-2.37650,0.24723,0.66563,0.69688
8.75156,3.06668,-1.76085,-2.34119,0.36039,0.65938,0.70312
8.86671,2.98824,-1.84514,-2.29146,0.49355,0.67188,0.69063
8.98186,2.91479,-1.93379,-2.22423,0.66650,0.67188,0.68437
9.09702,2.84838,-2.02782,-2.13937,0.84872,0.67250,0.69063
9.21217,2.79097,-2.12759,-2.04836,0.77893,0.65938,0.69063
9.32732,2.74267,-2.23208,-1.96449,0.68708,0.68060,0.68418
9.44247,2.70271,-2.34005,-1.89270,0.56652,0.70424,0.66563
9.55762,2.66986,-2.45040,-1.83502,0.43768,0.73089,0.63993
9.67278,2.64259,-2.56227,-1.79213,0.30527,0.76380,0.61677
9.78793,2.61931,-2.67504,-1.76251,0.18845,0.80203,0.59688
9.90308,2.59871,-2.78833,-1.74030,0.18042,0.77812,0.61562
10.01823,2.58046,-2.90203,-1.72043,0.16540,0.75938,0.62813
10.13338,2.56438,-3.01605,-1.70205,0.15329,0.74062,0.64687
10.24854,2.55032,-3.13034,-1.68507,0.14139,0.72813,0.65938
10.36369,2.53812,-3.24484,-1.66941,0.13034,0.70937,0.67188
10.47884,2.52765,-3.35952,-1.65499,0.11989,0.70312,0.67812
10.59399,2.51876,-3.47432,-1.64174,0.11005,0.69063,0.68437
10.70914,2.51132,-3.58923,-1.62960,0.10074,0.68437,0.69688
10.82429,2.50522,-3.70422,-1.61850,0.09191,0.67812,0.69688
10.93945,2.50034,-3.81927,-1.60839,0.08350,0.67188,0.70312
11.05460,2.49657,-3.93436,-1.59923,0.07547,0.66563,0.70937
11.16975,2.49379,-4.04948,-1.59098,0.06777,0.66563,0.70937
11.28490,2.49192,-4.16462,-1.58360,0.06035,0.66563,0.70937
11.40005,2.49084,-4.27976,-1.57706,0.05317,0.65938,0.71562
11.51521,2.49048,-4.39491,-1.57133,0.04619,0.65938,0.71562
11.63036,2.49072,-4.51007,-1.56640,0.03936,0.65938,0.71562
11.74551,2.49149,-4.62521,-1.56226,0.03263,0.65938,0.71562
11.86066,2.49269,-4.74036,-1.55888,0.02598,0.66563,0.70937
11.97581,2.49423,-4.85550,-1.55627,0.01936,0.66563,0.70937
12.09097,2.49603,-4.97064,-1.55442,0.01272,0.66563,0.70937
12.20612,2.49800,-5.08578,-1.55335,0.00606,0.67188,0.70937
12.32127,2.50005,-5.20091,-1.55304,-0.00087,0.67188,0.69712
12.43642,2.50209,-5.31604,-1.55348,-0.00728,0.67188,0.67812
12.55157,2.50404,-5.43118,-1.55448,-0.01058,0.67188,0.67812
12.66673,2.50585,-5.54632,-1.55592,-0.01428,0.67812,0.67188
12.78188,2.50747,-5.66146,-1.55777,-0.01788,0.67812,0.67188
12.89703,2.50885,-5.77660,-1.56003,-0.02149,0.67812,0.68592
13.01218,2.50995,-5.89175,-1.56271,-0.02504,0.67812,0.69688
13.12733,2.51071,-6.00690,-1.56579,-0.02850,0.68437,0.69063
13.24249,2.51110,-6.12205,-1.56926,-0.03186,0.68437,0.69063
13.35764,2.51106,-6.23720,-1.57311,-0.03502,0.68437,0.69063
13.47279,2.51056,-6.35235,-1.57732,-0.03826,0.68437,0.69063
13.58794,2.50956,-6.46750,-1.58187,-0.04037,0.67812,0.69688
13.70309,2.50801,-6.58264,-1.58662,-0.04581,0.67812,0.69688
13.81825,2.50592,-6.69777,-1.59045,-0.02606,0.67812,0.69688
13.93340,2.50349,-6.81290,-1.59185,0.00089,0.67188,0.70312
14.04855,2.50107,-6.92803,-1.59035,0.02547,0.67188,0.70312
14.16370,2.49899,-7.04316,-1.58596,0.05060,0.67188,0.70312
14.27885,2.49757,-7.15830,-1.57866,0.07598,0.66563,0.70937
14.39401,2.49717,-7.27345,-1.56839,0.10213,0.66563,0.70937
14.50916,2.49813,-7.38860,-1.55504,0.12939,0.67188,0.70312
14.62431,2.50080,-7.50372,-1.53846,0.15806,0.67188,0.70312
14.73946,2.50558,-7.61877,-1.51846,0.18862,0.67812,0.69688
14.85461,2.51285,-7.73369,-1.49484,0.22082,0.68437,0.69063
14.96977,2.52305,-7.84839,-1.46733,0.25702,0.69688,0.68437
15.08492,2.53663,-7.96273,-1.43611,0.28891,0.71562,0.67188
15.20007,2.55397,-8.07656,-1.40220,0.30271,0.73438,0.65938
15.31522,2.57527,-8.18972,-1.36636,0.31945,0.75850,0.64062
15.43037,2.60071,-8.30202,-1.32867,0.33539,0.78401,0.61943
15.54553,2.63047,-8.41325,-1.28916,0.35116,0.78382,0.59688
15.66068,2.66470,-8.52319,-1.24788,0.36614,0.75590,0.62161
15.77583,2.70354,-8.63159,-1.20495,0.38001,0.73418,0.63539
15.89098,2.74707,-8.73818,-1.16053,0.39231,0.72042,0.65550
16.00613,2.79536,-8.84271,-1.11481,0.40267,0.70786,0.65996
16.12129,2.84844,-8.94488,-1.06804,0.41052,0.70703,0.66563
16.23644,2.90629,-9.04444,-1.02052,0.41623,0.70379,0.65938
16.35159,2.96883,-9.14111,-0.97256,0.41699,0.70602,0.67358
16.46674,3.03595,-9.23467,-0.92464,0.42242,0.68741,0.67812
16.58189,3.10745,-9.32492,-0.87902,0.38131,0.66563,0.70312
16.69705,3.18281,-9.41198,-0.83879,0.31933,0.65312,0.70312
16.81220,3.26134,-9.49619,-0.80493,0.26679,0.65312,0.71562
16.92735,3.34242,-9.57795,-0.77704,0.21661,0.65938,0.70312
17.04250,3.42553,-9.65766,-0.75469,0.17046,0.65312,0.69688
17.15765,3.51019,-9.73571,-0.73749,0.12737,0.65938,0.69688
17.27281,3.59598,-9.81251,-0.72510,0.08691,0.66563,0.69063
17.38796,3.68255,-9.88845,-0.71728,0.04845,0.67812,0.68437
17.50311,3.76954,-9.96390,-0.71381,0.01139,0.67812,0.67812
17.61826,3.85663,-10.03923,-0.71458,-0.02484,0.69063,0.68140
17.73341,3.94350,-10.11482,-0.71950,-0.06078,0.69430,0.67618
17.84857,4.02985,-10.19101,-0.72859,-0.09691,0.68437,0.67188
17.96372,4.11533,-10.26815,-0.74189,-0.13383,0.69063,0.67188
18.07887,4.19962,-10.34661,-0.75949,-0.17133,0.69688,0.65938
18.19402,4.28234,-10.42672,-0.78154,-0.21197,0.70312,0.67095
18.30917,4.36308,-10.50882,-0.80835,-0.24748,0.70312,0.66563
18.42433,4.44138,-10.59324,-0.84208,-0.32563,0.68437,0.66563
18.53948,4.51640,-10.68059,-0.88659,-0.43784,0.69063,0.67812
18.65463,4.58688,-10.77163,-0.94544,-0.57402,0.67967,0.69688
18.76978,4.65112,-10.86717,-1.02251,-0.74982,0.65796,0.72152
18.88493,4.70677,-10.96793,-1.12277,-0.97804,0.64057,0.75338
19.00008,4.75067,-11.07430,-1.25133,-1.24304,0.63062,0.79755
19.11524,4.77885,-11.18582,-1.40894,-1.56230,0.62505,0.85654
19.23038,4.78760,-11.30049,-1.57687,-1.45876,0.62095,0.93139
19.34554,4.77746,-11.41508,-1.72831,-1.19572,0.60313,0.89226
19.46069,4.75159,-11.52722,-1.85431,-0.98160,0.61482,0.83119
19.57584,4.71317,-11.63572,-1.95764,-0.80169,0.62249,0.78162
19.69099,4.66483,-11.74019,-2.04279,-0.66529,0.64049,0.74994
19.80614,4.60857,-11.84064,-2.11415,-0.56314,0.65938,0.72843
19.92130,4.54585,-11.93719,-2.17539,-0.49510,0.67442,0.70445
20.03645,4.47773,-12.03001,-2.22854,-0.42765,0.69063,0.68437
20.15160,4.40511,-12.11937,-2.27415,-0.36339,0.69063,0.66563
20.26675,4.32881,-12.20561,-2.31262,-0.30333,0.70937,0.65938
20.38190,4.24954,-12.28912,-2.34442,-0.24770,0.70312,0.65938
20.49706,4.16791,-12.37034,-2.37005,-0.19617,0.70312,0.65938
20.61221,4.08447,-12.44969,-2.38993,-0.14811,0.70312,0.65312
20.72736,3.99967,-12.52760,-2.40442,-0.10273,0.69688,0.67188
20.84251,3.91396,-12.60449,-2.41377,-0.05919,0.69063,0.66563
20.95766,3.82772,-12.68080,-2.41814,-0.01659,0.67812,0.68437
21.07282,3.74134,-12.75695,-2.41759,0.02594,0.67812,0.69063
21.18797,3.65519,-12.83335,-2.41208,0.06940,0.67812,0.69063
21.30312,3.56965,-12.91045,-2.40144,0.11452,0.65938,0.69688
21.41827,3.48515,-12.98867,-2.38541,0.16310,0.66563,0.70312
21.53342,3.40213,-13.06846,-2.36361,0.21304,0.65938,0.70937
21.64858,3.32111,-13.15029,-2.33573,0.27682,0.65312,0.70312
21.76373,3.24267,-13.23458,-2.30367,0.29260,0.65938,0.69688
21.87888,3.16706,-13.32143,-2.27086,0.28128,0.67188,0.70061
21.99403,3.09432,-13.41069,-2.23891,0.27368,0.69010,0.68437
22.10918,3.02441,-13.50219,-2.20810,0.26233,0.70533,0.66563
22.22434,2.95730,-13.59576,-2.17866,0.24949,0.72394,0.65821
22.33949,2.89290,-13.69121,-2.15081,0.23485,0.70717,0.65312
22.45464,2.83110,-13.78837,-2.12472,0.21882,0.69541,0.66938
22.56979,2.77177,-13.88706,-2.10053,0.20165,0.68437,0.67812
22.68494,2.71474,-13.98709,-2.07836,0.18359,0.67188,0.67188
22.80009,2.65984,-14.08831,-2.05831,0.16493,0.67188,0.67188
22.91525,2.60686,-14.19055,-2.04042,0.14579,0.67502,0.68437
23.03040,2.55562,-14.29367,-2.02474,0.12665,0.67188,0.68932
23.14555,2.50588,-14.39753,-2.01129,0.10662,0.66563,0.68731
23.26070,2.45742,-14.50199,-2.00060,0.08972,0.66563,0.68437
23.37585,2.40991,-14.60688,-1.99575,0.00616,0.68437,0.67812
23.49101,2.36247,-14.71181,-2.00014,-0.08139,0.68909,0.67812
23.60616,2.31404,-14.81628,-2.01474,-0.17083,0.67812,0.68298
23.72131,2.26356,-14.91977,-2.04001,-0.26599,0.68437,0.67812
23.83646,2.20992,-15.02166,-2.07669,-0.36851,0.69063,0.67812
23.95161,2.15199,-15.12117,-2.12563,-0.47927,0.67188,0.67812
24.06677,2.08866,-15.21732,-2.18762,-0.59652,0.67301,0.70312
24.18192,2.01888,-15.30888,-2.26297,-0.71449,0.67184,0.72647
24.29707,1.94184,-15.39442,-2.35101,-0.82177,0.68090,0.75713
24.41222,1.85711,-15.47233,-2.44958,-0.90307,0.69838,0.79810
24.52737,1.76483,-15.54111,-2.55486,-0.94147,0.72253,0.85066
24.64253,1.66569,-15.59959,-2.66189,-0.93712,0.75199,0.92217
24.75768,1.56090,-15.64720,-2.76556,-0.86895,0.78594,0.99621
24.87283,1.45185,-15.68403,-2.86554,-0.84084,0.82250,1.05352
24.98798,1.33968,-15.70987,-2.97076,-0.94107,0.86091,1.02763
25.10313,1.22536,-15.72310,-3.09732,-1.19528,0.90089,1.00313
25.21828,1.11039,-15.72003,3.01222,-1.68191,0.93851,0.99364
25.33345,0.99862,-15.69360,2.74800,-2.78183,0.96068,0.88187
25.44858,0.90144,-15.63326,2.37452,-4.27861,0.97086,0.78469
25.56370,0.83757,-15.53834,2.01275,-2.57145,0.94061,0.72080
25.67886,0.80446,-15.42829,1.78215,-1.27709,0.89023,0.68775
25.79401,0.78947,-15.31418,1.65789,-0.72104,0.83501,0.66563
25.90917,0.78445,-15.19916,1.59201,-0.37235,0.78335,0.65312
26.02432,0.78459,-15.08401,1.56172,-0.12377,0.74106,0.65312
26.13947,0.78654,-14.96887,1.55456,0.04479,0.71321,0.65938
26.25462,0.78833,-14.85373,1.55683,0.02196,0.69063,0.65938
26.36978,0.78976,-14.73859,1.55977,0.02596,0.69063,0.65938
26.48493,0.79087,-14.62344,1.56250,0.02239,0.69063,0.65938
26.60008,0.79167,-14.50830,1.56497,0.02046,0.69063,0.65938
26.71523,0.79221,-14.39315,1.56716,0.01772,0.68437,0.66563
26.83038,0.79251,-14.27799,1.56903,0.01486,0.68437,0.66563
26.94554,0.79261,-14.16284,1.57056,0.01172,0.68437,0.66563
27.06069,0.79256,-14.04769,1.57172,0.00842,0.68437,0.66563
27.17584,0.79240,-13.93254,1.57248,0.00494,0.68437,0.66563
27.29099,0.79217,-13.81739,1.57285,0.00151,0.68437,0.66563
27.40614,0.79193,-13.70223,1.57282,-0.00244,0.68437,0.66563
27.52130,0.79171,-13.58708,1.57252,-0.00353,0.69063,0.65938
27.63645,0.79153,-13.47193,1.57216,-0.00298,0.69063,0.65938
27.75160,0.79140,-13.35678,1.57182,-0.00283,0.69063,0.65938
27.86675,0.79130,-13.24163,1.57151,-0.00257,0.69063,0.65938
27.98190,0.79123,-13.12647,1.57122,-0.00235,0.69063,0.65938
28.09706,0.79120,-13.01132,1.57097,-0.00212,0.69063,0.65938
28.21221,0.79119,-12.89617,1.57073,-0.00190,0.69063,0.65938
28.32736,0.79121,-12.78102,1.57053,-0.00168,0.69063,0.65938
28.44251,0.79125,-12.66587,1.57035,-0.00146,0.69063,0.65938
28.55766,0.79132,-12.55071,1.57019,-0.00125,0.69063,0.65938
28.67282,0.79139,-12.43556,1.57006,-0.00103,0.69063,0.65938
28.78797,0.79149,-12.32041,1.56995,-0.00082,0.69063,0.65938
28.90312,0.79159,-12.20526,1.56987,-0.00061,0.69063,0.65938
29.01827,0.79170,-12.09011,1.56981,-0.00040,0.69063,0.65938
29.13342,0.79181,-11.97496,1.56978,-0.00019,0.68437,0.66563
29.24857,0.79193,-11.85980,1.56977,0.00002,0.68437,0.66563
29.36373,0.79205,-11.74465,1.56978,0.00023,0.68437,0.66563
29.47888,0.79217,-11.62950,1.56982,0.00043,0.68437,0.66563
29.59403,0.79228,-11.51435,1.56988,0.00064,0.68437,0.66563
29.70918,0.79238,-11.39920,1.56997,0.00085,0.68437,0.66563
29.82433,0.79247,-11.28404,1.57008,0.00106,0.68437,0.66563
29.93949,0.79254,-11.16889,1.57021,0.00126,0.68437,0.66563
30.05464,0.79260,-11.05374,1.57037,0.00151,0.68437,0.66563
30.16979,0.79264,-10.93859,1.57054,0.00151,0.68437,0.66563
30.28494,0.79266,-10.82344,1.57071,0.00139,0.68437,0.66563
30.40009,0.79266,-10.70828,1.57086,0.00130,0.68437,0.66563
30.51525,0.79265,-10.59313,1.57101,0.00120,0.68437,0.66563
30.63040,0.79261,-10.47798,1.57114,0.00110,0.68437,0.66563
30.74555,0.79257,-10.36283,1.57126,0.00101,0.68437,0.66563
30.86070,0.79251,-10.24768,1.57137,0.00091,0.68437,0.66563
30.97585,0.79243,-10.13252,1.57147,0.00081,0.68437,0.66563
31.09101,0.79235,-10.01737,1.57156,0.00071,0.68437,0.66563
31.20616,0.79226,-9.90222,1.57163,0.00061,0.68437,0.66563
31.32131,0.79216,-9.78707,1.57170,0.00051,0.68437,0.66563
31.43646,0.79205,-9.67192,1.57175,0.00041,0.68437,0.66563
31.55161,0.79194,-9.55676,1.57179,0.00031,0.68437,0.66563
31.66677,0.79182,-9.44161,1.57182,0.00021,0.68437,0.66563
31.78192,0.79170,-9.32646,1.57184,0.00011,0.69063,0.65938
31.89707,0.79158,-9.21131,1.57185,0.00001,0.69063,0.65938
32.01222,0.79146,-9.09616,1.57184,-0.00009,0.69063,0.65938
32.12737,0.79134,-8.98100,1.57183,-0.00019,0.69063,0.65938
32.24253,0.79122,-8.86585,1.57180,-0.00029,0.69063,0.65938
32.35768,0.79111,-8.75070,1.57176,-0.00039,0.69063,0.65938
32.47283,0.79100,-8.63555,1.57171,-0.00049,0.69063,0.65938
32.58798,0.79090,-8.52040,1.57165,-0.00059,0.69063,0.65938
32.70313,0.79081,-8.40524,1.57157,-0.00069,0.69063,0.65938
32.81829,0.79072,-8.29009,1.57149,-0.00079,0.69063,0.65938
32.93344,0.79065,-8.17494,1.57139,-0.00089,0.69063,0.65938
33.04859,0.79059,-8.05979,1.57128,-0.00099,0.69063,0.65938
33.16374,0.79054,-7.94464,1.57116,-0.00109,0.69063,0.65938
33.27889,0.79050,-7.82948,1.57103,-0.00119,0.69063,0.65938
33.39405,0.79048,-7.71433,1.57088,-0.00129,0.69063,0.65938
33.50920,0.79048,-7.59918,1.57073,-0.00139,0.69063,0.65938
33.62435,0.79050,-7.48403,1.57056,-0.00149,0.69063,0.65938
33.73950,0.79054,-7.36888,1.57039,-0.00159,0.69063,0.65938
33.85465,0.79059,-7.25373,1.57020,-0.00169,0.69063,0.65938
33.96981,0.79067,-7.13857,1.57000,-0.00179,0.69063,0.65938
34.08496,0.79078,-7.02342,1.56979,-0.00189,0.69063,0.65938
34.20011,0.79091,-6.90827,1.56956,-0.00199,0.69063,0.65938
34.31526,0.79106,-6.79312,1.56933,-0.00208,0.69063,0.65938
34.43041,0.79124,-6.67797,1.56908,-0.00218,0.69063,0.65938
34.54557,0.79146,-6.56281,1.56883,-0.00228,0.69063,0.65938
34.66072,0.79170,-6.44766,1.56856,-0.00237,0.69063,0.65938
34.77587,0.79197,-6.33251,1.56828,-0.00247,0.68437,0.66563
34.89102,0.79228,-6.21736,1.56799,-0.00257,0.68437,0.66563
35.00617,0.79262,-6.10221,1.56769,-0.00266,0.68437,0.66563
35.12133,0.79299,-5.98706,1.56738,-0.00277,0.68437,0.66563
35.23648,0.79341,-5.87190,1.56705,-0.00279,0.68437,0.66563
35.35163,0.79386,-5.75675,1.56674,-0.00317,0.68437,0.66563
35.46678,0.79434,-5.64160,1.56659,-0.00017,0.68437,0.66563
35.58193,0.79483,-5.52645,1.56678,0.00345,0.68437,0.66563
35.69709,0.79527,-5.41130,1.56737,0.00691,0.68437,0.66563
35.81224,0.79561,-5.29615,1.56837,0.01044,0.68437,0.66563
35.92739,0.79582,-5.18100,1.56978,0.01397,0.68437,0.66563
36.04254,0.79585,-5.06585,1.57160,0.01762,0.68437,0.66563
36.15769,0.79564,-4.95069,1.57383,0.02108,0.68437,0.66563
36.27285,0.79515,-4.83554,1.57649,0.02554,0.68437,0.66563
36.38800,0.79433,-4.72039,1.57959,0.02658,0.68437,0.66563
36.50315,0.79312,-4.60525,1.58313,0.04082,0.68437,0.66563
36.61830,0.79149,-4.49011,1.58730,0.00630,0.69063,0.65938
36.73345,0.78932,-4.37498,1.60343,0.17270,0.69063,0.65938
36.84860,0.78397,-4.25996,1.66296,0.74365,0.69688,0.65938
36.96376,0.76816,-4.14598,1.79422,1.61826,0.72366,0.65144
37.07889,0.73319,-4.03649,1.96712,1.73648,0.69239,0.61643
37.19405,0.67970,-3.93460,2.09001,0.55856,0.61014,0.56294
37.30920,0.61903,-3.83673,2.11084,-0.24365,0.54707,0.50226
37.42435,0.56131,-3.73712,2.03865,-1.13643,0.49954,0.44454
37.53950,0.51540,-3.63162,1.91388,-1.19513,0.46269,0.39867
37.65465,0.48407,-3.52090,1.78096,-1.12055,0.43738,0.36563
37.76980,0.46749,-3.40703,1.64852,-1.15951,0.41563,0.34063
37.88495,0.46625,-3.29197,1.51005,-1.22451,0.42795,0.34063
38.00011,0.48142,-3.17793,1.35942,-1.41234,0.44028,0.35938
38.11525,0.51436,-3.06773,1.20760,-1.38652,0.46391,0.39763
38.23040,0.56296,-2.96340,1.09680,-0.63645,0.49806,0.44619
38.34556,0.61938,-2.86303,1.05791,-0.04067,0.54710,0.50261
38.46071,0.67596,-2.76275,1.09374,0.71539,0.61394,0.55919
38.57586,0.72502,-2.65863,1.18457,1.00185,0.69905,0.60827
38.69101,0.76255,-2.54982,1.29238,0.92797,0.72933,0.64589
38.80616,0.78820,-2.43762,1.39511,0.88322,0.70312,0.67143
38.92131,0.80273,-2.32342,1.48220,0.65812,0.67812,0.67812
39.03646,0.80856,-2.20844,1.54636,0.44716,0.67188,0.67812
39.15162,0.80836,-2.09330,1.58882,0.27948,0.67188,0.67812
39.26677,0.80441,-1.97821,1.61292,0.13420,0.67812,0.67812
39.38192,0.79866,-1.86321,1.62066,-0.00402,0.68437,0.67188
39.49707,0.79293,-1.74820,1.61479,-0.12410,0.68437,0.66563
39.61222,0.78853,-1.63313,1.60284,-0.10492,0.69063,0.65938
39.72738,0.78555,-1.51802,1.59115,-0.09682,0.69688,0.65938
39.84253,0.78384,-1.40288,1.58072,-0.08491,0.69688,0.65312
39.95768,0.78326,-1.28773,1.57162,-0.07329,0.69688,0.65312
40.07283,0.78365,-1.17258,1.56390,-0.06095,0.69688,0.65312
40.18798,0.78485,-1.05743,1.55762,-0.04828,0.69688,0.65312
40.30314,0.78669,-0.94229,1.55281,-0.03526,0.69063,0.65938
40.41829,0.78899,-0.82717,1.54952,-0.02206,0.69063,0.65938
40.53344,0.79159,-0.71204,1.54775,-0.00856,0.69063,0.65938
40.64859,0.79430,-0.59692,1.54753,0.00444,0.68437,0.66563
40.76374,0.79695,-0.48180,1.54881,0.01945,0.68437,0.66563
40.87890,0.79936,-0.36667,1.55107,0.02281,0.67812,0.67188
40.99405,0.80149,-0.25154,1.55349,0.01991,0.67812,0.67188
41.10920,0.80335,-0.13641,1.55571,0.01851,0.67812,0.67188
41.22435,0.80496,-0.02126,1.55774,0.01673,0.67188,0.67812
41.33950,0.80635,0.09388,1.55957,0.01507,0.67188,0.67812
41.45466,0.80755,0.20902,1.56121,0.01340,0.67188,0.67812
41.56981,0.80856,0.32417,1.56266,0.01174,0.67188,0.67812
41.68496,0.80942,0.43932,1.56392,0.01009,0.67188,0.67812
41.80011,0.81015,0.55447,1.56498,0.00845,0.67188,0.67812
41.91526,0.81076,0.66962,1.56586,0.00682,0.66563,0.68437
42.03041,0.81128,0.78477,1.56655,0.00519,0.66563,0.67735
42.14557,0.81174,0.89992,1.56706,0.00357,0.66563,0.65938
42.26072,0.81214,1.01507,1.56738,0.00194,0.66563,0.65938
42.37587,0.81252,1.13023,1.56751,0.00032,0.67948,0.65938
42.49102,0.81290,1.24538,1.56745,-0.00129,0.69063,0.65938
42.60617,0.81330,1.36053,1.56721,-0.00291,0.69063,0.65938
42.72133,0.81373,1.47568,1.56678,-0.00454,0.69063,0.65938
42.83648,0.81422,1.59083,1.56616,-0.00616,0.69063,0.65938
42.95163,0.81480,1.70598,1.56536,-0.00780,0.69063,0.65938
43.06678,0.81547,1.82113,1.56437,-0.00942,0.69063,0.67887
43.18193,0.81628,1.93628,1.56318,-0.01116,0.69063,0.68437
43.29709,0.81723,2.05143,1.56181,-0.01246,0.68437,0.69063
43.41224,0.81835,2.16657,1.56027,-0.01546,0.68437,0.69063
43.52739,0.81965,2.28172,1.55899,-0.00939,0.68437,0.69063
43.64254,0.82107,2.39686,1.55862,0.00239,0.68437,0.69063
43.75769,0.82245,2.51201,1.55949,0.01284,0.68437,0.69063
43.87285,0.82367,2.62715,1.56159,0.02358,0.67812,0.69688
43.98800,0.82457,2.74230,1.56491,0.03412,0.67812,0.69688
44.10315,0.82503,2.85745,1.56943,0.04451,0.67812,0.69688
44.21830,0.82489,2.97260,1.57514,0.05468,0.67812,0.69688
44.33345,0.82403,3.08775,1.58200,0.06452,0.67812,0.69688
44.44861,0.82231,3.20289,1.58997,0.07421,0.68437,0.69063
44.56376,0.81961,3.31801,1.59902,0.08288,0.68437,0.69063
44.67891,0.81581,3.43310,1.60911,0.09347,0.69063,0.68437
44.79406,0.81079,3.54814,1.61873,0.09476,0.69688,0.68437
44.90921,0.80477,3.66314,1.62193,-0.02091,0.70312,0.67812
45.02437,0.79902,3.77814,1.61326,-0.12964,0.69529,0.67188
45.13952,0.79500,3.89322,1.59151,-0.24542,0.69900,0.66563
45.25467,0.79425,4.00837,1.55585,-0.37028,0.71815,0.66563
45.36982,0.79844,4.12343,1.50501,-0.50869,0.74998,0.67188
45.48497,0.80938,4.23804,1.43691,-0.65870,0.79126,0.68437
45.60013,0.82915,4.35144,1.34512,-0.89218,0.83857,0.71246
45.71528,0.86082,4.46208,1.21374,-1.30876,0.88781,0.74405
45.83043,0.90931,4.56632,1.01332,-2.03815,0.93298,0.79255
45.94559,0.98142,4.65553,0.71115,-3.32898,0.96417,0.86468
