# s_m,x_m,y_m,psi_rad,kappa_radpm,w_right_m,w_left_m,v_mps
# ellipse a_lat 7.5 lat_zones [16.5:21.0:7.0,41.0:43.4:7.0] a_long 6.5 a_brake 5.0 v_max 9.0 -> 8.689 s
0.00000,0.61803,3.16828,-1.83825,0.15542,0.49092,0.89034,3.59736
0.10758,0.58960,3.06452,-1.82143,0.23042,0.46297,0.91828,3.74065
0.21390,0.56499,2.96109,-1.78863,0.30201,0.43599,0.93901,3.85769
0.31861,0.54400,2.85850,-1.75771,0.28992,0.41697,0.95803,3.96755
0.42197,0.52633,2.75666,-1.72844,0.27797,0.40011,0.97489,4.07157
0.52452,0.51168,2.65517,-1.70059,0.26675,0.38551,0.98948,4.17097
0.62649,0.49986,2.55389,-1.67393,0.25690,0.37314,1.00186,4.26629
0.72800,0.49073,2.45279,-1.64834,0.24804,0.36298,1.01202,4.35794
0.82912,0.48416,2.35188,-1.62369,0.24002,0.35498,1.02002,4.44624
0.92992,0.48005,2.25117,-1.59990,0.23254,0.34912,1.02588,4.53154
1.03048,0.47830,2.15062,-1.57688,0.22556,0.35162,1.02338,4.61413
1.13086,0.47883,2.05024,-1.55458,0.21912,0.34992,1.02508,4.69423
1.23104,0.48156,1.95009,-1.53294,0.20909,0.35027,1.02473,4.77238
1.33108,0.48641,1.85018,-1.51272,0.11956,0.35564,1.01609,4.84971
1.43100,0.49316,1.75049,-1.50906,-0.04418,0.33814,1.01186,4.94563
1.53064,0.49872,1.65100,-1.52158,-0.14399,0.34744,1.00880,5.03211
1.63004,0.50295,1.55168,-1.53771,-0.17499,0.34930,1.00069,5.10633
1.72939,0.50530,1.45237,-1.55633,-0.17063,0.34942,1.00057,5.17888
1.82878,0.50583,1.35298,-1.57161,-0.11184,0.35412,0.99587,5.25009
1.92816,0.50513,1.25361,-1.57857,-0.03933,0.35148,0.99851,5.33445
2.02755,0.50428,1.15422,-1.57943,-0.00443,0.34885,0.98912,5.42627
2.12694,0.50342,1.05483,-1.57945,0.00031,0.34633,0.97866,5.51741
2.22632,0.50256,0.95546,-1.57937,0.00040,0.35022,0.97478,5.60664
2.32571,0.50171,0.85607,-1.57937,-0.00002,0.36049,0.97699,5.69405
2.42509,0.50086,0.75669,-1.57937,-0.00009,0.37092,0.97908,5.77972
2.52448,0.50001,0.65731,-1.57939,-0.00010,0.36898,0.98102,5.86375
2.62387,0.49915,0.55792,-1.57939,-0.00010,0.36716,0.98284,5.94622
2.72323,0.49830,0.45856,-1.57940,-0.00009,0.37173,0.97827,6.02715
2.82262,0.49744,0.35918,-1.57941,-0.00009,0.37019,0.97981,6.10668
2.92203,0.49659,0.25977,-1.57942,-0.00009,0.36876,0.98124,6.18486
3.02141,0.49573,0.16039,-1.57943,-0.00009,0.36746,0.98254,6.26169
3.12079,0.49487,0.06101,-1.57944,-0.00009,0.36629,0.98371,6.33727
3.22021,0.49401,-0.03840,-1.57945,-0.00009,0.36524,0.98476,6.41166
3.31961,0.49315,-0.13780,-1.57946,-0.00009,0.36430,0.98570,6.48488
3.41900,0.49229,-0.23719,-1.57946,-0.00009,0.36349,0.98651,6.55696
3.51840,0.49143,-0.33658,-1.57947,-0.00009,0.36280,0.98720,6.62798
3.61783,0.49056,-0.43600,-1.57948,-0.00009,0.36222,0.98778,6.69798
3.71725,0.48970,-0.53542,-1.57949,-0.00009,0.36175,0.98825,6.76696
3.81666,0.48884,-0.63482,-1.57950,-0.00009,0.36140,0.98860,6.83497
3.91610,0.48797,-0.73426,-1.57951,-0.00009,0.36115,0.98885,6.90206
4.01553,0.48710,-0.83369,-1.57952,-0.00010,0.35476,0.99524,6.96823
4.11497,0.48623,-0.93312,-1.57953,-0.00010,0.35473,0.99527,7.03354
4.21441,0.48537,-1.03256,-1.57954,-0.00010,0.35480,0.99520,7.09799
4.31386,0.48450,-1.13201,-1.57955,-0.00010,0.35498,0.99502,7.16163
4.41332,0.48363,-1.23147,-1.57956,-0.00010,0.35525,0.99475,7.22447
4.51279,0.48275,-1.33094,-1.57957,-0.00010,0.35563,0.99437,7.28655
4.61226,0.48188,-1.43040,-1.57958,-0.00011,0.34985,1.00015,7.34787
4.71174,0.48101,-1.52987,-1.57959,-0.00011,0.35042,0.99958,7.40846
4.81123,0.48013,-1.62936,-1.57960,-0.00011,0.35107,0.99893,7.46835
4.91070,0.47925,-1.72882,-1.57961,-0.00011,0.35182,0.99818,7.52753
5.01019,0.47838,-1.82832,-1.57962,-0.00011,0.34642,1.00358,7.58605
5.10973,0.47750,-1.92785,-1.57963,-0.00012,0.34734,1.00266,7.64394
5.20924,0.47662,-2.02735,-1.57964,-0.00011,0.34835,1.00165,7.70118
5.30875,0.47574,-2.12686,-1.57966,-0.00012,0.34945,1.00681,7.75780
5.40829,0.47486,-2.22640,-1.57967,-0.00012,0.34437,1.00564,7.81382
5.50781,0.47397,-2.32591,-1.57968,-0.00012,0.34564,1.00437,7.86924
5.60735,0.47309,-2.42545,-1.57969,-0.00012,0.34698,1.00928,7.92410
5.70692,0.47220,-2.52501,-1.57970,-0.00012,0.34214,1.00787,7.97840
5.80648,0.47131,-2.62457,-1.57972,-0.00013,0.34362,1.00638,8.03215
5.90604,0.47042,-2.72413,-1.57973,-0.00013,0.33894,0.92414,8.08537
6.00562,0.46953,-2.82371,-1.57974,-0.00013,0.34057,0.82536,8.13806
6.10521,0.46864,-2.92329,-1.57975,-0.00012,0.34228,0.72773,8.19025
6.20481,0.46775,-3.02289,-1.57977,-0.00012,0.33780,0.63238,8.24194
6.30442,0.46686,-3.12249,-1.57978,-0.00012,0.33963,0.54203,8.29315
6.40401,0.46596,-3.22207,-1.57979,-0.00013,0.33529,0.46499,8.34386
6.50361,0.46507,-3.32168,-1.57980,-0.00013,0.33726,0.41275,8.39411
6.60325,0.46417,-3.42131,-1.57982,-0.00013,0.33304,0.44394,8.44392
6.70288,0.46327,-3.52094,-1.57983,-0.00014,0.33511,0.50838,8.49327
6.80251,0.46237,-3.62057,-1.57984,-0.00014,0.33100,0.59176,8.54218
6.90217,0.46146,-3.72022,-1.57986,-0.00015,0.33319,0.68190,8.59066
7.00181,0.46056,-3.81986,-1.57987,-0.00016,0.32919,0.77492,8.63872
7.10148,0.45965,-3.91952,-1.57989,-0.00016,0.33149,0.86942,8.68637
7.20116,0.45875,-4.01920,-1.57991,-0.00017,0.32760,0.96473,8.73362
7.30084,0.45784,-4.11887,-1.57992,-0.00017,0.32999,1.02001,8.78047
7.40051,0.45693,-4.21854,-1.57994,-0.00017,0.32619,1.02381,8.82692
7.50021,0.45602,-4.31823,-1.57996,-0.00018,0.32867,1.02133,8.87300
7.59991,0.45510,-4.41793,-1.57997,-0.00018,0.32495,1.02506,8.91870
7.69960,0.45419,-4.51762,-1.57999,-0.00018,0.32752,1.02874,8.96402
7.79932,0.45327,-4.61733,-1.58001,-0.00019,0.32387,1.02613,9.00000
7.89905,0.45235,-4.71706,-1.58003,-0.00020,0.32026,1.02973,9.00000
7.99878,0.45143,-4.81678,-1.58005,-0.00020,0.32293,1.02706,9.00000
8.09851,0.45050,-4.91651,-1.58007,-0.00021,0.31939,1.03060,9.00000
8.19825,0.44958,-5.01624,-1.58009,-0.00021,0.32213,1.02786,9.00000
8.29798,0.44865,-5.11597,-1.58011,-0.00021,0.31866,1.03134,9.00000
8.39775,0.44772,-5.21573,-1.58014,-0.00022,0.32146,1.03480,9.00000
8.49751,0.44678,-5.31549,-1.58016,-0.00023,0.31802,1.03198,9.00000
8.59727,0.44585,-5.41524,-1.58018,-0.00024,0.31461,1.03539,9.00000
8.69703,0.44491,-5.51500,-1.58020,-0.00024,0.31748,1.03252,9.00000
8.79681,0.44397,-5.61477,-1.58023,-0.00024,0.31412,1.03588,9.00000
8.89660,0.44303,-5.71456,-1.58025,-0.00025,0.31701,1.03923,9.00000
8.99638,0.44209,-5.81434,-1.58028,-0.00026,0.31369,1.03631,9.00000
9.09617,0.44114,-5.91413,-1.58031,-0.00028,0.31037,1.03963,9.00000
9.19597,0.44019,-6.01392,-1.58034,-0.00023,0.31331,1.04295,9.00000
9.29576,0.43923,-6.11371,-1.58035,-0.00017,0.31001,1.03999,9.00000
9.39557,0.43828,-6.21351,-1.58037,-0.00023,0.30673,1.04327,9.00000
9.49539,0.43732,-6.31333,-1.58040,-0.00030,0.30969,1.04031,9.00000
9.59520,0.43636,-6.41313,-1.58043,-0.00032,0.30641,1.04357,9.00000
9.69502,0.43540,-6.51294,-1.58046,-0.00034,0.30939,1.04685,9.00000
9.79484,0.43443,-6.61276,-1.58050,-0.00036,0.30612,1.04387,9.00000
9.89466,0.43346,-6.71258,-1.58054,-0.00039,0.30286,1.04714,9.00000
9.99450,0.43249,-6.81241,-1.58057,-0.00040,0.30583,1.05043,9.00000
10.09433,0.43151,-6.91224,-1.58062,-0.00044,0.30253,1.04747,9.00000
10.19417,0.43053,-7.01207,-1.58066,-0.00048,0.29925,1.05076,9.00000
10.29401,0.42954,-7.11190,-1.58071,-0.00051,0.30220,1.04781,9.00000
10.39385,0.42855,-7.21174,-1.58076,-0.00059,0.29889,1.05112,9.00000
10.49369,0.42755,-7.31158,-1.58083,-0.00068,0.29556,1.05445,9.00000
10.59354,0.42655,-7.41142,-1.58090,-0.00078,0.29846,1.05154,9.00000
10.69341,0.42553,-7.51128,-1.58098,-0.00089,0.29509,1.05491,9.00000
10.79326,0.42451,-7.61113,-1.58108,-0.00097,0.29795,1.05831,9.00000
10.89309,0.42348,-7.71096,-1.58118,0.00016,0.29453,1.05548,9.00000
10.99295,0.42244,-7.81081,-1.58105,0.00473,0.29109,1.05892,9.00000
11.09282,0.42143,-7.91067,-1.58023,0.01969,0.29391,1.05610,9.00000
11.19269,0.42055,-8.01054,-1.57712,0.02839,0.29058,1.05942,9.00000
11.29257,0.42017,-8.11042,-1.57456,0.01337,0.29398,1.06227,9.00000
11.39245,0.41980,-8.21030,-1.57444,0.00117,0.29112,1.05888,9.00000
11.49235,0.41944,-8.31020,-1.57433,0.00113,0.28823,1.06177,9.00000
11.59222,0.41909,-8.41007,-1.57422,0.00114,0.29158,1.05842,9.00000
11.69211,0.41876,-8.50996,-1.57410,0.00117,0.28867,1.06134,9.00000
11.79201,0.41843,-8.60986,-1.57398,0.00121,0.29198,1.06428,9.00000
11.89190,0.41812,-8.70975,-1.57386,0.00125,0.28901,1.06100,9.00000
11.99179,0.41782,-8.80964,-1.57373,0.00137,0.28602,1.06399,9.00000
12.09168,0.41753,-8.90953,-1.57359,0.00163,0.28926,1.06075,9.00000
12.19157,0.41726,-9.00942,-1.57341,0.00194,0.28622,1.06378,9.00000
12.29145,0.41701,-9.10930,-1.57320,0.00223,0.28942,1.06058,8.93929
12.39135,0.41679,-9.20920,-1.57296,0.00249,0.28634,1.06366,8.85603
12.49125,0.41658,-9.30910,-1.57270,0.00274,0.28949,1.06051,8.77223
12.59115,0.41641,-9.40899,-1.57241,0.00297,0.28637,1.06364,8.68790
12.69104,0.41626,-9.50888,-1.57211,0.00320,0.28947,1.06054,8.60303
12.79093,0.41614,-9.60877,-1.57177,0.00343,0.28631,1.06370,8.51758
12.89081,0.41606,-9.70866,-1.57142,0.00366,0.28939,1.06062,8.43156
12.99071,0.41602,-9.80855,-1.57104,0.00388,0.28620,1.06380,8.34492
13.09061,0.41601,-9.90845,-1.57065,0.00411,0.28923,1.06077,8.25766
13.19051,0.41605,-10.00835,-1.57022,0.00435,0.28600,1.06400,8.16976
13.29040,0.41613,-10.10824,-1.56978,0.00459,0.28900,1.06100,8.08122
13.39028,0.41625,-10.20812,-1.56930,0.00484,0.28573,1.06427,7.99202
13.49018,0.41642,-10.30802,-1.56881,0.00510,0.28871,1.06129,7.90210
13.59007,0.41665,-10.40791,-1.56828,0.00538,0.28541,1.06460,7.81148
13.68995,0.41693,-10.50779,-1.56773,0.00567,0.28835,1.06166,7.72013
13.78984,0.41726,-10.60768,-1.56715,0.00603,0.28503,1.06498,7.62802
13.88973,0.41765,-10.70757,-1.56653,0.00650,0.28795,1.06206,7.53512
13.98962,0.41811,-10.80746,-1.56585,0.00704,0.29085,1.05916,7.44141
14.08950,0.41864,-10.90734,-1.56512,0.00758,0.28751,1.06250,7.34688
14.18939,0.41925,-11.00723,-1.56434,0.00815,0.29041,1.05960,7.25147
14.28927,0.41993,-11.10711,-1.56350,0.00873,0.29331,1.05669,7.15518
14.38916,0.42070,-11.20699,-1.56259,0.00934,0.28998,1.06002,7.05795
14.48904,0.42157,-11.30687,-1.56163,0.00997,0.29291,1.05709,6.95977
14.58893,0.42254,-11.40675,-1.56060,0.01063,0.29584,1.05416,6.86058
14.68880,0.42361,-11.50662,-1.55951,0.01132,0.29256,1.05744,6.76037
14.78868,0.42479,-11.60650,-1.55834,0.01205,0.29554,1.05446,6.65907
14.88857,0.42610,-11.70637,-1.55710,0.01283,0.29856,1.05144,6.55663
14.98845,0.42753,-11.80624,-1.55578,0.01365,0.29536,1.05465,6.45303
15.08832,0.42910,-11.90610,-1.55437,0.01452,0.29845,1.05156,6.34821
15.18820,0.43081,-12.00597,-1.55288,0.01546,0.30159,1.04842,6.24210
15.28808,0.43267,-12.10583,-1.55128,0.01646,0.30480,1.04521,6.13464
15.38796,0.43471,-12.20569,-1.54959,0.01754,0.30807,1.04194,6.02578
15.48783,0.43691,-12.30553,-1.54778,0.01870,0.30516,1.04484,5.91545
15.58771,0.43930,-12.40538,-1.54585,0.01996,0.30859,1.04141,5.80356
15.68759,0.44189,-12.50523,-1.54379,0.02133,0.31211,1.03789,5.69003
15.78747,0.44470,-12.60507,-1.54159,0.02283,0.31573,1.03426,5.57477
15.88734,0.44773,-12.70490,-1.53923,0.02447,0.31949,1.03052,5.45770
15.98723,0.45100,-12.80473,-1.53670,0.02628,0.32337,1.02663,5.33868
16.08711,0.45454,-12.90455,-1.53398,0.02828,0.32741,1.02259,5.21760
16.18699,0.45835,-13.00436,-1.53106,0.03049,0.33161,1.01839,5.09435
16.28689,0.46247,-13.10417,-1.52789,0.03297,0.33602,1.01398,4.96873
16.38678,0.46692,-13.20396,-1.52447,0.03979,0.34063,1.00937,4.84077
16.48666,0.47172,-13.30373,-1.51994,0.05535,0.34543,1.00457,4.71072
16.58653,0.47708,-13.40345,-1.51341,0.07637,0.35040,0.99960,4.57919
16.68630,0.48318,-13.50304,-1.50469,0.09932,0.35535,0.99465,4.44624
16.78595,0.49025,-13.60243,-1.49359,0.12453,0.36006,0.98994,4.31208
16.88540,0.49853,-13.70154,-1.47989,0.15240,0.37056,0.97945,4.17700
16.98462,0.50828,-13.80028,-1.46331,0.18331,0.38039,0.97587,4.04122
17.08362,0.51980,-13.89860,-1.44354,0.21783,0.39564,0.96686,3.90499
17.18237,0.53338,-13.99642,-1.42022,0.25664,0.40992,0.95259,3.76865
17.28092,0.54939,-14.09366,-1.39291,0.30040,0.42939,0.94195,3.63249
17.37931,0.56822,-14.19023,-1.36107,0.35007,0.44774,0.92283,3.49695
17.47759,0.59033,-14.28599,-1.32407,0.40663,0.47470,0.90037,3.36261
17.57584,0.61621,-14.38077,-1.28118,0.47093,0.50087,0.87413,3.23019
17.67415,0.64645,-14.47432,-1.23154,0.54400,0.53144,0.84359,3.10069
17.77260,0.68167,-14.56625,-1.17417,0.62645,0.56699,0.80824,2.97552
17.87124,0.72255,-14.65602,-1.10810,0.71777,0.60777,0.76723,2.85650
17.97014,0.76979,-14.74291,-1.03239,0.81642,0.65493,0.72026,2.74602
18.06930,0.82403,-14.82593,-0.94638,0.91812,0.70866,0.66642,2.64692
18.16874,0.88577,-14.90387,-0.84999,1.01610,0.76975,0.60681,2.56246
18.26840,0.95526,-14.97531,-0.74396,1.10068,0.83858,0.54824,2.49612
18.36824,1.03234,-15.03876,-0.63025,1.16334,0.91494,0.49233,2.44100
18.46817,1.11637,-15.09284,-0.51137,1.20135,0.99855,0.44070,2.41387
18.56814,1.20635,-15.13641,-0.38992,1.21659,1.08823,0.39577,2.38642
18.66813,1.30098,-15.16871,-0.26790,1.21965,1.18273,0.36087,2.39569
18.76806,1.39878,-15.18923,-0.14590,1.21592,1.28061,0.33972,2.36826
18.86796,1.49832,-15.19770,-0.02476,1.19867,1.24129,0.32291,2.40257
18.96776,1.59806,-15.19417,0.09362,1.16184,1.15425,0.34149,2.41621
19.06751,1.69666,-15.17908,0.20715,1.10461,1.07297,0.36412,2.45498
19.16728,1.79301,-15.15320,0.31399,1.02999,0.99802,0.40107,2.50878
19.26721,1.88634,-15.11749,0.41276,0.94278,0.93005,0.44936,2.57822
19.36750,1.97621,-15.07297,0.50271,0.84949,0.86945,0.50648,2.66212
19.46827,2.06237,-15.02070,0.58359,0.75549,0.81520,0.56003,2.75841
19.56958,2.14472,-14.96170,0.65545,0.66400,0.76794,0.60787,2.86493
19.67142,2.22333,-14.89695,0.71856,0.57670,0.72699,0.64875,2.97982
19.77378,2.29837,-14.82733,0.77329,0.49415,0.69088,0.68437,3.10162
19.87658,2.37010,-14.75369,0.82004,0.42129,0.65988,0.71550,3.22908
19.97969,2.43881,-14.67681,0.86013,0.36977,0.62434,0.73191,3.35988
20.08296,2.50470,-14.59730,0.89644,0.34173,0.61036,0.76351,3.48956
20.18611,2.56767,-14.51560,0.93077,0.32423,0.58223,0.78494,3.61231
20.28882,2.62763,-14.43220,0.96328,0.28085,0.56315,0.79511,3.72961
20.39083,2.68452,-14.34753,0.98827,0.14110,0.55004,0.81246,3.84742
20.49203,2.73942,-14.26252,0.99179,-0.06609,0.52717,0.82282,3.98067
20.59251,2.79488,-14.17872,0.97479,-0.20605,0.51535,0.82840,4.09432
20.69220,2.85177,-14.09687,0.95045,-0.25037,0.50797,0.84203,4.18921
20.79082,2.91015,-14.01738,0.92505,-0.25302,0.49303,0.85697,4.27621
20.88804,2.96962,-13.94048,0.90083,-0.25270,0.47146,0.87853,4.35656
20.98352,3.02980,-13.86635,0.87632,-0.26972,0.45038,0.90585,4.42356
21.07740,3.09080,-13.79498,0.84984,-0.29427,0.43416,0.93179,4.48241
21.17044,3.15317,-13.72595,0.82155,-0.30714,0.42366,0.95754,4.52989
21.26358,3.21759,-13.65868,0.79286,-0.30528,0.42396,0.95468,4.57428
21.35720,3.28423,-13.59292,0.76461,-0.29883,0.41193,0.94430,4.61823
21.45142,3.35313,-13.52865,0.73677,-0.25984,0.41855,0.95021,4.66220
21.54643,3.42437,-13.46579,0.71541,-0.14335,0.40595,0.96281,4.72302
21.64220,3.49713,-13.40352,0.70929,0.01679,0.39990,0.96885,4.81520
21.73866,3.57023,-13.34059,0.71852,0.15516,0.38932,0.97317,4.90109
21.83588,3.64292,-13.27603,0.73924,0.24488,0.39380,0.97495,4.83811
21.93400,3.71458,-13.20899,0.76626,0.28499,0.38275,0.97974,4.75951
22.03320,3.78508,-13.13922,0.79541,0.30245,0.37485,0.98651,4.68367
22.13357,3.85426,-13.06649,0.82657,0.31871,0.38245,0.97380,4.61011
22.23518,3.92189,-12.99065,0.85975,0.33459,0.39295,0.96331,4.53882
22.33806,3.98769,-12.91157,0.89497,0.35028,0.39995,0.96256,4.46989
22.44219,4.05136,-12.82917,0.93225,0.36565,0.40959,0.94667,4.40340
22.54754,4.11252,-12.74340,0.97159,0.38109,0.42170,0.93456,4.33991
22.65391,4.17074,-12.65437,1.01297,0.39624,0.45487,0.90762,4.28001
22.76123,4.22562,-12.56214,1.05630,0.41049,0.48395,0.89105,4.22363
22.86934,4.27673,-12.46687,1.10148,0.42419,0.50867,0.85384,4.17150
22.97799,4.32363,-12.36887,1.14834,0.43681,0.55344,0.82120,4.12406
23.08697,4.36593,-12.26844,1.19665,0.44807,0.59363,0.78529,4.08152
23.19599,4.40327,-12.16602,1.24615,0.45782,0.63879,0.74041,4.04263
23.30481,4.43539,-12.06204,1.29652,0.46571,0.68862,0.69041,4.01303
23.41312,4.46207,-11.95706,1.34742,0.47179,0.74321,0.63565,3.98336
23.52066,4.48319,-11.85162,1.39849,0.47589,0.80262,0.57655,3.96469
23.62714,4.49881,-11.74629,1.44895,0.47853,0.86616,0.51922,3.94820
23.73232,4.50917,-11.64163,1.49849,0.48025,0.93114,0.46289,3.93745
23.83600,4.51453,-11.53808,1.54719,0.48125,0.99067,0.40284,3.92972
23.93816,4.51515,-11.43593,1.59517,0.48162,1.06107,0.36213,3.92456
24.03887,4.51121,-11.33530,1.64262,0.48111,1.13780,0.33084,3.92167
24.13841,4.50281,-11.23611,1.68968,0.47846,1.09066,0.34440,3.92145
24.23722,4.48996,-11.13814,1.73645,0.47335,1.03108,0.36596,3.92623
24.33568,4.47264,-11.04122,1.78293,0.46595,0.97458,0.40585,3.93702
24.43405,4.45078,-10.94530,1.82899,0.45623,0.92175,0.45732,3.95391
24.53247,4.42438,-10.85049,1.87437,0.44421,0.87267,0.50628,3.97701
24.63100,4.39349,-10.75692,1.91872,0.42950,0.82774,0.55131,4.00635
24.72972,4.35825,-10.66470,1.96159,0.41206,0.78682,0.59205,4.04232
24.82863,4.31889,-10.57397,2.00252,0.39213,0.75020,0.62900,4.08515
24.92772,4.27571,-10.48478,2.04105,0.36967,0.71722,0.66176,4.13482
25.02700,4.22911,-10.39712,2.07677,0.34491,0.68789,0.69097,4.19136
25.12644,4.17943,-10.31097,2.10981,0.31843,0.66199,0.71701,4.25461
25.22605,4.12697,-10.22630,2.14019,0.29024,0.63927,0.74003,4.32421
25.32581,4.07199,-10.14306,2.16771,0.26206,0.61906,0.75994,4.39982
25.42567,4.01480,-10.06120,2.19253,0.24037,0.58823,0.78083,4.48047
25.52562,3.95565,-9.98063,2.21577,0.22891,0.56882,0.80944,4.56343
25.62562,3.89464,-9.90140,2.23834,0.22230,0.55650,0.81309,4.64490
25.72562,3.83188,-9.82354,2.26027,0.20563,0.53381,0.83376,4.72451
25.82558,3.76748,-9.74709,2.27950,0.17637,0.51905,0.83095,4.80529
25.92550,3.70182,-9.67178,2.29558,0.10849,0.51753,0.83872,4.89075
26.02537,3.63504,-9.59752,2.30124,-0.02189,0.51694,0.85180,4.98707
26.12517,3.56861,-9.52304,2.29122,-0.13801,0.51571,0.85303,5.07363
26.22493,3.50340,-9.44754,2.27368,-0.18217,0.50672,0.85576,5.14383
26.32465,3.43966,-9.37085,2.25486,-0.18686,0.49006,0.86618,5.20905
26.42428,3.37741,-9.29306,2.23641,-0.18561,0.47862,0.88389,5.27172
26.52378,3.31669,-9.21424,2.21788,-0.18786,0.47873,0.90053,5.33041
26.62307,3.25756,-9.13447,2.19903,-0.19181,0.44782,0.91468,5.38428
26.72210,3.20012,-9.05380,2.17979,-0.19678,0.44728,0.92087,5.43267
26.82082,3.14444,-8.97228,2.16007,-0.20062,0.41699,0.94693,5.47608
26.91926,3.09054,-8.88991,2.14020,-0.20105,0.41786,0.93840,5.51663
27.01752,3.03839,-8.80663,2.12049,-0.19983,0.43630,0.93964,5.55554
27.11567,2.98794,-8.72245,2.10093,-0.19855,0.43300,0.92846,5.59299
27.21374,2.93918,-8.63736,2.08151,-0.19723,0.42429,0.93755,5.62911
27.31175,2.89210,-8.55139,2.06223,-0.19538,0.41507,0.93494,5.66437
27.40971,2.84671,-8.46458,2.04320,-0.19242,0.43275,0.93118,5.69923
27.50767,2.80297,-8.37693,2.02451,-0.18902,0.43593,0.95193,5.73414
27.60560,2.76086,-8.28851,2.00615,-0.18575,0.45483,0.95226,5.76943
27.70355,2.72038,-8.19932,1.98811,-0.18258,0.48899,0.91103,5.80504
27.80151,2.68148,-8.10942,1.97037,-0.17952,0.52858,0.87145,5.84092
27.89950,2.64416,-8.01881,1.95292,-0.17659,0.56666,0.83356,5.87699
27.99753,2.60841,-7.92753,1.93574,-0.17381,0.60296,0.79708,5.91321
28.09559,2.57448,-7.83553,1.91890,-0.17112,0.63746,0.76254,5.94950
28.19369,2.54290,-7.74265,1.90252,-0.16849,0.66961,0.73045,5.98581
28.29183,2.51357,-7.64900,1.88661,-0.16606,0.69946,0.70074,6.02214
28.38998,2.48636,-7.55470,1.87113,-0.16382,0.72706,0.67306,6.05838
28.48815,2.46110,-7.45983,1.85605,-0.16181,0.75267,0.64736,6.09442
28.58633,2.43762,-7.36449,1.84129,-0.16011,0.77651,0.62349,6.13004
28.68452,2.41572,-7.26878,1.82677,-0.15873,0.79874,0.60126,6.16499
28.78273,2.39524,-7.17273,1.81240,-0.15762,0.81956,0.58047,6.19914
28.88097,2.37600,-7.07639,1.79810,-0.15683,0.83911,0.55626,6.23232
28.97924,2.35786,-6.97981,1.78378,-0.15631,0.85755,0.53738,6.26439
29.07755,2.34071,-6.88301,1.76937,-0.15599,0.87497,0.51789,6.29523
29.17592,2.32445,-6.78599,1.75481,-0.15586,0.88978,0.49773,6.32476
29.27437,2.30903,-6.68876,1.74005,-0.15581,0.90437,0.48313,6.35296
29.37290,2.29442,-6.59131,1.72509,-0.15579,0.91341,0.46784,6.37984
29.47154,2.28063,-6.49365,1.70990,-0.15578,0.92933,0.45192,6.40544
29.57027,2.26776,-6.39576,1.69455,-0.15569,0.93950,0.44175,6.42986
29.66909,2.25632,-6.29760,1.67917,-0.15566,0.94964,0.42537,6.45309
29.76798,2.24638,-6.19922,1.66377,-0.15568,0.95962,0.41538,6.47512
29.86693,2.23795,-6.10062,1.64837,-0.15572,0.96943,0.41183,6.49596
29.96596,2.23104,-6.00184,1.63294,-0.15578,0.97275,0.40226,6.51563
30.06504,2.22565,-5.90290,1.61750,-0.15588,0.97581,0.39920,6.53413
30.16415,2.22179,-5.80386,1.60205,-0.15596,0.97407,0.39020,6.55150
30.26332,2.21945,-5.70472,1.58658,-0.15603,0.96222,0.38777,6.56782
30.36250,2.21866,-5.60554,1.57110,-0.15610,0.95803,0.39198,6.58311
30.46170,2.21940,-5.50635,1.55561,-0.15615,0.95971,0.39029,6.59742
30.56089,2.22167,-5.40718,1.54012,-0.15615,0.96107,0.39518,6.61087
30.66009,2.22548,-5.30805,1.52463,-0.15612,0.95586,0.39415,6.62352
30.75928,2.23082,-5.20901,1.50914,-0.15607,0.96414,0.39966,6.63543
30.85847,2.23770,-5.11006,1.49367,-0.15595,0.96956,0.41169,6.64673
30.95766,2.24611,-5.01122,1.47820,-0.15583,0.96352,0.41773,6.65746
31.05684,2.25604,-4.91255,1.46276,-0.15568,0.95101,0.43024,6.66768
31.15600,2.26750,-4.81405,1.44733,-0.15550,0.94453,0.44297,6.67746
31.25515,2.28046,-4.71575,1.43192,-0.15533,0.93165,0.45586,6.68681
31.35428,2.29494,-4.61769,1.41653,-0.15515,0.91858,0.46892,6.69577
31.45339,2.31093,-4.51987,1.40116,-0.15500,0.90522,0.48835,6.70433
31.55248,2.32841,-4.42234,1.38581,-0.15487,0.88761,0.50789,6.71249
31.65155,2.34737,-4.32510,1.37047,-0.15476,0.86850,0.52751,6.72024
31.75060,2.36783,-4.22819,1.35514,-0.15473,0.84790,0.54718,6.72749
31.84961,2.38975,-4.13163,1.33982,-0.15475,0.82581,0.57312,6.73420
31.94860,2.41315,-4.03544,1.32450,-0.15483,0.80223,0.59794,6.74032
32.04757,2.43802,-3.93965,1.30917,-0.15501,0.77714,0.62304,6.74573
32.14650,2.46434,-3.84428,1.29383,-0.15528,0.75054,0.64955,6.75033
32.24541,2.49211,-3.74936,1.27845,-0.15562,0.72246,0.67756,6.75406
32.34429,2.52134,-3.65489,1.26304,-0.15609,0.69293,0.70707,6.75674
32.44314,2.55201,-3.56092,1.24759,-0.15667,0.66197,0.73808,6.75823
32.54197,2.58412,-3.46746,1.23208,-0.15736,0.62959,0.77059,6.75840
32.64077,2.61768,-3.37453,1.21649,-0.15816,0.59564,0.80444,6.75709
32.73956,2.65267,-3.28215,1.20082,-0.15911,0.56024,0.83976,6.75406
32.83831,2.68910,-3.19035,1.18506,-0.16017,0.52346,0.87658,6.74912
32.93707,2.72698,-3.09915,1.16919,-0.16134,0.48529,0.91490,6.74207
33.03581,2.76630,-3.00858,1.15319,-0.16270,0.44547,0.95453,6.73245
33.13454,2.80706,-2.91866,1.13706,-0.16413,0.40439,0.99570,6.71396
33.23328,2.84929,-2.82940,1.12078,-0.16572,0.36182,1.03828,6.67500
33.33202,2.89296,-2.74085,1.10434,-0.16747,0.32454,1.06308,6.63511
33.43077,2.93810,-2.65301,1.08771,-0.16931,0.30094,1.06156,6.59455
33.52955,2.98471,-2.56593,1.07089,-0.17133,0.30895,1.04099,6.55337
33.62835,3.03281,-2.47962,1.05386,-0.17347,0.31330,1.05136,6.51184
33.72719,3.08239,-2.39412,1.03661,-0.17426,0.29487,1.05693,6.47009
33.82608,3.13347,-2.30944,1.01941,-0.17164,0.30395,1.05230,6.42537
33.92507,3.18605,-2.22557,1.00265,-0.16575,0.30720,1.06156,6.37312
34.02422,3.24008,-2.14243,0.98657,-0.15698,0.31558,1.06350,6.31173
34.12354,3.29551,-2.06002,0.97149,-0.14445,0.32068,1.04438,6.24110
34.22299,3.35220,-1.97831,0.95786,-0.12711,0.34935,1.02649,6.16110
34.32256,3.41000,-1.89723,0.94619,-0.10430,0.36895,1.00993,6.07180
34.42223,3.46871,-1.81669,0.93707,-0.07605,0.37501,0.99445,5.97377
34.52197,3.52808,-1.73655,0.93102,-0.04332,0.38445,0.97978,5.86827
34.62176,3.58783,-1.65662,0.92842,-0.00781,0.40629,0.96558,5.75716
34.72160,3.64768,-1.57670,0.92946,0.02856,0.42183,0.95128,5.64325
34.82148,3.70731,-1.49659,0.93413,0.06415,0.44215,0.92507,5.52998
34.92136,3.76643,-1.41609,0.94228,0.09793,0.45729,0.92159,5.41873
35.02124,3.82476,-1.33500,0.95369,0.12945,0.47350,0.90554,5.31042
35.12110,3.88202,-1.25318,0.96814,0.15871,0.49110,0.88343,5.20564
35.22092,3.93794,-1.17051,0.98539,0.18583,0.50985,0.86916,5.10472
35.32066,3.99228,-1.08686,1.00523,0.21105,0.53057,0.84830,5.00787
35.42031,4.04479,-1.00217,1.02748,0.23467,0.55346,0.82544,4.91518
35.51982,4.09524,-0.91639,1.05198,0.25688,0.57737,0.80038,4.82669
35.61918,4.14339,-0.82949,1.07858,0.27776,0.60638,0.77271,4.74234
35.71835,4.18905,-0.74145,1.10714,0.29749,0.63656,0.74231,4.66207
35.81729,4.23198,-0.65231,1.13753,0.31604,0.66973,0.70921,4.58570
35.91598,4.27222,-0.56220,1.16948,0.33372,0.70575,0.67349,4.51313
36.01439,4.30985,-0.47127,1.20286,0.35091,0.74395,0.63492,4.44452
36.11254,4.34474,-0.37952,1.23775,0.36746,0.78504,0.59398,4.37995
36.21049,4.37670,-0.28694,1.27425,0.38348,0.83275,0.55019,4.31966
36.30826,4.40550,-0.19351,1.31245,0.39883,0.89210,0.50356,4.26408
36.40591,4.43085,-0.09920,1.35240,0.41305,0.94280,0.45385,4.21339
36.50356,4.45244,-0.00397,1.39407,0.42594,0.99558,0.40134,4.16780
36.60127,4.46996,0.09216,1.43737,0.43730,1.05176,0.35732,4.12784
36.69917,4.48310,0.18917,1.48214,0.44665,1.11124,0.33040,4.09428
36.79741,4.49156,0.28705,1.52815,0.45331,1.17390,0.31039,4.06755
36.89621,4.49511,0.38579,1.57509,0.45714,1.09886,0.33626,4.04049
36.99567,4.49356,0.48523,1.62259,0.45863,1.02713,0.36921,4.02918
37.09577,4.48681,0.58510,1.67023,0.45793,0.95937,0.42073,4.02127
37.19643,4.47487,0.68506,1.71752,0.45492,0.89593,0.48338,4.01960
37.29757,4.45790,0.78476,1.76397,0.44965,0.83637,0.54249,4.02451
37.39911,4.43615,0.88394,1.80938,0.44239,0.78123,0.59799,4.03595
37.50096,4.40987,0.98235,1.85409,0.43362,0.72983,0.64903,4.05358
37.60305,4.37919,1.07971,1.89793,0.42354,0.68278,0.69633,4.07676
37.70525,4.34429,1.17577,1.94072,0.41226,0.63963,0.73938,4.10499
37.80747,4.30536,1.27028,1.98230,0.39975,0.60051,0.77835,4.13796
37.90964,4.26261,1.36309,2.02253,0.38619,0.56552,0.81353,4.17550
38.01167,4.21630,1.45400,2.06127,0.37161,0.53439,0.84477,4.21740
38.11351,4.16666,1.54292,2.09838,0.35583,0.50680,0.87197,4.26352
38.21511,4.11395,1.62977,2.13375,0.33868,0.48294,0.89593,4.31389
38.31644,4.05842,1.71453,2.16719,0.31956,0.46111,0.91389,4.36864
38.41748,4.00033,1.79721,2.19849,0.29794,0.43646,0.93365,4.42815
38.51824,3.93994,1.87787,2.22737,0.27752,0.41990,0.94261,4.49291
38.61878,3.87748,1.95665,2.25439,0.25389,0.41143,0.95732,4.56165
38.71911,3.81309,2.03360,2.27838,0.19285,0.40501,0.96780,4.63514
38.81934,3.74713,2.10905,2.29306,0.09743,0.40669,0.95582,4.72409
38.91939,3.68069,2.18387,2.29784,0.02716,0.40290,0.96256,4.82739
39.01934,3.61420,2.25849,2.29845,-0.01130,0.40583,0.96830,4.93305
39.11928,3.54774,2.33313,2.29559,-0.07858,0.40523,0.97412,5.03175
39.21926,3.48163,2.40814,2.28283,-0.16506,0.39425,0.98022,5.10956
39.31917,3.41711,2.48441,2.26260,-0.20609,0.37801,0.98839,5.16827
39.41903,3.35416,2.56194,2.24156,-0.20895,0.37948,0.99863,5.22237
39.51888,3.29294,2.64081,2.22072,-0.19923,0.36812,1.01110,5.13464
39.61873,3.23329,2.72089,2.20164,-0.18541,0.35374,1.02543,5.03757
39.71862,3.17510,2.80208,2.18356,-0.17118,0.32845,1.02780,4.93257
39.81856,3.11833,2.88434,2.16732,-0.14097,0.35790,1.01037,4.82038
39.91853,3.06277,2.96745,2.15529,-0.09160,0.36939,0.99936,4.69896
40.01848,3.00800,3.05105,2.14894,-0.03477,0.37404,0.98847,4.56820
40.11836,2.95339,3.13468,2.14866,0.02002,0.37877,0.98193,4.43088
40.21811,2.89827,3.21782,2.15414,0.07076,0.40255,0.95996,4.29147
40.31768,2.84218,3.30008,2.16471,0.11839,0.41899,0.95464,4.15125
40.41699,2.78478,3.38113,2.17992,0.16456,0.43428,0.93292,4.01076
40.51595,2.72585,3.46063,2.19951,0.21089,0.45630,0.91278,3.87034
40.61452,2.66517,3.53830,2.22345,0.25895,0.48018,0.89278,3.73018
40.71261,2.60261,3.61385,2.25186,0.31019,0.50529,0.87018,3.59056
40.81020,2.53801,3.68700,2.28504,0.36582,0.53136,0.84471,3.45167
40.90728,2.47122,3.75745,2.32341,0.42701,0.55983,0.81571,3.31371
41.00389,2.40203,3.82488,2.36756,0.49483,0.59258,0.78266,3.18418
41.10007,2.33024,3.88890,2.41819,0.57021,0.63005,0.74588,3.05870
41.19593,2.25559,3.94902,2.47610,0.65325,0.67094,0.70453,2.93839
41.29158,2.17778,4.00466,2.54216,0.74366,0.71751,0.65791,2.82474
41.38715,2.09658,4.05505,2.61721,0.83979,0.76917,0.60642,2.71967
41.48276,2.01180,4.09925,2.70189,0.93785,0.82713,0.54997,2.62541
41.57853,1.92339,4.13607,2.79636,1.03218,0.89069,0.49684,2.54458
41.67458,1.83151,4.16406,2.89978,1.11469,0.96113,0.44824,2.48034
41.77105,1.73674,4.18210,3.01079,1.17552,1.03786,0.40563,2.43320
41.86818,1.63987,4.18927,3.12724,1.20839,1.12020,0.37121,2.40683
41.96611,1.54204,4.18490,-3.03667,1.21880,1.20718,0.34792,2.37995
42.06485,1.44463,4.16871,-2.91613,1.21988,1.29727,0.33447,2.39547
42.16440,1.34912,4.14065,-2.79462,1.21125,1.23235,0.32188,2.36814
42.26474,1.25701,4.10086,-2.67388,1.17813,1.13702,0.35293,2.40422
42.36589,1.16959,4.04997,-2.55714,1.11659,1.04760,0.38669,2.43964
42.46792,1.08783,3.98894,-2.44699,1.03255,0.96489,0.43345,2.49650
42.57102,1.01221,3.91886,-2.34528,0.93434,0.88897,0.49041,2.57281
42.67527,0.94299,3.84091,-2.25307,0.83186,0.81989,0.55546,2.66602
42.78057,0.88020,3.75637,-2.17074,0.73098,0.75771,0.62708,2.77258
42.88687,0.82361,3.66639,-2.09820,0.63481,0.70201,0.69801,2.88969
42.99408,0.77281,3.57198,-2.03500,0.54616,0.65232,0.74780,3.01520
43.10201,0.72733,3.47410,-1.98049,0.46655,0.60793,0.79228,3.14686
43.21035,0.68669,3.37367,-1.93392,0.31313,0.56537,0.82838,3.28248
43.31878,0.65035,3.27151,-1.91251,0.19728,0.52526,0.86224,3.43735
