0.000000,0.684498,3.162799,-1.802882,0.157862,0.557614,0.823646,3.500117
0.104687,0.660419,3.060919,-1.786298,0.233512,0.533885,0.847365,3.619062
0.208676,0.639882,2.958978,-1.753948,0.304297,0.510918,0.864082,3.732560
0.311657,0.622729,2.857436,-1.723300,0.291880,0.495705,0.879295,3.840824
0.413746,0.608732,2.756311,-1.694168,0.279969,0.482521,0.892479,3.944455
0.515280,0.597673,2.655380,-1.666366,0.268882,0.471513,0.903487,4.044179
0.616409,0.589395,2.554591,-1.639712,0.259007,0.462679,0.912321,4.140454
0.717231,0.583768,2.453927,-1.614081,0.250056,0.456024,0.918976,4.233633
0.817799,0.580682,2.353406,-1.589369,0.240558,0.451507,0.923493,4.323985
0.918174,0.580037,2.253033,-1.565759,0.207872,0.449122,0.925878,4.411759
1.018429,0.581692,2.152791,-1.547681,0.126455,0.455028,0.919972,4.497185
1.118592,0.584669,2.052672,-1.540426,0.037190,0.455787,0.919213,4.580431
1.218641,0.587772,1.952672,-1.540242,-0.017112,0.456514,0.918486,4.661611
1.318571,0.590778,1.852787,-1.543852,-0.081519,0.460047,0.911693,4.740840
1.418382,0.593153,1.753004,-1.556537,-0.126786,0.438161,0.911839,4.818226
1.518065,0.593623,1.653322,-1.569145,-0.081395,0.442373,0.913867,4.893862
1.617606,0.593482,1.553781,-1.572740,-0.020612,0.439848,0.910142,4.967828
1.717117,0.593236,1.454271,-1.573245,-0.002385,0.437378,0.912612,5.040287
1.816640,0.592994,1.354748,-1.573214,0.000130,0.441302,0.908688,5.111343
1.916141,0.592754,1.255248,-1.573219,-0.000192,0.439118,0.910872,5.181037
2.015645,0.592512,1.155744,-1.573253,-0.000367,0.437091,0.900879,5.249447
2.115152,0.592266,1.056237,-1.573292,-0.000366,0.435189,0.889801,5.316630
2.214640,0.592015,0.956749,-1.573325,-0.000280,0.439683,0.885317,5.382622
2.314142,0.591762,0.857248,-1.573348,-0.000190,0.450544,0.886936,5.447495
2.413638,0.591508,0.757752,-1.573363,-0.000138,0.461573,0.888427,5.511282
2.513140,0.591252,0.658250,-1.573376,-0.000120,0.460230,0.889770,5.574031
2.612646,0.590994,0.558744,-1.573387,-0.000113,0.459005,0.890995,5.635781
2.712128,0.590736,0.459263,-1.573398,-0.000106,0.464170,0.885830,5.696553
2.811628,0.590477,0.359763,-1.573408,-0.000101,0.463222,0.886778,5.756408
2.911145,0.590216,0.260247,-1.573418,-0.000099,0.462393,0.887607,5.815377
3.010640,0.589955,0.160752,-1.573428,-0.000098,0.461683,0.888317,5.873468
3.110142,0.589693,0.061250,-1.573438,-0.000096,0.461112,0.888888,5.930729
3.209666,0.589429,-0.038273,-1.573447,-0.000095,0.460659,0.889341,5.987195
3.309176,0.589165,-0.137783,-1.573457,-0.000094,0.460315,0.889685,6.042871
3.408686,0.588900,-0.237292,-1.573466,-0.000094,0.460100,0.889900,6.097791
3.508197,0.588634,-0.336803,-1.573475,-0.000093,0.460003,0.889997,6.151978
3.607731,0.588367,-0.436336,-1.573484,-0.000093,0.460025,0.889975,6.205468
3.707261,0.588099,-0.535867,-1.573494,-0.000093,0.460146,0.889854,6.258266
3.806785,0.587830,-0.635390,-1.573503,-0.000093,0.460396,0.889604,6.310392
3.906333,0.587560,-0.734937,-1.573512,-0.000095,0.460745,0.889255,6.361881
4.005871,0.587289,-0.834475,-1.573522,-0.000099,0.454952,0.895048,6.412732
4.105420,0.587017,-0.934024,-1.573532,-0.000100,0.455518,0.894482,6.462976
4.204973,0.586744,-1.033577,-1.573542,-0.000100,0.456183,0.893817,6.512624
4.304529,0.586470,-1.133132,-1.573552,-0.000099,0.456957,0.893043,6.561692
4.404098,0.586196,-1.232701,-1.573562,-0.000098,0.457830,0.892170,6.610201
4.503672,0.585920,-1.332275,-1.573571,-0.000099,0.458801,0.891199,6.658161
4.603246,0.585643,-1.431848,-1.573581,-0.000102,0.453622,0.896378,6.705583
4.702826,0.585365,-1.531428,-1.573592,-0.000103,0.454791,0.895209,6.752484
4.802421,0.585086,-1.631023,-1.573602,-0.000102,0.456039,0.893961,6.798881
4.901998,0.584806,-1.730599,-1.573612,-0.000102,0.457386,0.892614,6.844771
5.001599,0.584525,-1.830200,-1.573622,-0.000104,0.452582,0.897418,6.890185
5.101228,0.584243,-1.929828,-1.573632,-0.000104,0.454107,0.895893,6.935136
5.200839,0.583960,-2.029439,-1.573643,-0.000102,0.455711,0.894289,6.979614
5.300455,0.583676,-2.129055,-1.573653,-0.000102,0.457413,0.898847,7.023641
5.400087,0.583391,-2.228686,-1.573663,-0.000104,0.452935,0.897075,7.067231
5.499710,0.583105,-2.328309,-1.573674,-0.000104,0.454796,0.895214,7.110383
5.599351,0.582818,-2.427949,-1.573684,-0.000104,0.456735,0.899525,7.153119
5.699007,0.582530,-2.527605,-1.573694,-0.000105,0.452494,0.897506,7.195445
5.798668,0.582240,-2.627265,-1.573705,-0.000105,0.454582,0.895418,7.237367
5.898324,0.581950,-2.726921,-1.573715,-0.000104,0.450499,0.812581,7.278888
5.997994,0.581659,-2.826591,-1.573725,-0.000097,0.452734,0.713196,7.320026
6.097668,0.581366,-2.926264,-1.573734,-0.000088,0.455039,0.614971,7.360783
6.197358,0.581073,-3.025953,-1.573743,-0.000083,0.451163,0.519017,7.401172
6.297052,0.580779,-3.125648,-1.573751,-0.000081,0.453597,0.428063,7.441196
6.396733,0.580484,-3.225328,-1.573759,-0.000081,0.449859,0.350421,7.480855
6.496428,0.580188,-3.325023,-1.573767,-0.000082,0.452431,0.297579,7.520166
6.596147,0.579891,-3.424741,-1.573775,-0.000082,0.448813,0.328167,7.559141
6.695859,0.579594,-3.524452,-1.573784,-0.000082,0.451493,0.391997,7.597774
6.795578,0.579295,-3.624171,-1.573792,-0.000084,0.447983,0.474777,7.636076
6.895311,0.578996,-3.723903,-1.573800,-0.000089,0.450782,0.564308,7.674056
6.995038,0.578696,-3.823630,-1.573810,-0.000098,0.447391,0.656719,7.711713
7.094779,0.578395,-3.923371,-1.573820,-0.000107,0.450298,0.750612,7.749060
7.194532,0.578093,-4.023123,-1.573831,-0.000112,0.447015,0.845315,7.786102
7.294282,0.577790,-4.122872,-1.573842,-0.000114,0.450011,0.899989,7.822837
7.394034,0.577485,-4.222625,-1.573854,-0.000115,0.446816,0.903184,7.859275
7.493798,0.577180,-4.322388,-1.573865,-0.000115,0.449910,0.900090,7.895423
7.593569,0.576873,-4.422158,-1.573877,-0.000115,0.446793,0.903217,7.931284
7.693334,0.576565,-4.521922,-1.573888,-0.000116,0.449974,0.906286,7.966859
7.793117,0.576256,-4.621705,-1.573900,-0.000118,0.446935,0.903065,8.002162
7.892904,0.575946,-4.721492,-1.573912,-0.000121,0.443935,0.906055,8.037191
7.992694,0.575634,-4.821282,-1.573924,-0.000121,0.447224,0.902766,8.071950
8.092488,0.575322,-4.921075,-1.573936,-0.000120,0.444292,0.905698,8.106445
8.192286,0.575008,-5.020872,-1.573948,-0.000120,0.447649,0.902341,8.140680
8.292082,0.574693,-5.120668,-1.573960,-0.000119,0.444794,0.905206,8.174656
8.391899,0.574376,-5.220484,-1.573972,-0.000119,0.448209,0.908051,8.208386
8.491708,0.574059,-5.320293,-1.573984,-0.000121,0.445383,0.904617,8.241863
8.591520,0.573740,-5.420104,-1.573996,-0.000123,0.442596,0.907404,8.275096
8.691334,0.573420,-5.519918,-1.574008,-0.000123,0.446077,0.903923,8.308087
8.791157,0.573099,-5.619741,-1.574021,-0.000122,0.443338,0.906662,8.340843
8.890987,0.572776,-5.719570,-1.574033,-0.000122,0.446857,0.909383,8.373366
8.990814,0.572453,-5.819396,-1.574045,-0.000124,0.444155,0.905845,8.405656
9.090647,0.572128,-5.919229,-1.574057,-0.000126,0.441462,0.908538,8.437720
9.190482,0.571801,-6.019064,-1.574070,-0.000126,0.445028,0.911232,8.469560
9.290319,0.571474,-6.118900,-1.574083,-0.000128,0.442353,0.907647,8.501179
9.390156,0.571145,-6.218736,-1.574096,-0.000130,0.439697,0.910303,8.532579
9.490004,0.570815,-6.318583,-1.574109,-0.000130,0.443290,0.906710,8.563766
9.589848,0.570484,-6.418427,-1.574122,-0.000128,0.440641,0.909349,8.594740
9.689687,0.570151,-6.518265,-1.574134,-0.000118,0.444251,0.911989,8.625503
9.789536,0.569817,-6.618114,-1.574145,-0.000087,0.441609,0.908381,8.656061
9.889380,0.569482,-6.717957,-1.574152,-0.000011,0.438987,0.911013,8.686413
9.989236,0.569147,-6.817813,-1.574147,0.000017,0.442595,0.913665,8.716566
10.089089,0.568813,-6.917666,-1.574148,-0.000495,0.439944,0.910056,8.746518
10.188935,0.568478,-7.017511,-1.574246,-0.003875,0.437311,0.912699,8.776269
10.288790,0.568124,-7.117365,-1.574922,-0.014124,0.440891,0.909119,8.805824
10.388633,0.567654,-7.217207,-1.577067,-0.036894,0.438103,0.911907,8.835174
10.488474,0.566872,-7.317044,-1.582290,-0.045061,0.434984,0.915016,8.864299
10.588294,0.565359,-7.416853,-1.586063,-0.019917,0.437383,0.912617,8.856760
10.688117,0.563824,-7.516664,-1.586266,-0.001927,0.433491,0.916509,8.800314
10.787935,0.562271,-7.616471,-1.586448,-0.001795,0.435809,0.920451,8.743466
10.887740,0.560700,-7.716263,-1.586624,-0.001759,0.431850,0.918160,8.686238
10.987558,0.559111,-7.816068,-1.586799,-0.001759,0.427864,0.922146,8.628618
11.087375,0.557505,-7.915873,-1.586975,-0.001774,0.430079,0.919931,8.570606
11.187198,0.555882,-8.015682,-1.587153,-0.001796,0.426008,0.923992,8.512193
11.287011,0.554240,-8.115481,-1.587334,-0.001825,0.428148,0.928102,8.453381
11.386822,0.552580,-8.215279,-1.587518,-0.001857,0.423990,0.926010,8.394156
11.486641,0.550902,-8.315084,-1.587705,-0.001894,0.419783,0.930217,8.334505
11.586446,0.549205,-8.414874,-1.587896,-0.001933,0.421778,0.928222,8.274432
11.686260,0.547489,-8.514673,-1.588091,-0.001975,0.417483,0.932527,8.213913
11.786073,0.545753,-8.614471,-1.588290,-0.002019,0.419379,0.936881,8.152945
11.885881,0.543997,-8.714264,-1.588494,-0.002066,0.414965,0.935045,8.091520
11.985687,0.542221,-8.814055,-1.588702,-0.002116,0.410499,0.939511,8.029626
12.085491,0.540423,-8.913842,-1.588916,-0.002168,0.412223,0.937787,7.967253
12.185291,0.538604,-9.013626,-1.589135,-0.002222,0.407635,0.942365,7.904390
12.285089,0.536763,-9.113407,-1.589359,-0.002279,0.409236,0.940764,7.841024
12.384894,0.534899,-9.213194,-1.589590,-0.002339,0.404523,0.945477,7.777137
12.484696,0.533012,-9.312979,-1.589826,-0.002402,0.405986,0.944014,7.712723
12.584495,0.531101,-9.412759,-1.590069,-0.002468,0.401126,0.948884,7.647769
12.684290,0.529165,-9.512536,-1.590319,-0.002536,0.402442,0.947568,7.582261
12.784083,0.527205,-9.612309,-1.590576,-0.002608,0.397432,0.952578,7.516184
12.883872,0.525218,-9.712078,-1.590839,-0.002684,0.398596,0.951414,7.449523
12.983668,0.523205,-9.811854,-1.591111,-0.002762,0.393433,0.956567,7.382256
13.083461,0.521164,-9.911626,-1.591391,-0.002845,0.394433,0.955567,7.314372
13.183251,0.519095,-10.011395,-1.591679,-0.002932,0.389094,0.960906,7.245855
13.283037,0.516996,-10.111159,-1.591976,-0.003022,0.389906,0.960094,7.176686
13.382821,0.514868,-10.210920,-1.592282,-0.002929,0.384388,0.965612,7.106846
13.482612,0.512709,-10.310688,-1.592561,-0.002471,0.385029,0.964971,7.036308
13.582390,0.510525,-10.410442,-1.592775,-0.001832,0.379315,0.970695,6.965058
13.682176,0.508323,-10.510203,-1.592926,-0.001200,0.379773,0.970237,6.893061
13.781959,0.506109,-10.609962,-1.593014,-0.000572,0.373909,0.976101,6.820302
13.881740,0.503889,-10.709718,-1.593040,0.000054,0.374210,0.975800,6.746758
13.981528,0.501670,-10.809482,-1.593004,0.000681,0.374431,0.975579,6.672397
14.081305,0.499458,-10.909234,-1.592904,0.001312,0.368349,0.981661,6.597208
14.181089,0.497258,-11.008993,-1.592742,0.001949,0.368439,0.981571,6.521148
14.280871,0.495079,-11.108752,-1.592515,0.002597,0.368479,0.981531,6.444194
14.380652,0.492924,-11.208510,-1.592224,0.003259,0.362215,0.987785,6.366315
14.480431,0.490803,-11.308266,-1.591865,0.003937,0.362153,0.987847,6.287478
14.580218,0.488720,-11.408031,-1.591438,0.004636,0.362041,0.987959,6.207638
14.679994,0.486684,-11.507786,-1.590940,0.005361,0.355644,0.994356,6.126773
14.779778,0.484701,-11.607551,-1.590368,0.006114,0.355461,0.994539,6.044827
14.879561,0.482778,-11.707315,-1.589720,0.006902,0.355249,0.994751,5.961764
14.979343,0.480924,-11.807080,-1.588991,0.007729,0.348765,1.001245,5.877537
15.079123,0.479148,-11.906844,-1.588177,0.008601,0.348508,1.001502,5.792097
15.178912,0.477456,-12.006619,-1.587274,0.009527,0.348246,1.001764,5.705379
15.278690,0.475859,-12.106384,-1.586276,0.010513,0.347989,1.002021,5.617345
15.378477,0.474367,-12.206160,-1.585176,0.011569,0.347737,1.002273,5.527913
15.478253,0.472990,-12.305927,-1.583967,0.012708,0.341240,1.008760,5.437034
15.578038,0.471738,-12.405704,-1.582640,0.013942,0.341029,1.008971,5.344617
15.677822,0.470626,-12.505482,-1.581185,0.015297,0.340846,1.009154,5.250592
15.777606,0.469665,-12.605261,-1.579588,0.016812,0.340705,1.009295,5.154871
15.877388,0.468872,-12.705040,-1.577830,0.019800,0.340632,1.009368,5.057361
15.977180,0.468262,-12.804830,-1.575636,0.026847,0.340632,1.009368,4.957950
16.076962,0.467906,-12.904611,-1.572472,0.038169,0.340776,1.009224,4.856694
16.176743,0.467927,-13.004392,-1.568019,0.051578,0.341187,1.008813,4.753720
16.276535,0.468460,-13.104183,-1.562178,0.066061,0.342010,1.007990,4.649056
16.376322,0.469647,-13.203962,-1.554835,0.081760,0.343357,1.006643,4.542759
16.476110,0.471645,-13.303731,-1.545861,0.098825,0.345355,1.004645,4.434856
16.575897,0.474623,-13.403474,-1.535108,0.117539,0.347943,1.002057,4.325392
16.675628,0.478764,-13.503118,-1.522405,0.138144,0.350936,0.999064,4.214481
16.775289,0.484268,-13.602627,-1.507557,0.160939,0.354075,0.995925,4.102196
16.874825,0.491352,-13.701911,-1.490336,0.186362,0.363374,0.986636,3.988690
16.974203,0.500255,-13.800889,-1.470479,0.214746,0.372340,0.983920,3.874111
17.073424,0.511241,-13.899500,-1.447680,0.246654,0.387037,0.975463,3.758602
17.172467,0.524601,-13.997638,-1.421570,0.282721,0.401059,0.961451,3.642391
17.271355,0.540665,-14.095212,-1.391720,0.323546,0.420532,0.950808,3.525715
17.370122,0.559803,-14.192107,-1.357621,0.370022,0.439116,0.931454,3.408891
17.468799,0.582430,-14.288155,-1.318670,0.423044,0.466507,0.908563,3.292367
17.567450,0.609019,-14.383155,-1.274166,0.483324,0.493290,0.881710,3.176714
17.666159,0.640102,-14.476843,-1.223305,0.551809,0.524607,0.850423,3.062702
17.764974,0.676259,-14.568805,-1.165192,0.629032,0.561004,0.814226,2.951461
17.863960,0.718112,-14.658507,-1.098907,0.714499,0.602686,0.772314,2.844468
17.963164,0.766294,-14.745225,-1.023589,0.806902,0.650733,0.724457,2.743687
18.062596,0.821380,-14.828003,-0.938610,0.902508,0.705299,0.669781,2.651627
18.162271,0.883830,-14.905690,-0.843837,0.993936,0.767090,0.609470,2.571210
18.262146,0.953837,-14.976922,-0.740168,1.073771,0.836430,0.550390,2.505629
18.362188,1.031225,-15.040321,-0.629030,1.139191,0.913023,0.494247,2.453418
18.462333,1.115442,-15.094511,-0.511944,1.186852,0.996636,0.442614,2.416765
18.562537,1.205576,-15.138291,-0.391078,1.211791,1.086192,0.397808,2.397206
18.662774,1.300404,-15.170773,-0.268855,1.219119,1.180585,0.363015,2.395352
18.762970,1.398448,-15.191432,-0.146534,1.219676,1.278384,0.341946,2.395351
18.863135,1.498247,-15.199973,-0.024296,1.218728,1.239015,0.325185,2.395346
18.963205,1.598250,-15.196287,0.097692,1.210491,1.152123,0.343617,2.394756
19.063170,1.696960,-15.180499,0.217990,1.183842,1.071520,0.365570,2.411415
19.163022,1.792993,-15.153150,0.334360,1.137506,0.998073,0.401017,2.443861
19.262780,1.885209,-15.115100,0.445108,1.076148,0.932688,0.446722,2.490410
19.362517,1.972790,-15.067380,0.549093,1.001490,0.876010,0.499930,2.549144
19.462263,2.055154,-15.011118,0.644952,0.912679,0.827197,0.548033,2.618107
19.562023,2.132055,-14.947570,0.731251,0.813076,0.786923,0.588887,2.701346
19.661780,2.203540,-14.877990,0.807227,0.713881,0.754400,0.621350,2.797146
19.761546,2.269940,-14.803530,0.873721,0.623574,0.727960,0.647290,2.904092
19.861323,2.331580,-14.725070,0.931687,0.537837,0.707870,0.667510,3.015100
19.961088,2.388920,-14.643430,0.981056,0.470284,0.684370,0.671880,3.131370
20.060872,2.442530,-14.559270,1.025546,0.367021,0.683240,0.690630,3.252325
20.160647,2.492393,-14.472848,1.054298,0.169269,0.668803,0.698367,3.365026
20.260416,2.541070,-14.385760,1.059328,-0.064598,0.661380,0.696880,3.483931
20.360263,2.590096,-14.298778,1.041432,-0.257611,0.656312,0.706188,3.598097
20.460366,2.642029,-14.213200,1.007885,-0.335203,0.636335,0.713655,3.708186
20.560778,2.697085,-14.129227,0.974201,-0.323369,0.624953,0.718797,3.805689
20.661343,2.754928,-14.046963,0.942814,-0.301602,0.616920,0.733080,3.902654
20.761746,2.815143,-13.966620,0.913484,-0.283200,0.600748,0.749252,3.998481
20.861602,2.877272,-13.888447,0.885995,-0.268359,0.577449,0.772541,4.092543
20.960497,2.940845,-13.812692,0.860084,-0.257182,0.554265,0.801975,4.184192
21.058273,3.005565,-13.739402,0.835438,-0.248806,0.535912,0.830038,4.272959
21.155180,3.071440,-13.668327,0.811751,-0.241008,0.523661,0.857539,4.358768
21.251767,3.138725,-13.599033,0.788910,-0.232911,0.522831,0.855799,4.441976
21.348341,3.207536,-13.531272,0.766813,-0.225820,0.510333,0.845907,4.523477
21.445049,3.277903,-13.464934,0.745299,-0.219577,0.517141,0.851619,4.603203
21.542077,3.349902,-13.399889,0.724305,-0.195442,0.505386,0.863374,4.681375
21.639549,3.423568,-13.336062,0.707284,-0.091560,0.499713,0.869037,4.758199
21.737503,3.498447,-13.272910,0.706334,0.070995,0.487977,0.874513,4.747438
21.835825,3.572882,-13.208671,0.721149,0.171413,0.490981,0.877769,4.650377
21.934655,3.646512,-13.142746,0.740083,0.198255,0.477736,0.884754,4.562373
22.034134,3.719310,-13.074947,0.760433,0.218041,0.466803,0.894557,4.473333
22.134363,3.791200,-13.005107,0.783592,0.248783,0.470446,0.885804,4.383084
22.235395,3.861868,-12.932903,0.810464,0.280344,0.476237,0.880023,4.298621
22.337266,3.931019,-12.858098,0.840443,0.307147,0.477866,0.884644,4.218391
22.440000,3.998349,-12.780504,0.873284,0.331717,0.481550,0.874710,4.141679
22.543585,4.063521,-12.699989,0.908883,0.355468,0.487171,0.869089,4.068253
22.647919,4.126120,-12.616522,0.947201,0.378743,0.513380,0.849110,3.998231
22.752971,4.185769,-12.530046,0.988195,0.401356,0.535114,0.839886,3.931790
22.858656,4.242042,-12.440588,1.031822,0.423716,0.552196,0.810314,3.869295
22.964816,4.294472,-12.348280,1.078009,0.445370,0.589136,0.785504,3.811221
23.071343,4.342632,-12.253260,1.126614,0.466036,0.621440,0.757480,3.758012
23.178047,4.386074,-12.155800,1.177466,0.485375,0.658797,0.720403,3.710185
23.284786,4.424410,-12.056182,1.230309,0.502864,0.701065,0.677965,3.668174
23.391357,4.457282,-11.954808,1.284845,0.518255,0.748502,0.630358,3.632396
23.497577,4.484409,-11.852111,1.340706,0.531106,0.801305,0.577865,3.603154
23.603243,4.505587,-11.748588,1.397497,0.541127,0.859002,0.526378,3.580649
23.708188,4.520710,-11.644739,1.454785,0.548224,0.919182,0.474848,3.564945
23.812235,4.529768,-11.541087,1.512161,0.552290,0.975138,0.418372,3.555988
23.915290,4.532842,-11.438077,1.569223,0.553396,1.043254,0.379946,3.553596
24.017287,4.530090,-11.336117,1.625646,0.551910,1.118895,0.349745,3.557505
24.118287,4.521718,-11.235465,1.681186,0.547392,1.071739,0.363321,3.567397
24.218515,4.507930,-11.136190,1.735671,0.539470,1.013010,0.384030,3.582966
24.318227,4.488914,-11.038308,1.788926,0.527980,0.958052,0.422378,3.603929
24.417644,4.464853,-10.941847,1.840724,0.513270,0.907255,0.471815,3.631703
24.516885,4.435956,-10.846906,1.890847,0.495890,0.860548,0.518402,3.666129
24.616032,4.402456,-10.753590,1.939071,0.475805,0.818175,0.560875,3.707034
24.715167,4.364593,-10.661970,1.985173,0.453270,0.779915,0.598955,3.754247
24.814319,4.322642,-10.572131,2.028947,0.428707,0.746018,0.633182,3.807567
24.913495,4.276895,-10.484136,2.070196,0.402075,0.715876,0.663104,3.866793
25.012723,4.227645,-10.397992,2.108724,0.373524,0.689589,0.689271,3.931762
25.111993,4.175210,-10.313700,2.144345,0.343064,0.667020,0.711980,4.002290
25.211320,4.119899,-10.231199,2.176858,0.310449,0.647868,0.731432,4.078250
25.310704,4.062032,-10.150400,2.206042,0.278055,0.631427,0.747573,4.159511
25.410125,4.001944,-10.071191,2.232140,0.253564,0.604521,0.764539,4.245920
25.509603,3.939882,-9.993448,2.256477,0.240799,0.589138,0.789112,4.334956
25.609125,3.875946,-9.917178,2.280062,0.233417,0.580962,0.788628,4.421704
25.708693,3.810228,-9.842380,2.302950,0.205495,0.562511,0.805059,4.506300
25.808305,3.742809,-9.769050,2.320994,0.152031,0.552072,0.797928,4.588873
25.907970,3.674367,-9.696602,2.333248,0.037300,0.554544,0.801706,4.669548
26.007714,3.605079,-9.624851,2.328443,-0.126573,0.557503,0.811237,4.748452
26.107479,3.537269,-9.551675,2.308005,-0.202905,0.558157,0.810583,4.825637
26.207335,3.470897,-9.477069,2.287946,-0.198459,0.550634,0.811856,4.901246
26.307292,3.405951,-9.401087,2.268347,-0.194435,0.535339,0.820901,4.975364
26.407321,3.342443,-9.323804,2.249055,-0.195551,0.525182,0.837328,5.048041
26.507391,3.280406,-9.245283,2.229208,-0.203452,0.526476,0.852784,5.118433
26.607448,3.219999,-9.165518,2.208327,-0.211817,0.496560,0.865940,5.180851
26.707439,3.161342,-9.084540,2.186823,-0.216813,0.496763,0.871387,5.236359
26.807312,3.104525,-9.002403,2.164982,-0.218582,0.466987,0.896933,5.286072
26.907024,3.049614,-8.919173,2.143194,-0.217065,0.468180,0.888080,5.331004
27.006595,2.996590,-8.834895,2.121728,-0.214233,0.486757,0.889183,5.375007
27.106033,2.945443,-8.749619,2.100564,-0.211500,0.483442,0.878018,5.418103
27.205375,2.896146,-8.663372,2.079689,-0.208881,0.474578,0.887262,5.460330
27.304621,2.848694,-8.576205,2.059084,-0.205929,0.465067,0.884943,5.501703
27.403794,2.803069,-8.488150,2.038833,-0.202071,0.482352,0.881578,5.542257
27.502915,2.759241,-8.399245,2.019016,-0.197859,0.485025,0.902835,5.583476
27.601979,2.717188,-8.309550,1.999622,-0.193733,0.503309,0.903781,5.625293
27.701016,2.676874,-8.219090,1.980640,-0.189687,0.536775,0.863245,5.667664
27.800025,2.638276,-8.127914,1.962056,-0.185759,0.575574,0.824456,5.710525
27.899024,2.601366,-8.036053,1.943859,-0.181940,0.612800,0.787420,5.753828
27.998011,2.566119,-7.943553,1.926035,-0.178259,0.648180,0.751860,5.797511
28.096998,2.532511,-7.850447,1.908571,-0.174681,0.682010,0.717990,5.841523
28.195998,2.500511,-7.756761,1.891452,-0.171232,0.714284,0.685776,5.885814
28.295014,2.470100,-7.662531,1.874663,-0.167949,0.744993,0.655207,5.930325
28.394046,2.441255,-7.567793,1.858191,-0.164795,0.774027,0.626093,5.974996
28.493110,2.413951,-7.472566,1.842019,-0.161776,0.801510,0.598520,6.019779
28.592207,2.388168,-7.376882,1.826132,-0.158953,0.827485,0.572515,6.064610
28.691329,2.363888,-7.280779,1.810512,-0.156280,0.851949,0.548051,6.109421
28.790499,2.341089,-7.184266,1.795144,-0.153764,0.874925,0.525105,6.154158
28.889711,2.319755,-7.087375,1.780007,-0.151461,0.896417,0.498953,6.198744
28.988964,2.299872,-6.990134,1.765084,-0.149348,0.916450,0.478480,6.243102
29.088263,2.281422,-6.892563,1.750354,-0.147431,0.935019,0.457841,6.287152
29.187612,2.264395,-6.794684,1.735796,-0.145758,0.950459,0.437051,6.330801
29.287002,2.248780,-6.696529,1.721386,-0.144321,0.965121,0.422379,6.373938
29.386443,2.234567,-6.598109,1.707101,-0.143134,0.973645,0.407605,6.416451
29.485930,2.221750,-6.499451,1.692912,-0.142252,0.988490,0.392760,6.458196
29.585456,2.210325,-6.400583,1.678790,-0.141674,0.997140,0.384110,6.499008
29.685027,2.200291,-6.301519,1.664704,-0.141447,1.005810,0.369200,6.538692
29.784629,2.191649,-6.202292,1.650617,-0.141598,1.014439,0.360561,6.577003
29.884272,2.184404,-6.102914,1.636492,-0.142143,1.023026,0.358234,6.613654
29.983949,2.178564,-6.003407,1.622285,-0.143119,1.025251,0.349759,6.648273
30.083657,2.174143,-5.903797,1.607954,-0.144557,1.027326,0.347684,6.680390
30.183376,2.171156,-5.804123,1.593456,-0.146356,1.024704,0.339566,6.709401
30.283127,2.169623,-5.704384,1.578759,-0.148414,1.012057,0.337943,6.734546
30.382879,2.169567,-5.604632,1.563846,-0.150423,1.007122,0.342878,6.754816
30.482653,2.171010,-5.504868,1.548745,-0.151811,1.008119,0.341881,6.768958
30.582421,2.173967,-5.405144,1.533553,-0.151674,1.008812,0.347438,6.775421
30.682207,2.178440,-5.305459,1.518478,-0.148853,1.002969,0.347041,6.772478
30.781984,2.184403,-5.205860,1.503846,-0.142874,1.010667,0.353133,6.758495
30.881768,2.191791,-5.106350,1.489966,-0.136823,1.015619,0.365631,6.732461
30.981555,2.200516,-5.006945,1.476539,-0.134605,1.009313,0.371937,6.696195
31.081334,2.210573,-4.907674,1.463103,-0.135105,0.996736,0.384514,6.658154
31.181113,2.221965,-4.808547,1.449578,-0.136244,0.990393,0.397107,6.619139
31.280896,2.234704,-4.709581,1.435913,-0.137823,0.977823,0.409687,6.579587
31.380671,2.248800,-4.610807,1.422075,-0.139683,0.965236,0.422264,6.539766
31.480452,2.264272,-4.512232,1.408038,-0.141767,0.952492,0.441078,6.499848
31.580223,2.281135,-4.413897,1.393784,-0.144030,0.935628,0.459872,6.459976
31.679999,2.299409,-4.315809,1.379298,-0.146412,0.917361,0.478649,6.420244
31.779773,2.319114,-4.218000,1.364567,-0.148932,0.897665,0.497415,6.380741
31.879545,2.340269,-4.120497,1.349580,-0.151537,0.876528,0.522402,6.341539
31.979321,2.362897,-4.023320,1.334328,-0.154214,0.853929,0.546241,6.302696
32.079100,2.387018,-3.926501,1.318804,-0.156981,0.829807,0.570373,6.264274
32.178874,2.412651,-3.830076,1.303002,-0.159812,0.804144,0.595946,6.226328
32.278649,2.439818,-3.734070,1.286915,-0.162661,0.776946,0.623074,6.188904
32.378433,2.468542,-3.638510,1.270540,-0.165583,0.748213,0.651787,6.152045
32.478206,2.498838,-3.543448,1.253871,-0.168540,0.717938,0.682112,6.115811
32.577985,2.530730,-3.448903,1.236908,-0.171511,0.686118,0.714062,6.080233
32.677761,2.564234,-3.354920,1.219645,-0.174487,0.652566,0.747514,6.045364
32.777549,2.599373,-3.261524,1.202085,-0.177507,0.617389,0.782611,6.011238
32.877320,2.636154,-3.168780,1.184222,-0.180522,0.580640,0.819410,5.977914
32.977107,2.674606,-3.076700,1.166061,-0.183490,0.542269,0.857911,5.945415
33.076890,2.714737,-2.985342,1.147600,-0.186514,0.502031,0.897969,5.913797
33.176666,2.756557,-2.894753,1.128842,-0.189455,0.460272,0.939818,5.883101
33.276455,2.800089,-2.804959,1.109790,-0.192391,0.416751,0.983349,5.853358
33.376231,2.845330,-2.716030,1.090446,-0.194994,0.378250,1.009370,5.824624
33.476017,2.892300,-2.627990,1.070877,-0.196520,0.353130,1.009370,5.796925
33.575799,2.940989,-2.540893,1.051225,-0.196826,0.359333,0.990607,5.768816
33.675578,2.991378,-2.454773,1.031599,-0.196222,0.361602,1.003058,5.738380
33.775364,3.043450,-2.369651,1.012067,-0.194787,0.340855,1.010945,5.705024
33.875157,3.097172,-2.285552,0.992723,-0.192172,0.347404,1.008846,5.668082
33.974955,3.152503,-2.202498,0.973710,-0.187795,0.347907,1.020853,5.626769
34.074761,3.209391,-2.120492,0.955238,-0.180840,0.353306,1.025774,5.580171
34.174576,3.267763,-2.039523,0.937609,-0.170306,0.355178,1.009882,5.527282
34.274384,3.327507,-1.959572,0.921240,-0.154927,0.380343,0.995497,5.467096
34.374192,3.388493,-1.880564,0.906683,-0.133546,0.396159,0.982721,5.398747
34.473989,3.450534,-1.802394,0.894584,-0.105557,0.398135,0.971325,5.321830
34.573784,3.513405,-1.724894,0.885615,-0.071328,0.403187,0.961043,5.236667
34.673577,3.576835,-1.647853,0.880348,-0.032376,0.420351,0.951519,5.144504
34.773383,3.640526,-1.571012,0.879152,0.009085,0.430973,0.942137,5.047344
34.873209,3.704161,-1.494097,0.882161,0.050861,0.446173,0.921047,4.947523
34.973049,3.767410,-1.416848,0.889306,0.091337,0.456050,0.922830,4.847241
35.072931,3.829975,-1.338987,0.900400,0.129634,0.466943,0.912097,4.748223
35.172854,3.891546,-1.260288,0.915207,0.165538,0.479214,0.895316,4.651728
35.272814,3.951825,-1.180548,0.933487,0.199124,0.492722,0.886288,4.558598
35.372823,4.010528,-1.099581,0.955023,0.230597,0.508326,0.870544,4.469367
35.472887,4.067377,-1.017234,0.979625,0.260318,0.526313,0.852587,4.384390
35.572982,4.122075,-0.933406,1.007131,0.288488,0.545595,0.832155,4.303963
35.673116,4.174346,-0.847998,1.037390,0.315156,0.570312,0.808778,4.228287
35.773279,4.223907,-0.760956,1.070263,0.340512,0.596613,0.782257,4.157573
35.873445,4.270469,-0.672269,1.105613,0.364457,0.626382,0.752558,4.092037
35.973610,4.313758,-0.581941,1.143286,0.386924,0.659754,0.719486,4.031874
36.073742,4.353497,-0.490033,1.183126,0.407805,0.696443,0.682427,3.977301
36.173831,4.389432,-0.396617,1.224949,0.426801,0.737191,0.641829,3.928502
36.273865,4.421322,-0.301803,1.268555,0.443845,0.785715,0.597225,3.885651
36.373814,4.448945,-0.205746,1.313726,0.458779,0.846963,0.548697,3.848906
36.473675,4.472110,-0.108609,1.360228,0.471268,0.900479,0.496171,3.818371
36.573470,4.490664,-0.010554,1.407816,0.481220,0.956800,0.440120,3.794102
36.673220,4.504479,0.088234,1.456246,0.488655,1.017025,0.392055,3.776123
36.772971,4.513460,0.187580,1.505279,0.493406,1.080840,0.360800,3.764408
36.872817,4.517543,0.287342,1.554686,0.495384,1.147917,0.336373,3.758892
36.972877,4.516680,0.387399,1.604270,0.494882,1.077235,0.357885,3.758548
37.073230,4.510837,0.487581,1.653852,0.492244,1.009699,0.386641,3.763454
37.173895,4.500008,0.587662,1.703229,0.487550,0.945931,0.434169,3.773651
37.274856,4.484222,0.687382,1.752181,0.480845,0.886293,0.493017,3.789138
37.376069,4.463549,0.786461,1.800479,0.472231,0.830465,0.548395,3.809867
37.477476,4.438105,0.884624,1.847902,0.461770,0.779156,0.600064,3.835751
37.579021,4.408042,0.981617,1.894235,0.449602,0.731802,0.647058,3.866670
37.680636,4.373551,1.077199,1.939282,0.435916,0.688952,0.690158,3.902476
37.782253,4.334855,1.171160,1.982862,0.420867,0.650132,0.728878,3.943010
37.883809,4.292198,1.263324,2.024816,0.404409,0.615395,0.763465,3.988116
37.985276,4.245832,1.353576,2.064989,0.386692,0.584811,0.794239,4.037673
38.086590,4.196034,1.441807,2.103247,0.367658,0.558035,0.821125,4.091574
38.187738,4.143071,1.527981,2.139433,0.346969,0.534718,0.844052,4.149812
38.288701,4.087217,1.612087,2.173375,0.324149,0.514990,0.863880,4.212472
38.389483,4.028743,1.694171,2.204825,0.298019,0.497101,0.877899,4.279809
38.490095,3.967926,1.774322,2.233389,0.267435,0.476140,0.893970,4.352325
38.590548,3.905067,1.852677,2.258583,0.240153,0.462923,0.899587,4.430897
38.690909,3.840452,1.929470,2.281601,0.207628,0.457368,0.911382,4.515837
38.791222,3.774147,2.004745,2.300237,0.102500,0.453481,0.919329,4.598748
38.891535,3.706748,2.079043,2.302164,-0.066377,0.457002,0.905508,4.679710
38.991671,3.640271,2.153929,2.286904,-0.180801,0.453197,0.912263,4.758690
39.091666,3.575378,2.230007,2.265981,-0.230017,0.453975,0.920155,4.835823
39.191583,3.512230,2.307440,2.240924,-0.267322,0.449060,0.930290,4.904989
39.291434,3.451316,2.386559,2.212584,-0.277360,0.431461,0.943009,4.931869
39.391266,3.392706,2.467374,2.185548,-0.248254,0.407769,0.958631,4.924293
39.491092,3.336172,2.549649,2.163021,-0.198497,0.401261,0.976849,4.876315
39.590928,3.281259,2.633026,2.145914,-0.149715,0.382154,0.997066,4.799547
39.690750,3.227574,2.717184,2.133127,-0.112839,0.360551,1.018619,4.707484
39.790553,3.174828,2.801909,2.123389,-0.086773,0.328770,1.027480,4.607064
39.890344,3.122809,2.887070,2.115808,-0.057992,0.352651,1.015619,4.501211
39.990125,3.071365,2.972567,2.111816,-0.013517,0.359386,1.009364,4.391128
40.089912,3.020030,3.058136,2.113111,0.037562,0.360077,1.002433,4.276074
40.189703,2.968359,3.143509,2.119313,0.084306,0.361390,0.999310,4.158381
40.289483,2.915970,3.228428,2.129938,0.127295,0.381907,0.980603,4.039398
40.389219,2.862526,3.312637,2.144715,0.168509,0.395083,0.978547,3.919777
40.488896,2.807707,3.395885,2.163550,0.209719,0.407021,0.960179,3.799823
40.588460,2.751227,3.477879,2.186509,0.252333,0.425610,0.943470,3.679776
40.687922,2.692770,3.558350,2.213781,0.297663,0.446071,0.926889,3.559780
40.787247,2.632050,3.636953,2.245692,0.346996,0.467869,0.907601,3.440106
40.886453,2.568743,3.713335,2.282676,0.401457,0.490881,0.885189,3.321053
40.985553,2.502530,3.787068,2.325302,0.462174,0.516729,0.858811,3.203091
41.084599,2.433063,3.857668,2.374250,0.530229,0.547435,0.827805,3.086836
41.183614,2.360023,3.924520,2.430318,0.606565,0.583623,0.792307,2.973235
41.282648,2.283102,3.986897,2.494368,0.691128,0.624122,0.751348,2.863536
41.381758,2.202044,4.043926,2.567258,0.783197,0.671351,0.704069,2.759408
41.480967,2.116727,4.094558,2.649710,0.880333,0.724826,0.650764,2.663063
41.580297,2.027209,4.137604,2.742079,0.977440,0.785802,0.591298,2.577176
41.679751,1.933815,4.171788,2.844092,1.067518,0.853479,0.534051,2.504761
41.779298,1.837221,4.195855,2.954632,1.141886,0.928826,0.480544,2.448843
41.878922,1.738435,4.208748,3.071641,1.191702,1.011163,0.432327,2.411893
41.978622,1.638740,4.209761,-3.090878,1.214581,1.099679,0.391731,2.395369
42.078367,1.539614,4.198656,-2.969131,1.219721,1.193209,0.361891,2.395350
42.178133,1.442553,4.175587,-2.847353,1.218097,1.290086,0.341654,2.395349
42.277899,1.349012,4.140897,-2.725908,1.205537,1.232081,0.322149,2.395593
42.377640,1.260370,4.095170,-2.606703,1.168924,1.143630,0.346320,2.416684
42.477369,1.177698,4.039393,-2.492667,1.106045,1.060927,0.373363,2.456805
42.577148,1.101659,3.974786,-2.386072,1.023057,0.984678,0.413662,2.515121
42.677182,1.032441,3.902566,-2.288372,0.926979,0.914945,0.464435,2.589461
42.777738,0.969901,3.823825,-2.200228,0.825627,0.851763,0.523587,2.677450
42.879023,0.913723,3.739547,-2.121730,0.725532,0.795216,0.589574,2.776815
42.981132,0.863500,3.650643,-2.052592,0.630523,0.744898,0.655122,2.885408
43.084096,0.818748,3.557914,-1.992316,0.542677,0.700363,0.699757,3.001297
43.187843,0.778958,3.462100,-1.940272,0.463211,0.660935,0.739275,3.122703
43.292213,0.743613,3.363898,-1.895770,0.309607,0.623129,0.770621,3.247996
43.396985,0.712197,3.263946,-1.875340,0.194561,0.587563,0.799937,3.375713
