0.000000,0.618030,3.168277,-1.838252,0.155422,0.490921,0.890339,3.516166
0.107581,0.589599,3.064522,-1.821430,0.230423,0.462973,0.918277,3.637674
0.213902,0.564986,2.961088,-1.788627,0.302008,0.435993,0.939007,3.752958
0.318614,0.543998,2.858501,-1.757706,0.289918,0.416967,0.958033,3.862284
0.421975,0.526326,2.756662,-1.728436,0.277970,0.400114,0.974886,3.966468
0.524524,0.511676,2.655165,-1.700585,0.266751,0.385515,0.989485,4.066481
0.626489,0.499859,2.553887,-1.673934,0.256904,0.373141,1.001859,4.162873
0.727998,0.490729,2.452789,-1.648340,0.248044,0.362978,1.012022,4.256040
0.829119,0.484164,2.351882,-1.623692,0.240015,0.354977,1.020023,4.346273
0.929916,0.480054,2.251168,-1.599898,0.232541,0.349122,1.025878,4.433831
1.030485,0.478305,2.150615,-1.576882,0.225561,0.351618,1.023382,4.518968
1.130858,0.478831,2.050243,-1.554578,0.219116,0.349922,1.025078,4.601863
1.231044,0.481557,1.950095,-1.532941,0.209087,0.350268,1.024732,4.682656
1.331079,0.486409,1.850177,-1.512723,0.119558,0.355645,1.016095,4.761496
1.430996,0.493162,1.750488,-1.509055,-0.044176,0.338138,1.011862,4.838517
1.530644,0.498722,1.650996,-1.521579,-0.143992,0.347444,1.008796,4.913702
1.630045,0.502954,1.551685,-1.537709,-0.174991,0.349296,1.000694,4.987162
1.729391,0.505296,1.452367,-1.556334,-0.170632,0.349418,1.000572,5.059122
1.828776,0.505828,1.352983,-1.571615,-0.111836,0.354118,0.995872,5.129720
1.928156,0.505134,1.253606,-1.578566,-0.039327,0.351482,0.998508,5.198988
2.027547,0.504284,1.154219,-1.579432,-0.004428,0.348849,0.989121,5.266995
2.126943,0.503417,1.054826,-1.579447,0.000312,0.346329,0.978661,5.333794
2.226315,0.502564,0.955457,-1.579370,0.000403,0.350223,0.974777,5.399414
2.325706,0.501713,0.856070,-1.579367,-0.000019,0.360487,0.976993,5.463932
2.425087,0.500861,0.756693,-1.579374,-0.000090,0.370920,0.979080,5.527374
2.524476,0.500008,0.657308,-1.579385,-0.000102,0.368981,0.981019,5.589794
2.623871,0.499154,0.557916,-1.579394,-0.000096,0.367161,0.982839,5.651228
2.723232,0.498299,0.458559,-1.579404,-0.000090,0.371730,0.978270,5.711689
2.822619,0.497443,0.359176,-1.579412,-0.000087,0.370187,0.979813,5.771249
2.922030,0.496586,0.259768,-1.579421,-0.000087,0.368762,0.981238,5.829936
3.021408,0.495729,0.160394,-1.579430,-0.000087,0.367456,0.982544,5.887749
3.120793,0.494870,0.061013,-1.579438,-0.000087,0.366289,0.983711,5.944740
3.220212,0.494011,-0.038403,-1.579447,-0.000087,0.365240,0.984760,6.000951
3.319610,0.493150,-0.137797,-1.579456,-0.000087,0.364300,0.985700,6.056377
3.419003,0.492289,-0.237186,-1.579464,-0.000087,0.363489,0.986511,6.111051
3.518400,0.491427,-0.336579,-1.579473,-0.000088,0.362796,0.987204,6.165002
3.617828,0.490564,-0.436004,-1.579482,-0.000088,0.362222,0.987778,6.218266
3.717246,0.489700,-0.535418,-1.579490,-0.000089,0.361747,0.988253,6.270842
3.816656,0.488836,-0.634825,-1.579499,-0.000090,0.361400,0.988600,6.322751
3.916099,0.487970,-0.734264,-1.579508,-0.000093,0.361152,0.988848,6.374033
4.015527,0.487103,-0.833687,-1.579518,-0.000098,0.354763,0.995237,6.424681
4.114967,0.486235,-0.933124,-1.579528,-0.000100,0.354732,0.995268,6.474727
4.214412,0.485366,-1.032565,-1.579538,-0.000101,0.354800,0.995200,6.524183
4.313859,0.484497,-1.132008,-1.579548,-0.000101,0.354977,0.995023,6.573063
4.413323,0.483626,-1.231468,-1.579558,-0.000101,0.355252,0.994748,6.621391
4.512795,0.482754,-1.330936,-1.579568,-0.000103,0.355627,0.994373,6.669176
4.612259,0.481881,-1.430397,-1.579578,-0.000107,0.349849,1.000151,6.716423
4.711736,0.481007,-1.529870,-1.579589,-0.000109,0.350421,0.999579,6.763157
4.811231,0.480131,-1.629361,-1.579600,-0.000108,0.351071,0.998929,6.809392
4.910696,0.479255,-1.728822,-1.579611,-0.000110,0.351820,0.998180,6.855118
5.010194,0.478378,-1.828316,-1.579622,-0.000114,0.346417,1.003583,6.900377
5.109730,0.477499,-1.927848,-1.579633,-0.000115,0.347344,1.002656,6.945180
5.209237,0.476619,-2.027351,-1.579645,-0.000114,0.348349,1.001651,6.989509
5.308753,0.475738,-2.126864,-1.579656,-0.000115,0.349453,1.006807,7.033391
5.408289,0.474855,-2.226396,-1.579668,-0.000118,0.344375,1.005635,7.076842
5.507810,0.473972,-2.325913,-1.579679,-0.000119,0.345636,1.004374,7.119854
5.607353,0.473087,-2.425452,-1.579691,-0.000120,0.346976,1.009284,7.162455
5.706916,0.472201,-2.525011,-1.579703,-0.000124,0.342135,1.007865,7.204652
5.806483,0.471313,-2.624574,-1.579716,-0.000127,0.343622,1.006378,7.246446
5.906044,0.470425,-2.724131,-1.579729,-0.000129,0.338938,0.924142,7.287842
6.005625,0.469535,-2.823708,-1.579742,-0.000127,0.340573,0.825357,7.328859
6.105206,0.468643,-2.923286,-1.579754,-0.000124,0.342277,0.727733,7.369497
6.204810,0.467750,-3.022886,-1.579766,-0.000123,0.337799,0.632381,7.409771
6.304418,0.466856,-3.122490,-1.579779,-0.000124,0.339631,0.542029,7.449683
6.404006,0.465961,-3.222073,-1.579791,-0.000126,0.335290,0.464990,7.489228
6.503613,0.465065,-3.321676,-1.579804,-0.000129,0.337259,0.412751,7.528431
6.603254,0.464166,-3.421312,-1.579817,-0.000133,0.333037,0.443943,7.567302
6.702880,0.463267,-3.520935,-1.579830,-0.000136,0.335113,0.508377,7.605831
6.802515,0.462366,-3.620566,-1.579844,-0.000142,0.330998,0.591762,7.644031
6.902168,0.461464,-3.720215,-1.579858,-0.000149,0.333192,0.681898,7.681912
7.001815,0.460560,-3.819858,-1.579874,-0.000156,0.329194,0.774916,7.719472
7.101481,0.459655,-3.919519,-1.579889,-0.000161,0.331495,0.869415,7.756725
7.201164,0.458748,-4.019199,-1.579906,-0.000166,0.327605,0.964725,7.793677
7.300837,0.457839,-4.118868,-1.579923,-0.000170,0.329993,1.020007,7.830322
7.400512,0.456928,-4.218538,-1.579940,-0.000173,0.326189,1.023811,7.866669
7.500211,0.456016,-4.318233,-1.579957,-0.000176,0.328675,1.021325,7.902733
7.599909,0.455102,-4.417927,-1.579975,-0.000179,0.324948,1.025062,7.938509
7.699601,0.454186,-4.517615,-1.579993,-0.000183,0.327519,1.028741,7.974000
7.799324,0.453268,-4.617333,-1.580011,-0.000192,0.323869,1.026131,8.009223
7.899050,0.452348,-4.717055,-1.580031,-0.000201,0.320258,1.029732,8.044174
7.998778,0.451426,-4.816779,-1.580051,-0.000205,0.322934,1.027056,8.078856
8.098510,0.450502,-4.916507,-1.580072,-0.000208,0.319389,1.030601,8.113275
8.198245,0.449576,-5.016238,-1.580093,-0.000210,0.322131,1.027859,8.147433
8.297983,0.448648,-5.115971,-1.580114,-0.000212,0.318662,1.031338,8.181336
8.397749,0.447717,-5.215733,-1.580135,-0.000216,0.321461,1.034799,8.214995
8.497508,0.446784,-5.315487,-1.580157,-0.000227,0.318018,1.031982,8.248402
8.597268,0.445849,-5.415243,-1.580180,-0.000238,0.314613,1.035387,8.281564
8.697031,0.444912,-5.515001,-1.580204,-0.000242,0.317475,1.032525,8.314484
8.796808,0.443972,-5.614774,-1.580229,-0.000245,0.314116,1.035884,8.347170
8.896599,0.443030,-5.714560,-1.580253,-0.000252,0.317014,1.039226,8.379623
8.996379,0.442085,-5.814336,-1.580279,-0.000264,0.313689,1.036311,8.411836
9.096173,0.441137,-5.914125,-1.580306,-0.000282,0.310373,1.039627,8.443817
9.195968,0.440187,-6.013916,-1.580335,-0.000233,0.313313,1.042947,8.475541
9.295764,0.439233,-6.113708,-1.580352,-0.000166,0.310011,1.039989,8.499934
9.395574,0.438279,-6.213513,-1.580369,-0.000227,0.306729,1.043271,8.499934
9.495394,0.437322,-6.313329,-1.580398,-0.000305,0.309693,1.040307,8.499934
9.595204,0.436363,-6.413134,-1.580429,-0.000325,0.306415,1.043575,8.499934
9.695016,0.435400,-6.512941,-1.580463,-0.000337,0.309394,1.046846,8.499934
9.794837,0.434433,-6.612758,-1.580497,-0.000361,0.306119,1.043871,8.499934
9.894660,0.433463,-6.712576,-1.580535,-0.000387,0.302861,1.047139,8.499934
9.994502,0.432489,-6.812413,-1.580574,-0.000401,0.305830,1.050430,8.499934
10.094334,0.431511,-6.912240,-1.580615,-0.000439,0.302534,1.047466,8.499934
10.194166,0.430528,-7.012067,-1.580662,-0.000482,0.299255,1.050755,8.499934
10.294006,0.429541,-7.111903,-1.580711,-0.000512,0.302200,1.047810,8.499934
10.393846,0.428549,-7.211738,-1.580764,-0.000593,0.298891,1.051119,8.499934
10.493695,0.427550,-7.311581,-1.580829,-0.000684,0.295555,1.054445,8.499934
10.593542,0.426545,-7.411424,-1.580901,-0.000776,0.298463,1.051537,8.499934
10.693407,0.425533,-7.511283,-1.580984,-0.000893,0.295094,1.054906,8.499934
10.793260,0.424510,-7.611131,-1.581079,-0.000968,0.297945,1.058315,8.499934
10.893092,0.423479,-7.710958,-1.581178,0.000160,0.294527,1.055483,8.499934
10.992951,0.422437,-7.810812,-1.581047,0.004728,0.291088,1.058922,8.499934
11.092818,0.421432,-7.910673,-1.580233,0.019687,0.293907,1.056103,8.499934
11.192687,0.420552,-8.010538,-1.577115,0.028385,0.290581,1.059419,8.499934
11.292568,0.420170,-8.110419,-1.574563,0.013373,0.293982,1.062268,8.470529
11.392455,0.419800,-8.210305,-1.574443,0.001170,0.291116,1.058884,8.411432
11.492349,0.419441,-8.310199,-1.574330,0.001134,0.288232,1.061768,8.351877
11.592224,0.419094,-8.410073,-1.574217,0.001145,0.291578,1.058422,8.291895
11.692114,0.418758,-8.509962,-1.574101,0.001173,0.288666,1.061344,8.231462
11.792015,0.418434,-8.609862,-1.573982,0.001210,0.291976,1.064284,8.170571
11.891905,0.418122,-8.709752,-1.573859,0.001251,0.289008,1.061002,8.109227
11.991792,0.417822,-8.809639,-1.573732,0.001371,0.286022,1.063988,8.047417
12.091683,0.417535,-8.909529,-1.573586,0.001633,0.289260,1.060750,7.985124
12.191570,0.417265,-9.009416,-1.573406,0.001944,0.286223,1.063777,7.922345
12.291454,0.417014,-9.109300,-1.573197,0.002226,0.289416,1.060584,7.859069
12.391352,0.416785,-9.209198,-1.572961,0.002488,0.286341,1.063659,7.795272
12.491252,0.416581,-9.309097,-1.572700,0.002736,0.289491,1.060509,7.730950
12.591148,0.416405,-9.408993,-1.572415,0.002973,0.286368,1.063642,7.666093
12.691040,0.416258,-9.508885,-1.572106,0.003203,0.289475,1.060535,7.600686
12.790928,0.416143,-9.608773,-1.571775,0.003431,0.286314,1.063696,7.534717
12.890813,0.416062,-9.708658,-1.571421,0.003657,0.289386,1.060624,7.468170
12.990710,0.416018,-9.808554,-1.571044,0.003884,0.286196,1.063804,7.401018
13.090608,0.416013,-9.908452,-1.570645,0.004115,0.289234,1.060766,7.333253
13.190508,0.416048,-10.008353,-1.570222,0.004350,0.286003,1.063997,7.264857
13.290397,0.416127,-10.108242,-1.569776,0.004593,0.288995,1.061005,7.195821
13.390278,0.416252,-10.208122,-1.569305,0.004843,0.285733,1.064267,7.126124
13.490179,0.416425,-10.308024,-1.568808,0.005103,0.288709,1.061291,7.055727
13.590066,0.416649,-10.407910,-1.568285,0.005379,0.285406,1.064604,6.984634
13.689949,0.416927,-10.507793,-1.567734,0.005670,0.288346,1.061664,6.912815
13.789839,0.417261,-10.607682,-1.567152,0.006028,0.285033,1.064977,6.840241
13.889732,0.417655,-10.707574,-1.566529,0.006500,0.287949,1.062061,6.766890
13.989622,0.418114,-10.807463,-1.565854,0.007036,0.290850,1.059160,6.692745
14.089502,0.418642,-10.907342,-1.565124,0.007584,0.287511,1.062499,6.617784
14.189392,0.419247,-11.007230,-1.564339,0.008148,0.290408,1.059602,6.541966
14.289274,0.419933,-11.107110,-1.563496,0.008733,0.293315,1.056695,6.465274
14.389157,0.420705,-11.206990,-1.562594,0.009339,0.289980,1.060020,6.387669
14.489039,0.421571,-11.306868,-1.561631,0.009969,0.292907,1.057093,6.309120
14.588927,0.422536,-11.406751,-1.560603,0.010631,0.295844,1.054156,6.229586
14.688801,0.423607,-11.506620,-1.559507,0.011325,0.292557,1.057443,6.149045
14.788686,0.424791,-11.606497,-1.558340,0.012055,0.295542,1.054458,6.067437
14.888566,0.426095,-11.706370,-1.557099,0.012829,0.298558,1.051442,5.984732
14.988446,0.427527,-11.806239,-1.555778,0.013650,0.295361,1.054649,5.900880
15.088323,0.429095,-11.906104,-1.554372,0.014523,0.298450,1.051560,5.815834
15.188205,0.430808,-12.005971,-1.552877,0.015458,0.301594,1.048416,5.729536
15.288078,0.432675,-12.105826,-1.551284,0.016459,0.304801,1.045209,5.641941
15.387961,0.434706,-12.205689,-1.549589,0.017537,0.308073,1.041937,5.552969
15.487831,0.436911,-12.305534,-1.547781,0.018702,0.305159,1.044841,5.462579
15.587709,0.439302,-12.405384,-1.545853,0.019960,0.308591,1.041409,5.370677
15.687589,0.441893,-12.505230,-1.543794,0.021332,0.312112,1.037888,5.277193
15.787466,0.444696,-12.605068,-1.541592,0.022831,0.315735,1.034265,5.182045
15.887343,0.447726,-12.704899,-1.539234,0.024470,0.319485,1.030515,5.085141
15.987232,0.451000,-12.804734,-1.536704,0.026277,0.323369,1.026631,4.986367
16.087111,0.454535,-12.904551,-1.533984,0.028278,0.327405,1.022595,4.885634
16.186993,0.458352,-13.004359,-1.531055,0.030492,0.331612,1.018388,4.782808
16.286888,0.462472,-13.104170,-1.527892,0.032970,0.336022,1.013978,4.677741
16.386777,0.466921,-13.203960,-1.524468,0.039795,0.340631,1.009369,4.570303
16.486664,0.471724,-13.303731,-1.519942,0.055350,0.345434,1.004566,4.460324
16.586531,0.477075,-13.403455,-1.513408,0.076365,0.350395,0.999605,4.348342
16.686303,0.483175,-13.503040,-1.504691,0.099325,0.355347,0.994653,4.234570
16.785949,0.490247,-13.602435,-1.493593,0.124528,0.360058,0.989942,4.119176
16.885401,0.498530,-13.701541,-1.479886,0.152400,0.370562,0.979448,4.002386
16.984621,0.508283,-13.800281,-1.463306,0.183306,0.380391,0.975869,3.884411
17.083615,0.519795,-13.898604,-1.443543,0.217827,0.395638,0.966862,3.765440
17.182370,0.533378,-13.996419,-1.420224,0.256636,0.409920,0.952590,3.645734
17.280918,0.549389,-14.093658,-1.392908,0.300396,0.429392,0.941948,3.525554
17.379309,0.568223,-14.190229,-1.361069,0.350066,0.447743,0.922827,3.405235
17.477588,0.590328,-14.285991,-1.324073,0.406634,0.474696,0.900374,3.285242
17.575836,0.616211,-14.380768,-1.281181,0.470932,0.500868,0.874132,3.166169
17.674152,0.646448,-14.474318,-1.231536,0.544005,0.531436,0.843594,3.048824
17.772596,0.681667,-14.566247,-1.174174,0.626452,0.566987,0.808243,2.934403
17.871242,0.722549,-14.656023,-1.108101,0.717771,0.607772,0.767228,2.824486
17.970141,0.769789,-14.742910,-1.032391,0.816425,0.654926,0.720264,2.721202
18.069304,0.824026,-14.825926,-0.946383,0.918116,0.708663,0.666417,2.627280
18.168741,0.885774,-14.903868,-0.849991,1.016101,0.769754,0.606806,2.545893
18.268402,0.955260,-14.975310,-0.743961,1.100684,0.838580,0.548240,2.480479
18.368237,1.032338,-15.038762,-0.630248,1.163341,0.914938,0.492332,2.434099
18.468169,1.116372,-15.092841,-0.511370,1.201351,0.998547,0.440703,2.405328
18.568140,1.206349,-15.136410,-0.389919,1.216594,1.088226,0.395774,2.395357
18.668127,1.300977,-15.168706,-0.267901,1.219653,1.182730,0.360870,2.395336
18.768063,1.398782,-15.189233,-0.145897,1.215920,1.280608,0.339722,2.394312
18.867958,1.498318,-15.197704,-0.024760,1.198666,1.241286,0.322914,2.402996
18.967765,1.598062,-15.194168,0.093621,1.161843,1.154250,0.341490,2.426487
19.067511,1.696660,-15.179080,0.207146,1.104605,1.072970,0.364120,2.466233
19.167276,1.793009,-15.153198,0.313987,1.029994,0.998023,0.401067,2.520298
19.267206,1.886340,-15.117486,0.412760,0.942777,0.930048,0.449362,2.589245
19.367499,1.976212,-15.072970,0.502710,0.849486,0.869455,0.506485,2.671086
19.468270,2.062368,-15.020701,0.583585,0.755487,0.815202,0.560028,2.763863
19.569579,2.144724,-14.961701,0.655446,0.663995,0.767944,0.607866,2.865776
19.671422,2.223330,-14.896948,0.718561,0.576696,0.726995,0.648755,2.975200
19.773779,2.298370,-14.827334,0.773295,0.494154,0.690881,0.684369,3.090761
19.876578,2.370095,-14.753693,0.820036,0.421293,0.659883,0.715497,3.211267
19.979689,2.438808,-14.676814,0.860132,0.369765,0.624343,0.731907,3.335668
20.082961,2.504704,-14.597296,0.896442,0.341725,0.610360,0.763510,3.459943
20.186108,2.567675,-14.515602,0.930774,0.324231,0.582227,0.784943,3.578796
20.288824,2.627630,-14.432200,0.963280,0.280847,0.563149,0.795111,3.692453
20.390828,2.684520,-14.347534,0.988272,0.141097,0.550043,0.812457,3.801129
20.492028,2.739415,-14.262516,0.991795,-0.066085,0.527173,0.822817,3.905194
20.592515,2.794879,-14.178723,0.974788,-0.206053,0.515347,0.828403,4.005137
20.692196,2.851771,-14.096872,0.950452,-0.250373,0.507973,0.842027,4.101211
20.790821,2.910148,-14.017380,0.925049,-0.253020,0.493033,0.856967,4.193483
20.888036,2.969618,-13.940476,0.900830,-0.252701,0.471455,0.878535,4.281916
20.983518,3.029796,-13.866346,0.876324,-0.269717,0.450385,0.905855,4.366475
21.077403,3.090799,-13.794980,0.849843,-0.294269,0.434159,0.931791,4.439383
21.170441,3.153173,-13.725947,0.821550,-0.307139,0.423659,0.957541,4.497642
21.263576,3.217586,-13.658678,0.792864,-0.305282,0.423955,0.954675,4.542911
21.357197,3.284227,-13.592922,0.764610,-0.298833,0.411935,0.944305,4.588443
21.451420,3.353130,-13.528654,0.736770,-0.259843,0.418554,0.950206,4.632906
21.546430,3.424367,-13.465788,0.715410,-0.143349,0.405948,0.962812,4.678918
21.642198,3.497130,-13.403522,0.709294,0.016790,0.399902,0.968848,4.734168
21.738656,3.570233,-13.340592,0.718522,0.155159,0.389316,0.973174,4.631693
21.835879,3.642925,-13.276031,0.739238,0.244879,0.393804,0.974946,4.539268
21.934005,3.714580,-13.208991,0.766263,0.284986,0.382753,0.979737,4.471205
22.033197,3.785079,-13.139215,0.795410,0.302455,0.374847,0.986513,4.406292
22.133569,3.854257,-13.066489,0.826574,0.318708,0.382446,0.973804,4.343712
22.235184,3.921888,-12.990649,0.859751,0.334589,0.392948,0.963312,4.283257
22.338059,3.987693,-12.911574,0.894969,0.350280,0.399946,0.962564,4.224995
22.442193,4.051360,-12.829169,0.932250,0.365653,0.409589,0.946671,4.169126
22.547536,4.112524,-12.743402,0.971589,0.381087,0.421703,0.934557,4.115977
22.653910,4.170741,-12.654373,1.012968,0.396237,0.454868,0.907622,4.065994
22.761235,4.225619,-12.562139,1.056303,0.410491,0.483947,0.891053,4.019552
22.869344,4.276729,-12.466874,1.101481,0.424194,0.508674,0.853836,3.977106
22.977988,4.323626,-12.368873,1.148344,0.436809,0.553443,0.821197,3.939119
23.086966,4.365929,-12.268440,1.196652,0.448074,0.593634,0.785286,3.905962
23.195988,4.403275,-12.166016,1.246152,0.457815,0.638790,0.740410,3.877988
23.304808,4.435392,-12.062043,1.296520,0.465715,0.688617,0.690413,3.855429
23.413125,4.462068,-11.957062,1.347423,0.471786,0.743212,0.635648,3.838439
23.520665,4.483193,-11.851617,1.398500,0.475877,0.802617,0.576553,3.827048
23.627155,4.498751,-11.746269,1.449403,0.477972,0.866220,0.519160,3.821177
23.732375,4.508822,-11.641533,1.499796,0.478219,0.931495,0.462535,3.820642
23.836126,4.513570,-11.537891,1.549402,0.476756,0.991648,0.401862,3.825180
23.938326,4.513226,-11.435691,1.597995,0.473813,1.063014,0.360186,3.834473
24.038991,4.508055,-11.335159,1.645454,0.469294,1.140951,0.327689,3.848190
24.138364,4.498310,-11.236265,1.691705,0.462070,1.095160,0.339900,3.866051
24.236884,4.484192,-11.138762,1.736699,0.452115,1.036886,0.360154,3.889173
24.334948,4.465854,-11.042428,1.780425,0.440092,0.981477,0.398953,3.917472
24.432868,4.443418,-10.947112,1.822845,0.426400,0.929327,0.449743,3.950882
24.530832,4.417013,-10.852774,1.863890,0.411351,0.880380,0.498570,3.989320
24.628965,4.386774,-10.759416,1.903469,0.394819,0.834904,0.544146,4.032701
24.727380,4.352838,-10.667037,1.941469,0.376899,0.792716,0.586154,4.080957
24.826120,4.315369,-10.575683,1.977776,0.357880,0.754112,0.625088,4.133989
24.925192,4.274549,-10.485411,2.012268,0.337651,0.718546,0.660434,4.191691
25.024611,4.230571,-10.396248,2.044810,0.316289,0.686183,0.692677,4.253978
25.124341,4.183657,-10.308242,2.075274,0.293801,0.656963,0.722037,4.320734
25.224362,4.134032,-10.221400,2.103515,0.270023,0.630670,0.748630,4.391875
25.324631,4.081944,-10.135722,2.129380,0.246074,0.606690,0.772310,4.467298
25.425081,4.027662,-10.051201,2.152926,0.227183,0.571948,0.797112,4.546877
25.525672,3.971418,-9.967804,2.175071,0.217028,0.548492,0.829758,4.629251
25.626313,3.913336,-9.885614,2.196618,0.211191,0.532031,0.837559,4.709770
25.726928,3.853536,-9.804699,2.217592,0.205763,0.505105,0.862465,4.788456
25.827427,3.792144,-9.725130,2.238015,0.200703,0.486019,0.863981,4.865339
25.927752,3.729271,-9.646950,2.257908,0.179676,0.480519,0.875731,4.940470
26.027868,3.665009,-9.570180,2.274028,0.082802,0.476383,0.892357,5.013913
26.127741,3.599944,-9.494411,2.274432,-0.073121,0.473261,0.895479,5.085727
26.227433,3.535895,-9.418016,2.259406,-0.165885,0.462816,0.899674,5.156035
26.326932,3.473370,-9.340615,2.241378,-0.179286,0.444773,0.911467,5.224899
26.426185,3.412386,-9.262307,2.223762,-0.175666,0.432048,0.930462,5.292345
26.525124,3.352964,-9.183200,2.206550,-0.172275,0.430983,0.948277,5.358391
26.623666,3.295130,-9.103415,2.189728,-0.171799,0.399085,0.963415,5.423042
26.721734,3.238902,-9.023068,2.172763,-0.176743,0.397796,0.970354,5.486266
26.819311,3.184347,-8.942166,2.155152,-0.182661,0.366988,0.996932,5.543714
26.916479,3.131473,-8.860644,2.137214,-0.185034,0.367549,0.988711,5.595126
27.013433,3.080183,-8.778367,2.119260,-0.185431,0.385846,0.990094,5.643678
27.110280,3.030433,-8.695274,2.101293,-0.185602,0.382562,0.978898,5.689600
27.207081,2.982208,-8.611342,2.083325,-0.185586,0.374010,0.987830,5.733092
27.303853,2.935513,-8.526582,2.065372,-0.184828,0.365067,0.984943,5.774334
27.400618,2.890348,-8.441003,2.047559,-0.182765,0.383154,0.980776,5.813505
27.497406,2.846693,-8.354618,2.029999,-0.180188,0.386845,1.001015,5.852583
27.594218,2.804541,-8.267465,2.012675,-0.177768,0.406346,1.000744,5.891511
27.691075,2.763876,-8.179559,1.995574,-0.175465,0.441213,0.958807,5.930249
27.787991,2.724687,-8.090919,1.978678,-0.173280,0.481577,0.918453,5.968750
27.884988,2.686960,-8.001559,1.961973,-0.171237,0.520517,0.879703,6.006968
27.982061,2.650695,-7.911516,1.945445,-0.169360,0.557739,0.842301,6.044843
28.079216,2.615886,-7.820810,1.929080,-0.167598,0.593524,0.806476,6.082326
28.176473,2.582523,-7.729455,1.912864,-0.165936,0.627845,0.772215,6.119366
28.273842,2.550603,-7.637466,1.896784,-0.164444,0.660678,0.739522,6.155910
28.371305,2.520131,-7.544889,1.880825,-0.163098,0.691893,0.708227,6.191885
28.468882,2.491101,-7.451730,1.864975,-0.161826,0.721596,0.678434,6.227243
28.566581,2.463512,-7.358008,1.849223,-0.160722,0.749813,0.650187,6.261919
28.664381,2.437371,-7.263766,1.833554,-0.159748,0.776522,0.623478,6.295837
28.762300,2.412677,-7.169012,1.817958,-0.158861,0.801731,0.598299,6.328938
28.860337,2.389432,-7.073771,1.802423,-0.158116,0.825425,0.569945,6.361147
28.958482,2.367642,-6.978075,1.786937,-0.157484,0.847614,0.547316,6.392386
29.056738,2.347312,-6.881945,1.771492,-0.156946,0.868279,0.524581,6.422581
29.155101,2.328447,-6.785409,1.756077,-0.156532,0.885739,0.501771,6.451649
29.253559,2.311055,-6.688499,1.740683,-0.156199,0.902330,0.485170,6.479505
29.352121,2.295138,-6.591230,1.725302,-0.155942,0.912684,0.468566,6.506069
29.450774,2.280706,-6.493639,1.709927,-0.155794,0.929248,0.452002,6.531251
29.549509,2.267765,-6.395756,1.694550,-0.155691,0.939498,0.441752,6.554963
29.648329,2.256321,-6.297601,1.679168,-0.155657,0.949643,0.425367,6.577118
29.747215,2.246382,-6.199216,1.663774,-0.155679,0.959620,0.415380,6.597627
29.846173,2.237953,-6.100617,1.648367,-0.155719,0.969428,0.411832,6.616406
29.945195,2.231040,-6.001836,1.632944,-0.155778,0.972753,0.402257,6.633372
30.044277,2.225649,-5.902901,1.617504,-0.155885,0.975812,0.399198,6.648445
30.143392,2.221786,-5.803862,1.602047,-0.155962,0.974073,0.390197,6.661549
30.242560,2.219454,-5.704721,1.586578,-0.156028,0.962225,0.387775,6.672623
30.341742,2.218656,-5.605542,1.571096,-0.156099,0.958025,0.391975,6.681602
30.440941,2.219395,-5.506346,1.555608,-0.156150,0.959712,0.390288,6.688443
30.540131,2.221669,-5.407182,1.540117,-0.156154,0.961067,0.395183,6.693105
30.639333,2.225480,-5.308053,1.524628,-0.156123,0.955858,0.394152,6.695568
30.738520,2.230825,-5.209010,1.509143,-0.156073,0.964138,0.399662,6.695817
30.837713,2.237703,-5.110057,1.493667,-0.155947,0.969558,0.411692,6.693852
30.936901,2.246110,-5.011225,1.478204,-0.155828,0.963519,0.417731,6.689686
31.036074,2.256043,-4.912551,1.462756,-0.155685,0.951006,0.430244,6.683345
31.135235,2.267496,-4.814054,1.447326,-0.155503,0.944531,0.442969,6.674865
31.234386,2.280465,-4.715755,1.431917,-0.155328,0.931647,0.455863,6.664290
31.333516,2.294944,-4.617687,1.416527,-0.155150,0.918582,0.468918,6.651681
31.432633,2.310927,-4.519868,1.401158,-0.154997,0.905217,0.488353,6.637100
31.531719,2.328405,-4.422335,1.385806,-0.154868,0.887610,0.507890,6.620621
31.630790,2.347374,-4.325097,1.370470,-0.154759,0.868505,0.527505,6.602317
31.729835,2.367827,-4.228187,1.355144,-0.154733,0.847898,0.547182,6.582273
31.828848,2.389754,-4.131632,1.339824,-0.154749,0.825805,0.573125,6.560573
31.927842,2.413154,-4.035444,1.324503,-0.154826,0.802230,0.597940,6.537298
32.026808,2.438018,-3.939652,1.309173,-0.155007,0.777138,0.623042,6.512538
32.125742,2.464339,-3.844283,1.293826,-0.155276,0.750538,0.649552,6.486379
32.224649,2.492114,-3.749357,1.278454,-0.155618,0.722462,0.677558,6.458904
32.323534,2.521340,-3.654890,1.263045,-0.156094,0.692932,0.707068,6.430195
32.422380,2.552009,-3.560921,1.247589,-0.156672,0.661970,0.738080,6.400340
32.521209,2.584122,-3.467455,1.232076,-0.157359,0.629594,0.770586,6.369408
32.620008,2.617675,-3.374528,1.216491,-0.158162,0.595641,0.804439,6.337483
32.718796,2.652671,-3.282146,1.200824,-0.159107,0.560240,0.839760,6.304631
32.817553,2.689103,-3.190355,1.185060,-0.160170,0.523465,0.876585,6.270935
32.916309,2.726981,-3.099152,1.169189,-0.161341,0.485285,0.914895,6.236448
33.015048,2.766300,-3.008580,1.153195,-0.162701,0.445473,0.954527,6.201249
33.113775,2.807064,-2.918661,1.137064,-0.164129,0.404392,0.995698,6.165400
33.212520,2.849287,-2.829399,1.120784,-0.165724,0.361817,1.038283,6.128949
33.311255,2.892961,-2.740848,1.104337,-0.167470,0.324541,1.063079,6.091977
33.410013,2.938102,-2.653011,1.087712,-0.169311,0.300939,1.061561,6.054524
33.508789,2.984714,-2.565925,1.070892,-0.171331,0.308949,1.040991,6.016656
33.607588,3.032805,-2.479620,1.053863,-0.173473,0.313296,1.051364,5.978427
33.706427,3.082387,-2.394116,1.036609,-0.174263,0.294869,1.056931,5.939887
33.805317,3.133473,-2.309444,1.019411,-0.171638,0.303946,1.052304,5.901090
33.904308,3.186047,-2.225567,1.002654,-0.165750,0.307197,1.061563,5.857554
34.003460,3.240084,-2.142434,0.986572,-0.156980,0.315577,1.063503,5.808386
34.102777,3.295510,-2.060022,0.971494,-0.144446,0.320680,1.044380,5.752694
34.202228,3.352199,-1.978311,0.957856,-0.127113,0.349346,1.026494,5.689699
34.301801,3.410000,-1.897232,0.946191,-0.104300,0.368949,1.009931,5.618910
34.401465,3.468707,-1.816693,0.937070,-0.076055,0.375011,0.994449,5.540423
34.501205,3.528077,-1.736548,0.931021,-0.043321,0.384451,0.979779,5.455082
34.601000,3.587832,-1.656620,0.928424,-0.007805,0.406287,0.965583,5.364480
34.700841,3.647679,-1.576704,0.929461,0.028557,0.421832,0.951278,5.270654
34.800716,3.707315,-1.496588,0.934126,0.064149,0.442154,0.925066,5.175674
34.900594,3.766435,-1.416087,0.942276,0.097935,0.457286,0.921594,5.081327
35.000479,3.824764,-1.335003,0.953692,0.129455,0.473503,0.905537,4.988923
35.100342,3.882022,-1.253185,0.968139,0.158705,0.491095,0.883435,4.899386
35.200154,3.937943,-1.170509,0.985387,0.185833,0.509853,0.869157,4.813309
35.299897,3.992280,-1.086865,1.005229,0.211051,0.530568,0.848302,4.731053
35.399549,4.044792,-1.002172,1.027480,0.234675,0.553460,0.825440,4.652844
35.499062,4.095237,-0.916392,1.051980,0.256881,0.577371,0.800379,4.578857
35.598420,4.143395,-0.829485,1.078577,0.277756,0.606376,0.772714,4.509189
35.697589,4.189048,-0.741450,1.107137,0.297490,0.636558,0.742312,4.443943
35.796530,4.231985,-0.652311,1.137527,0.316041,0.669733,0.709207,4.383213
35.895225,4.272013,-0.562098,1.169614,0.333459,0.705975,0.673265,4.327070
35.993636,4.308945,-0.470880,1.203268,0.349732,0.744938,0.633932,4.275604
36.091761,4.342620,-0.378714,1.238356,0.364653,0.787310,0.591710,4.228868
36.189605,4.372890,-0.285670,1.274738,0.378326,0.836764,0.546176,4.186913
36.287155,4.399617,-0.191853,1.312282,0.390720,0.898210,0.497450,4.149795
36.384444,4.422690,-0.097340,1.350851,0.401545,0.951167,0.445483,4.117528
36.481549,4.442021,-0.002178,1.390316,0.410861,1.006159,0.390761,4.090110
36.578546,4.457525,0.093572,1.430563,0.418788,1.064281,0.344799,4.067540
36.675570,4.469134,0.189899,1.471498,0.425143,1.125226,0.316414,4.049797
36.772855,4.476784,0.286883,1.513058,0.429386,1.188678,0.295612,4.036852
36.870723,4.480394,0.384684,1.555176,0.431385,1.113623,0.321497,4.028701
36.969412,4.479853,0.483372,1.597789,0.431957,1.040968,0.355372,4.024350
37.068981,4.475044,0.582825,1.640814,0.431530,0.971359,0.408741,4.023938
37.169390,4.465866,0.682813,1.684116,0.429943,0.905208,0.474102,4.027574
37.270553,4.452256,0.783056,1.727527,0.427118,0.842259,0.536601,4.035333
37.372360,4.434192,0.883248,1.770864,0.423003,0.783303,0.595917,4.047242
37.474692,4.411696,0.983077,1.813940,0.417644,0.727867,0.650993,4.063289
37.577412,4.384836,1.082223,1.856570,0.411164,0.676599,0.702511,4.083413
37.680376,4.353727,1.180375,1.898575,0.403655,0.629131,0.749879,4.107515
37.783447,4.318519,1.277246,1.939794,0.395093,0.585618,0.793242,4.135463
37.886515,4.279392,1.372599,1.980074,0.385696,0.546235,0.832815,4.167106
37.989444,4.236560,1.466192,2.019292,0.375555,0.510738,0.868422,4.202263
38.092149,4.190243,1.557860,2.057335,0.364688,0.478878,0.899892,4.240769
38.194541,4.140679,1.647457,2.094115,0.353207,0.450886,0.927984,4.282450
38.296570,4.088099,1.734894,2.129555,0.341097,0.425119,0.949881,4.327170
38.398187,4.032736,1.820105,2.163588,0.328439,0.396788,0.973322,4.374817
38.499369,3.974815,1.903069,2.196156,0.314889,0.376875,0.985635,4.425349
38.600162,3.914517,1.983837,2.227174,0.300152,0.365491,1.003259,4.478853
38.700586,3.852036,2.062456,2.256528,0.283204,0.356541,1.016269,4.535552
38.800746,3.787512,2.139064,2.283952,0.261241,0.356376,1.006134,4.596038
38.900718,3.721117,2.213803,2.308776,0.235126,0.352595,1.012865,4.661533
39.000670,3.653014,2.286963,2.330914,0.207429,0.357687,1.016443,4.735081
39.100829,3.583246,2.358827,2.350250,0.110164,0.361402,1.017948,4.812765
39.201368,3.511951,2.429714,2.353075,-0.052768,0.357037,1.017433,4.889140
39.301904,3.441512,2.501449,2.339644,-0.163932,0.348246,1.018154,4.870500
39.402439,3.372148,2.574222,2.320104,-0.219414,0.357694,1.020416,4.780386
39.502896,3.304619,2.648596,2.295536,-0.248754,0.354080,1.025140,4.715080
39.603303,3.238997,2.724592,2.270145,-0.257990,0.346936,1.032234,4.649058
39.703698,3.175370,2.802250,2.243737,-0.255584,0.328130,1.028120,4.583145
39.804102,3.113853,2.881601,2.218823,-0.223928,0.363145,1.005125,4.517771
39.904486,3.054179,2.962323,2.198762,-0.169665,0.379393,0.989357,4.433976
40.004755,2.995974,3.043968,2.184768,-0.107077,0.387995,0.974515,4.333836
40.104803,2.938775,3.126052,2.177316,-0.042715,0.395740,0.964960,4.221846
40.204544,2.882092,3.208121,2.176250,0.019121,0.421405,0.941105,4.102708
40.303905,2.825459,3.289763,2.181147,0.077217,0.438640,0.934990,3.979928
40.402835,2.768442,3.370609,2.191590,0.132371,0.453719,0.913481,3.855673
40.501271,2.710657,3.450301,2.207302,0.186089,0.474666,0.894414,3.731221
40.599224,2.651715,3.528535,2.228165,0.240088,0.496811,0.876149,3.607251
40.696663,2.591274,3.604963,2.254240,0.296027,0.519697,0.855773,3.484277
40.793627,2.528969,3.679259,2.285732,0.355345,0.543256,0.832814,3.362660
40.890151,2.464448,3.751051,2.323004,0.419408,0.569146,0.806394,3.242830
40.986315,2.397341,3.819929,2.366549,0.489478,0.599400,0.775840,3.125290
41.082177,2.327304,3.885384,2.416992,0.566625,0.634634,0.741296,3.010804
41.177831,2.253993,3.946826,2.475042,0.651054,0.673650,0.701820,2.900353
41.273385,2.177095,4.003547,2.541450,0.742538,0.718817,0.656603,2.795274
41.368921,2.096393,4.054679,2.616905,0.839404,0.769590,0.606000,2.697365
41.464533,2.011792,4.099224,2.701865,0.937827,0.827163,0.549937,2.608845
41.560311,1.923386,4.136070,2.796355,1.032184,0.890688,0.496842,2.532304
41.656354,1.831511,4.164060,2.899781,1.114695,0.961129,0.448241,2.470488
41.752827,1.736741,4.182103,3.010795,1.175516,1.037862,0.405628,2.425908
41.849963,1.639870,4.189270,3.127237,1.208386,1.120201,0.371209,2.400502
41.947891,1.542039,4.184899,-3.036665,1.218796,1.207179,0.347921,2.395351
42.046632,1.444635,4.168710,-2.916131,1.219876,1.297271,0.334469,2.395053
42.146183,1.349120,4.140650,-2.794619,1.211247,1.232350,0.321880,2.390438
42.246521,1.257007,4.100863,-2.673878,1.178131,1.137018,0.352932,2.409377
42.347668,1.169595,4.049973,-2.557142,1.116589,1.047600,0.386690,2.447692
42.449697,1.087830,3.988944,-2.446989,1.032552,0.964888,0.433452,2.505525
42.552800,1.012213,3.918858,-2.345283,0.934340,0.888972,0.490408,2.580687
42.657044,0.942994,3.840912,-2.253071,0.831864,0.819889,0.555461,2.670669
42.762351,0.880204,3.756371,-2.170741,0.730977,0.757712,0.627078,2.772832
42.868650,0.823611,3.666390,-2.098201,0.634813,0.702013,0.698007,2.884753
42.975861,0.772808,3.571979,-2.035004,0.546158,0.652318,0.747802,3.004242
43.083785,0.727334,3.474104,-1.980492,0.466555,0.607933,0.792277,3.129239
43.192126,0.686691,3.373675,-1.933916,0.313133,0.565373,0.828377,3.257866
43.300561,0.650354,3.271510,-1.912509,0.197275,0.525260,0.862240,3.388489
