# s_m,x_m,y_m,kappa_radpm,along_info,cross_info,mode
0.00000,1.08005,4.71342,-3.69272,96.71,122.10,CORNER
0.11517,1.19341,4.73069,-1.99404,96.71,122.10,CORNER
0.23032,1.30787,4.71971,-1.27480,96.71,122.10,CORNER
0.34547,1.41938,4.69130,-0.91717,46.39,121.53,CORNER
0.46063,1.52717,4.65091,-0.74270,46.39,121.53,CORNER
0.57578,1.63103,4.60126,-0.67237,46.39,121.53,CORNER
0.69093,1.73065,4.54355,-0.69129,46.39,121.53,CORNER
0.80608,1.82524,4.47795,-0.79963,46.39,121.53,CORNER
0.92123,1.91349,4.40404,-0.85077,14.29,149.50,CORNER
1.03639,1.99418,4.32196,-0.83633,14.29,149.50,CORNER
1.15154,2.06677,4.23262,-0.73913,14.29,149.50,CORNER
1.26669,2.13162,4.13750,-0.57928,14.29,149.50,CORNER
1.38184,2.19008,4.03830,-0.37765,14.29,149.50,CORNER
1.49699,2.24409,3.93661,-0.21805,19.07,170.50,CORNER
1.61214,2.29532,3.83349,-0.16576,19.07,170.50,CORNER
1.72730,2.34460,3.72941,-0.10565,19.07,170.50,CORNER
1.84245,2.39258,3.62473,-0.05574,19.07,170.50,CORNER
1.95760,2.43988,3.51974,-0.00894,19.07,170.50,CORNER
2.07275,2.48706,3.41470,0.03472,24.85,180.19,TRANSIT
2.18790,2.53467,3.30985,0.07678,24.85,180.19,TRANSIT
2.30306,2.58320,3.20542,0.11813,24.85,180.19,TRANSIT
2.41821,2.63314,3.10167,0.15963,24.85,180.19,TRANSIT
2.53336,2.68498,2.99885,0.20175,24.85,180.19,TRANSIT
2.64851,2.73920,2.89726,0.24569,23.78,193.92,TRANSIT
2.76366,2.79627,2.79725,0.28905,23.78,193.92,TRANSIT
2.87882,2.85665,2.69921,0.34183,23.78,193.92,TRANSIT
2.99397,2.92079,2.60358,0.36245,23.78,193.92,TRANSIT
3.10912,2.98874,2.51063,0.32047,23.78,193.92,TRANSIT
3.22427,3.06010,2.42025,0.28709,12.53,202.19,APPROACH
3.33942,3.13440,2.33228,0.24993,12.53,202.19,APPROACH
3.45458,3.21119,2.24649,0.21340,12.53,202.19,APPROACH
3.56973,3.29008,2.16260,0.17716,12.53,202.19,APPROACH
3.68488,3.37066,2.08035,0.14187,12.53,202.19,APPROACH
3.80003,3.45258,1.99942,0.10769,26.23,187.47,APPROACH
3.91518,3.53550,1.91951,0.07476,26.23,187.47,APPROACH
4.03034,3.61910,1.84033,0.04310,26.23,187.47,APPROACH
4.14549,3.70310,1.76156,0.01269,26.23,187.47,APPROACH
4.26064,3.78721,1.68292,-0.01649,26.23,187.47,APPROACH
4.37579,3.87118,1.60412,-0.04457,53.24,168.11,APPROACH
4.49094,3.95474,1.52489,-0.07137,53.24,168.11,APPROACH
4.60610,4.03765,1.44498,-0.09773,53.24,168.11,APPROACH
4.72125,4.11966,1.36414,-0.12051,53.24,168.11,APPROACH
4.83640,4.20052,1.28216,-0.15455,53.24,168.11,APPROACH
4.95155,4.27989,1.19874,-0.20127,71.35,130.52,APPROACH
5.06670,4.35730,1.11349,-0.25197,71.35,130.52,APPROACH
5.18186,4.43219,1.02602,-0.31253,71.35,130.52,APPROACH
5.29701,4.50385,0.93589,-0.38630,71.35,130.52,APPROACH
5.41216,4.57140,0.84265,-0.47877,71.35,130.52,APPROACH
5.52731,4.63367,0.74581,-0.59664,105.94,83.54,APPROACH
5.64246,4.68906,0.64489,-0.74768,105.94,83.54,APPROACH
5.75762,4.73550,0.53956,-0.93822,105.94,83.54,APPROACH
5.87277,4.77024,0.42985,-1.16430,105.94,83.54,APPROACH
5.98792,4.78999,0.31651,-1.39864,105.94,83.54,APPROACH
6.10307,4.79152,0.20151,-1.56113,36.96,149.36,APPROACH
6.21822,4.77277,0.08805,-1.60544,36.96,149.36,APPROACH
6.33337,4.73410,-0.02026,-1.38228,36.96,149.36,APPROACH
6.44852,4.67924,-0.12141,-0.91011,36.96,149.36,APPROACH
6.56367,4.61372,-0.21606,-0.63795,36.96,149.36,APPROACH
6.67882,4.54129,-0.30555,-0.43786,5.56,161.74,STRAIGHT_BLIND
6.79398,4.46434,-0.39121,-0.29429,5.56,161.74,STRAIGHT_BLIND
6.90913,4.38450,-0.47418,-0.17792,5.56,161.74,STRAIGHT_BLIND
7.02428,4.30294,-0.55547,-0.07646,5.56,161.74,STRAIGHT_BLIND
7.13943,4.22068,-0.63606,0.03423,5.56,161.74,STRAIGHT_BLIND
7.25458,4.13873,-0.71695,0.13257,8.95,163.00,STRAIGHT_BLIND
7.36974,4.05779,-0.79886,0.08858,8.95,163.00,STRAIGHT_BLIND
7.48489,3.97770,-0.88159,0.04952,8.95,163.00,STRAIGHT_BLIND
7.60004,3.89807,-0.96477,-0.00180,8.95,163.00,STRAIGHT_BLIND
7.71519,3.81841,-1.04793,-0.05580,8.95,163.00,STRAIGHT_BLIND
7.83034,3.73822,-1.13057,-0.11013,18.92,155.93,STRAIGHT_BLIND
7.94550,3.65701,-1.21220,-0.15292,18.92,155.93,STRAIGHT_BLIND
8.06065,3.57436,-1.29238,-0.20296,18.92,155.93,STRAIGHT_BLIND
8.17580,3.49000,-1.37076,-0.15825,18.92,155.93,STRAIGHT_BLIND
8.29095,3.40435,-1.44772,-0.03623,18.92,155.93,STRAIGHT_BLIND
8.40610,3.31832,-1.52427,0.05439,28.66,140.69,STRAIGHT_BLIND
8.52126,3.23278,-1.60136,0.14870,28.66,140.69,STRAIGHT_BLIND
8.63641,3.14859,-1.67991,0.24723,28.66,140.69,STRAIGHT_BLIND
8.75156,3.06668,-1.76085,0.36039,28.66,140.69,STRAIGHT_BLIND
8.86671,2.98824,-1.84514,0.49355,28.66,140.69,STRAIGHT_BLIND
8.98186,2.91479,-1.93379,0.66650,22.58,100.60,STRAIGHT_BLIND
9.09702,2.84838,-2.02782,0.84872,22.58,100.60,STRAIGHT_BLIND
9.21217,2.79097,-2.12759,0.77893,22.58,100.60,STRAIGHT_BLIND
9.32732,2.74267,-2.23208,0.68708,22.58,100.60,STRAIGHT_BLIND
9.44247,2.70271,-2.34005,0.56652,22.58,100.60,STRAIGHT_BLIND
9.55762,2.66986,-2.45040,0.43768,13.32,85.18,STRAIGHT_BLIND
9.67278,2.64259,-2.56227,0.30527,13.32,85.18,STRAIGHT_BLIND
9.78793,2.61931,-2.67504,0.18845,13.32,85.18,STRAIGHT_BLIND
9.90308,2.59871,-2.78833,0.18042,13.32,85.18,STRAIGHT_BLIND
10.01823,2.58046,-2.90203,0.16540,13.32,85.18,STRAIGHT_BLIND
10.13338,2.56438,-3.01605,0.15329,7.50,86.69,STRAIGHT_BLIND
10.24854,2.55032,-3.13034,0.14139,7.50,86.69,STRAIGHT_BLIND
10.36369,2.53812,-3.24484,0.13034,7.50,86.69,STRAIGHT_BLIND
10.47884,2.52765,-3.35952,0.11989,7.50,86.69,STRAIGHT_BLIND
10.59399,2.51876,-3.47432,0.11005,7.50,86.69,STRAIGHT_BLIND
10.70914,2.51132,-3.58923,0.10074,8.20,93.10,STRAIGHT_BLIND
10.82429,2.50522,-3.70422,0.09191,8.20,93.10,STRAIGHT_BLIND
10.93945,2.50034,-3.81927,0.08350,8.20,93.10,STRAIGHT_BLIND
11.05460,2.49657,-3.93436,0.07547,8.20,93.10,STRAIGHT_BLIND
11.16975,2.49379,-4.04948,0.06777,8.20,93.10,STRAIGHT_BLIND
11.28490,2.49192,-4.16462,0.06035,9.05,101.87,STRAIGHT_BLIND
11.40005,2.49084,-4.27976,0.05317,9.05,101.87,STRAIGHT_BLIND
11.51521,2.49048,-4.39491,0.04619,9.05,101.87,STRAIGHT_BLIND
11.63036,2.49072,-4.51007,0.03936,9.05,101.87,STRAIGHT_BLIND
11.74551,2.49149,-4.62521,0.03263,9.05,101.87,STRAIGHT_BLIND
11.86066,2.49269,-4.74036,0.02598,10.54,124.87,STRAIGHT_BLIND
11.97581,2.49423,-4.85550,0.01936,10.54,124.87,STRAIGHT_BLIND
12.09097,2.49603,-4.97064,0.01272,10.54,124.87,STRAIGHT_BLIND
12.20612,2.49800,-5.08578,0.00606,10.54,124.87,STRAIGHT_BLIND
12.32127,2.50005,-5.20091,-0.00087,10.54,124.87,STRAIGHT_BLIND
12.43642,2.50209,-5.31604,-0.00728,12.58,156.05,STRAIGHT_BLIND
12.55157,2.50404,-5.43118,-0.01058,12.58,156.05,STRAIGHT_BLIND
12.66673,2.50585,-5.54632,-0.01428,12.58,156.05,STRAIGHT_BLIND
12.78188,2.50747,-5.66146,-0.01788,12.58,156.05,STRAIGHT_BLIND
12.89703,2.50885,-5.77660,-0.02149,12.58,156.05,STRAIGHT_BLIND
13.01218,2.50995,-5.89175,-0.02504,15.93,169.16,STRAIGHT_BLIND
13.12733,2.51071,-6.00690,-0.02850,15.93,169.16,STRAIGHT_BLIND
13.24249,2.51110,-6.12205,-0.03186,15.93,169.16,STRAIGHT_BLIND
13.35764,2.51106,-6.23720,-0.03502,15.93,169.16,STRAIGHT_BLIND
13.47279,2.51056,-6.35235,-0.03826,15.93,169.16,STRAIGHT_BLIND
13.58794,2.50956,-6.46750,-0.04037,21.18,174.18,TRANSIT
13.70309,2.50801,-6.58264,-0.04581,21.18,174.18,TRANSIT
13.81825,2.50592,-6.69777,-0.02606,21.18,174.18,TRANSIT
13.93340,2.50349,-6.81290,0.00089,21.18,174.18,TRANSIT
14.04855,2.50107,-6.92803,0.02547,21.18,174.18,TRANSIT
14.16370,2.49899,-7.04316,0.05060,27.91,169.96,TRANSIT
14.27885,2.49757,-7.15830,0.07598,27.91,169.96,TRANSIT
14.39401,2.49717,-7.27345,0.10213,27.91,169.96,TRANSIT
14.50916,2.49813,-7.38860,0.12939,27.91,169.96,TRANSIT
14.62431,2.50080,-7.50372,0.15806,27.91,169.96,TRANSIT
14.73946,2.50558,-7.61877,0.18862,36.06,152.52,TRANSIT
14.85461,2.51285,-7.73369,0.22082,36.06,152.52,TRANSIT
14.96977,2.52305,-7.84839,0.25702,36.06,152.52,TRANSIT
15.08492,2.53663,-7.96273,0.28891,36.06,152.52,TRANSIT
15.20007,2.55397,-8.07656,0.30271,36.06,152.52,TRANSIT
15.31522,2.57527,-8.18972,0.31945,35.36,146.08,TRANSIT
15.43037,2.60071,-8.30202,0.33539,35.36,146.08,TRANSIT
15.54553,2.63047,-8.41325,0.35116,35.36,146.08,TRANSIT
15.66068,2.66470,-8.52319,0.36614,35.36,146.08,TRANSIT
15.77583,2.70354,-8.63159,0.38001,35.36,146.08,TRANSIT
15.89098,2.74707,-8.73818,0.39231,28.33,165.03,TRANSIT
16.00613,2.79536,-8.84271,0.40267,28.33,165.03,TRANSIT
16.12129,2.84844,-8.94488,0.41052,28.33,165.03,TRANSIT
16.23644,2.90629,-9.04444,0.41623,28.33,165.03,TRANSIT
16.35159,2.96883,-9.14111,0.41699,28.33,165.03,TRANSIT
16.46674,3.03595,-9.23467,0.42242,11.57,161.04,TRANSIT
16.58189,3.10745,-9.32492,0.38131,11.57,161.04,TRANSIT
16.69705,3.18281,-9.41198,0.31933,11.57,161.04,TRANSIT
16.81220,3.26134,-9.49619,0.26679,11.57,161.04,TRANSIT
16.92735,3.34242,-9.57795,0.21661,11.57,161.04,TRANSIT
17.04250,3.42553,-9.65766,0.17046,33.66,155.27,APPROACH
17.15765,3.51019,-9.73571,0.12737,33.66,155.27,APPROACH
17.27281,3.59598,-9.81251,0.08691,33.66,155.27,APPROACH
17.38796,3.68255,-9.88845,0.04845,33.66,155.27,APPROACH
17.50311,3.76954,-9.96390,0.01139,33.66,155.27,APPROACH
17.61826,3.85663,-10.03923,-0.02484,23.43,146.80,APPROACH
17.73341,3.94350,-10.11482,-0.06078,23.43,146.80,APPROACH
17.84857,4.02985,-10.19101,-0.09691,23.43,146.80,APPROACH
17.96372,4.11533,-10.26815,-0.13383,23.43,146.80,APPROACH
18.07887,4.19962,-10.34661,-0.17133,23.43,146.80,APPROACH
18.19402,4.28234,-10.42672,-0.21197,82.52,133.36,APPROACH
18.30917,4.36308,-10.50882,-0.24748,82.52,133.36,APPROACH
18.42433,4.44138,-10.59324,-0.32563,82.52,133.36,APPROACH
18.53948,4.51640,-10.68059,-0.43784,82.52,133.36,APPROACH
18.65463,4.58688,-10.77163,-0.57402,82.52,133.36,APPROACH
18.76978,4.65112,-10.86717,-0.74982,124.31,107.72,APPROACH
18.88493,4.70677,-10.96793,-0.97804,124.31,107.72,APPROACH
19.00008,4.75067,-11.07430,-1.24304,124.31,107.72,APPROACH
19.11524,4.77885,-11.18582,-1.56230,124.31,107.72,APPROACH
19.23038,4.78760,-11.30049,-1.45876,124.31,107.72,APPROACH
19.34554,4.77746,-11.41508,-1.19572,40.48,181.41,APPROACH
19.46069,4.75159,-11.52722,-0.98160,40.48,181.41,APPROACH
19.57584,4.71317,-11.63572,-0.80169,40.48,181.41,APPROACH
19.69099,4.66483,-11.74019,-0.66529,40.48,181.41,APPROACH
19.80614,4.60857,-11.84064,-0.56314,40.48,181.41,APPROACH
19.92130,4.54585,-11.93719,-0.49510,10.38,204.34,APPROACH
20.03645,4.47773,-12.03001,-0.42765,10.38,204.34,APPROACH
20.15160,4.40511,-12.11937,-0.36339,10.38,204.34,APPROACH
20.26675,4.32881,-12.20561,-0.30333,10.38,204.34,APPROACH
20.38190,4.24954,-12.28912,-0.24770,10.38,204.34,APPROACH
20.49706,4.16791,-12.37034,-0.19617,12.24,208.95,STRAIGHT_BLIND
20.61221,4.08447,-12.44969,-0.14811,12.24,208.95,STRAIGHT_BLIND
20.72736,3.99967,-12.52760,-0.10273,12.24,208.95,STRAIGHT_BLIND
20.84251,3.91396,-12.60449,-0.05919,12.24,208.95,STRAIGHT_BLIND
20.95766,3.82772,-12.68080,-0.01659,12.24,208.95,STRAIGHT_BLIND
21.07282,3.74134,-12.75695,0.02594,15.14,193.77,STRAIGHT_BLIND
21.18797,3.65519,-12.83335,0.06940,15.14,193.77,STRAIGHT_BLIND
21.30312,3.56965,-12.91045,0.11452,15.14,193.77,STRAIGHT_BLIND
21.41827,3.48515,-12.98867,0.16310,15.14,193.77,STRAIGHT_BLIND
21.53342,3.40213,-13.06846,0.21304,15.14,193.77,STRAIGHT_BLIND
21.64858,3.32111,-13.15029,0.27682,16.88,169.34,STRAIGHT_BLIND
21.76373,3.24267,-13.23458,0.29260,16.88,169.34,STRAIGHT_BLIND
21.87888,3.16706,-13.32143,0.28128,16.88,169.34,STRAIGHT_BLIND
21.99403,3.09432,-13.41069,0.27368,16.88,169.34,STRAIGHT_BLIND
22.10918,3.02441,-13.50219,0.26233,16.88,169.34,STRAIGHT_BLIND
22.22434,2.95730,-13.59576,0.24949,22.36,136.94,TRANSIT
22.33949,2.89290,-13.69121,0.23485,22.36,136.94,TRANSIT
22.45464,2.83110,-13.78837,0.21882,22.36,136.94,TRANSIT
22.56979,2.77177,-13.88706,0.20165,22.36,136.94,TRANSIT
22.68494,2.71474,-13.98709,0.18359,22.36,136.94,TRANSIT
22.80009,2.65984,-14.08831,0.16493,24.80,112.30,APPROACH
22.91525,2.60686,-14.19055,0.14579,24.80,112.30,APPROACH
23.03040,2.55562,-14.29367,0.12665,24.80,112.30,APPROACH
23.14555,2.50588,-14.39753,0.10662,24.80,112.30,APPROACH
23.26070,2.45742,-14.50199,0.08972,24.80,112.30,APPROACH
23.37585,2.40991,-14.60688,0.00616,34.77,89.90,APPROACH
23.49101,2.36247,-14.71181,-0.08139,34.77,89.90,APPROACH
23.60616,2.31404,-14.81628,-0.17083,34.77,89.90,APPROACH
23.72131,2.26356,-14.91977,-0.26599,34.77,89.90,APPROACH
23.83646,2.20992,-15.02166,-0.36851,34.77,89.90,APPROACH
23.95161,2.15199,-15.12117,-0.47927,51.31,92.13,APPROACH
24.06677,2.08866,-15.21732,-0.59652,51.31,92.13,APPROACH
24.18192,2.01888,-15.30888,-0.71449,51.31,92.13,APPROACH
24.29707,1.94184,-15.39442,-0.82177,51.31,92.13,APPROACH
24.41222,1.85711,-15.47233,-0.90307,51.31,92.13,APPROACH
24.52737,1.76483,-15.54111,-0.94147,61.88,75.74,APPROACH
24.64253,1.66569,-15.59959,-0.93712,61.88,75.74,APPROACH
24.75768,1.56090,-15.64720,-0.86895,61.88,75.74,APPROACH
24.87283,1.45185,-15.68403,-0.84084,61.88,75.74,APPROACH
24.98798,1.33968,-15.70987,-0.94107,61.88,75.74,APPROACH
25.10313,1.22536,-15.72310,-1.19528,69.21,42.41,APPROACH
25.21828,1.11039,-15.72003,-1.68191,69.21,42.41,APPROACH
25.33345,0.99862,-15.69360,-2.78183,69.21,42.41,APPROACH
25.44858,0.90144,-15.63326,-4.27861,69.21,42.41,APPROACH
25.56370,0.83757,-15.53834,-2.57145,69.21,42.41,APPROACH
25.67886,0.80446,-15.42829,-1.27709,6.66,76.81,APPROACH
25.79401,0.78947,-15.31418,-0.72104,6.66,76.81,APPROACH
25.90917,0.78445,-15.19916,-0.37235,6.66,76.81,APPROACH
26.02432,0.78459,-15.08401,-0.12377,6.66,76.81,APPROACH
26.13947,0.78654,-14.96887,0.04479,6.66,76.81,APPROACH
26.25462,0.78833,-14.85373,0.02196,1.23,94.74,STRAIGHT_BLIND
26.36978,0.78976,-14.73859,0.02596,1.23,94.74,STRAIGHT_BLIND
26.48493,0.79087,-14.62344,0.02239,1.23,94.74,STRAIGHT_BLIND
26.60008,0.79167,-14.50830,0.02046,1.23,94.74,STRAIGHT_BLIND
26.71523,0.79221,-14.39315,0.01772,1.23,94.74,STRAIGHT_BLIND
26.83038,0.79251,-14.27799,0.01486,0.00,95.24,STRAIGHT_BLIND
26.94554,0.79261,-14.16284,0.01172,0.00,95.24,STRAIGHT_BLIND
27.06069,0.79256,-14.04769,0.00842,0.00,95.24,STRAIGHT_BLIND
27.17584,0.79240,-13.93254,0.00494,0.00,95.24,STRAIGHT_BLIND
27.29099,0.79217,-13.81739,0.00151,0.00,95.24,STRAIGHT_BLIND
27.40614,0.79193,-13.70223,-0.00244,0.00,91.94,STRAIGHT_BLIND
27.52130,0.79171,-13.58708,-0.00353,0.00,91.94,STRAIGHT_BLIND
27.63645,0.79153,-13.47193,-0.00298,0.00,91.94,STRAIGHT_BLIND
27.75160,0.79140,-13.35678,-0.00283,0.00,91.94,STRAIGHT_BLIND
27.86675,0.79130,-13.24163,-0.00257,0.00,91.94,STRAIGHT_BLIND
27.98190,0.79123,-13.12647,-0.00235,0.00,86.08,STRAIGHT_BLIND
28.09706,0.79120,-13.01132,-0.00212,0.00,86.08,STRAIGHT_BLIND
28.21221,0.79119,-12.89617,-0.00190,0.00,86.08,STRAIGHT_BLIND
28.32736,0.79121,-12.78102,-0.00168,0.00,86.08,STRAIGHT_BLIND
28.44251,0.79125,-12.66587,-0.00146,0.00,86.08,STRAIGHT_BLIND
28.55766,0.79132,-12.55071,-0.00125,0.00,74.64,STRAIGHT_BLIND
28.67282,0.79139,-12.43556,-0.00103,0.00,74.64,STRAIGHT_BLIND
28.78797,0.79149,-12.32041,-0.00082,0.00,74.64,STRAIGHT_BLIND
28.90312,0.79159,-12.20526,-0.00061,0.00,74.64,STRAIGHT_BLIND
29.01827,0.79170,-12.09011,-0.00040,0.00,74.64,STRAIGHT_BLIND
29.13342,0.79181,-11.97496,-0.00019,0.00,70.22,STRAIGHT_BLIND
29.24857,0.79193,-11.85980,0.00002,0.00,70.22,STRAIGHT_BLIND
29.36373,0.79205,-11.74465,0.00023,0.00,70.22,STRAIGHT_BLIND
29.47888,0.79217,-11.62950,0.00043,0.00,70.22,STRAIGHT_BLIND
29.59403,0.79228,-11.51435,0.00064,0.00,70.22,STRAIGHT_BLIND
29.70918,0.79238,-11.39920,0.00085,0.00,62.27,STRAIGHT_BLIND
29.82433,0.79247,-11.28404,0.00106,0.00,62.27,STRAIGHT_BLIND
29.93949,0.79254,-11.16889,0.00126,0.00,62.27,STRAIGHT_BLIND
30.05464,0.79260,-11.05374,0.00151,0.00,62.27,STRAIGHT_BLIND
30.16979,0.79264,-10.93859,0.00151,0.00,62.27,STRAIGHT_BLIND
30.28494,0.79266,-10.82344,0.00139,0.00,55.71,STRAIGHT_BLIND
30.40009,0.79266,-10.70828,0.00130,0.00,55.71,STRAIGHT_BLIND
30.51525,0.79265,-10.59313,0.00120,0.00,55.71,STRAIGHT_BLIND
30.63040,0.79261,-10.47798,0.00110,0.00,55.71,STRAIGHT_BLIND
30.74555,0.79257,-10.36283,0.00101,0.00,55.71,STRAIGHT_BLIND
30.86070,0.79251,-10.24768,0.00091,0.00,52.98,STRAIGHT_BLIND
30.97585,0.79243,-10.13252,0.00081,0.00,52.98,STRAIGHT_BLIND
31.09101,0.79235,-10.01737,0.00071,0.00,52.98,STRAIGHT_BLIND
31.20616,0.79226,-9.90222,0.00061,0.00,52.98,STRAIGHT_BLIND
31.32131,0.79216,-9.78707,0.00051,0.00,52.98,STRAIGHT_BLIND
31.43646,0.79205,-9.67192,0.00041,0.00,52.19,STRAIGHT_BLIND
31.55161,0.79194,-9.55676,0.00031,0.00,52.19,STRAIGHT_BLIND
31.66677,0.79182,-9.44161,0.00021,0.00,52.19,STRAIGHT_BLIND
31.78192,0.79170,-9.32646,0.00011,0.00,52.19,STRAIGHT_BLIND
31.89707,0.79158,-9.21131,0.00001,0.00,52.19,STRAIGHT_BLIND
32.01222,0.79146,-9.09616,-0.00009,0.00,51.60,STRAIGHT_BLIND
32.12737,0.79134,-8.98100,-0.00019,0.00,51.60,STRAIGHT_BLIND
32.24253,0.79122,-8.86585,-0.00029,0.00,51.60,STRAIGHT_BLIND
32.35768,0.79111,-8.75070,-0.00039,0.00,51.60,STRAIGHT_BLIND
32.47283,0.79100,-8.63555,-0.00049,0.00,51.60,STRAIGHT_BLIND
32.58798,0.79090,-8.52040,-0.00059,0.00,50.95,STRAIGHT_BLIND
32.70313,0.79081,-8.40524,-0.00069,0.00,50.95,STRAIGHT_BLIND
32.81829,0.79072,-8.29009,-0.00079,0.00,50.95,STRAIGHT_BLIND
32.93344,0.79065,-8.17494,-0.00089,0.00,50.95,STRAIGHT_BLIND
33.04859,0.79059,-8.05979,-0.00099,0.00,50.95,STRAIGHT_BLIND
33.16374,0.79054,-7.94464,-0.00109,0.06,51.20,STRAIGHT_BLIND
33.27889,0.79050,-7.82948,-0.00119,0.06,51.20,STRAIGHT_BLIND
33.39405,0.79048,-7.71433,-0.00129,0.06,51.20,STRAIGHT_BLIND
33.50920,0.79048,-7.59918,-0.00139,0.06,51.20,STRAIGHT_BLIND
33.62435,0.79050,-7.48403,-0.00149,0.06,51.20,STRAIGHT_BLIND
33.73950,0.79054,-7.36888,-0.00159,0.01,53.72,STRAIGHT_BLIND
33.85465,0.79059,-7.25373,-0.00169,0.01,53.72,STRAIGHT_BLIND
33.96981,0.79067,-7.13857,-0.00179,0.01,53.72,STRAIGHT_BLIND
34.08496,0.79078,-7.02342,-0.00189,0.01,53.72,STRAIGHT_BLIND
34.20011,0.79091,-6.90827,-0.00199,0.01,53.72,STRAIGHT_BLIND
34.31526,0.79106,-6.79312,-0.00208,0.01,59.06,STRAIGHT_BLIND
34.43041,0.79124,-6.67797,-0.00218,0.01,59.06,STRAIGHT_BLIND
34.54557,0.79146,-6.56281,-0.00228,0.01,59.06,STRAIGHT_BLIND
34.66072,0.79170,-6.44766,-0.00237,0.01,59.06,STRAIGHT_BLIND
34.77587,0.79197,-6.33251,-0.00247,0.01,59.06,STRAIGHT_BLIND
34.89102,0.79228,-6.21736,-0.00257,0.12,64.85,STRAIGHT_BLIND
35.00617,0.79262,-6.10221,-0.00266,0.12,64.85,STRAIGHT_BLIND
35.12133,0.79299,-5.98706,-0.00277,0.12,64.85,STRAIGHT_BLIND
35.23648,0.79341,-5.87190,-0.00279,0.12,64.85,STRAIGHT_BLIND
35.35163,0.79386,-5.75675,-0.00317,0.12,64.85,STRAIGHT_BLIND
35.46678,0.79434,-5.64160,-0.00017,0.13,67.73,STRAIGHT_BLIND
35.58193,0.79483,-5.52645,0.00345,0.13,67.73,STRAIGHT_BLIND
35.69709,0.79527,-5.41130,0.00691,0.13,67.73,STRAIGHT_BLIND
35.81224,0.79561,-5.29615,0.01044,0.13,67.73,STRAIGHT_BLIND
35.92739,0.79582,-5.18100,0.01397,0.13,67.73,STRAIGHT_BLIND
36.04254,0.79585,-5.06585,0.01762,0.00,69.11,STRAIGHT_BLIND
36.15769,0.79564,-4.95069,0.02108,0.00,69.11,STRAIGHT_BLIND
36.27285,0.79515,-4.83554,0.02554,0.00,69.11,STRAIGHT_BLIND
36.38800,0.79433,-4.72039,0.02658,0.00,69.11,STRAIGHT_BLIND
36.50315,0.79312,-4.60525,0.04082,0.00,69.11,STRAIGHT_BLIND
36.61830,0.79149,-4.49011,0.00630,0.72,62.91,APPROACH
36.73345,0.78932,-4.37498,0.17270,0.72,62.91,APPROACH
36.84860,0.78397,-4.25996,0.74365,0.72,62.91,APPROACH
36.96376,0.76816,-4.14598,1.61826,0.72,62.91,APPROACH
37.07889,0.73319,-4.03649,1.73648,0.72,62.91,APPROACH
37.19405,0.67970,-3.93460,0.55856,23.10,56.35,APPROACH
37.30920,0.61903,-3.83673,-0.24365,23.10,56.35,APPROACH
37.42435,0.56131,-3.73712,-1.13643,23.10,56.35,APPROACH
37.53950,0.51540,-3.63162,-1.19513,23.10,56.35,APPROACH
37.65465,0.48407,-3.52090,-1.12055,23.10,56.35,APPROACH
37.76980,0.46749,-3.40703,-1.15951,14.94,84.60,APPROACH
37.88495,0.46625,-3.29197,-1.22451,14.94,84.60,APPROACH
38.00011,0.48142,-3.17793,-1.41234,14.94,84.60,APPROACH
38.11525,0.51436,-3.06773,-1.38652,14.94,84.60,APPROACH
38.23040,0.56296,-2.96340,-0.63645,14.94,84.60,APPROACH
38.34556,0.61938,-2.86303,-0.04067,24.43,91.46,APPROACH
38.46071,0.67596,-2.76275,0.71539,24.43,91.46,APPROACH
38.57586,0.72502,-2.65863,1.00185,24.43,91.46,APPROACH
38.69101,0.76255,-2.54982,0.92797,24.43,91.46,APPROACH
38.80616,0.78820,-2.43762,0.88322,24.43,91.46,APPROACH
38.92131,0.80273,-2.32342,0.65812,14.71,104.87,STRAIGHT_BLIND
39.03646,0.80856,-2.20844,0.44716,14.71,104.87,STRAIGHT_BLIND
39.15162,0.80836,-2.09330,0.27948,14.71,104.87,STRAIGHT_BLIND
39.26677,0.80441,-1.97821,0.13420,14.71,104.87,STRAIGHT_BLIND
39.38192,0.79866,-1.86321,-0.00402,14.71,104.87,STRAIGHT_BLIND
39.49707,0.79293,-1.74820,-0.12410,16.00,109.73,STRAIGHT_BLIND
39.61222,0.78853,-1.63313,-0.10492,16.00,109.73,STRAIGHT_BLIND
39.72738,0.78555,-1.51802,-0.09682,16.00,109.73,STRAIGHT_BLIND
39.84253,0.78384,-1.40288,-0.08491,16.00,109.73,STRAIGHT_BLIND
39.95768,0.78326,-1.28773,-0.07329,16.00,109.73,STRAIGHT_BLIND
40.07283,0.78365,-1.17258,-0.06095,18.37,111.74,STRAIGHT_BLIND
40.18798,0.78485,-1.05743,-0.04828,18.37,111.74,STRAIGHT_BLIND
40.30314,0.78669,-0.94229,-0.03526,18.37,111.74,STRAIGHT_BLIND
40.41829,0.78899,-0.82717,-0.02206,18.37,111.74,STRAIGHT_BLIND
40.53344,0.79159,-0.71204,-0.00856,18.37,111.74,STRAIGHT_BLIND
40.64859,0.79430,-0.59692,0.00444,19.93,98.15,STRAIGHT_BLIND
40.76374,0.79695,-0.48180,0.01945,19.93,98.15,STRAIGHT_BLIND
40.87890,0.79936,-0.36667,0.02281,19.93,98.15,STRAIGHT_BLIND
40.99405,0.80149,-0.25154,0.01991,19.93,98.15,STRAIGHT_BLIND
41.10920,0.80335,-0.13641,0.01851,19.93,98.15,STRAIGHT_BLIND
41.22435,0.80496,-0.02126,0.01673,23.74,85.50,TRANSIT
41.33950,0.80635,0.09388,0.01507,23.74,85.50,TRANSIT
41.45466,0.80755,0.20902,0.01340,23.74,85.50,TRANSIT
41.56981,0.80856,0.32417,0.01174,23.74,85.50,TRANSIT
41.68496,0.80942,0.43932,0.01009,23.74,85.50,TRANSIT
41.80011,0.81015,0.55447,0.00845,27.45,87.34,TRANSIT
41.91526,0.81076,0.66962,0.00682,27.45,87.34,TRANSIT
42.03041,0.81128,0.78477,0.00519,27.45,87.34,TRANSIT
42.14557,0.81174,0.89992,0.00357,27.45,87.34,TRANSIT
42.26072,0.81214,1.01507,0.00194,27.45,87.34,TRANSIT
42.37587,0.81252,1.13023,0.00032,32.14,67.44,TRANSIT
42.49102,0.81290,1.24538,-0.00129,32.14,67.44,TRANSIT
42.60617,0.81330,1.36053,-0.00291,32.14,67.44,TRANSIT
42.72133,0.81373,1.47568,-0.00454,32.14,67.44,TRANSIT
42.83648,0.81422,1.59083,-0.00616,32.14,67.44,TRANSIT
42.95163,0.81480,1.70598,-0.00780,37.72,47.29,TRANSIT
43.06678,0.81547,1.82113,-0.00942,37.72,47.29,TRANSIT
43.18193,0.81628,1.93628,-0.01116,37.72,47.29,TRANSIT
43.29709,0.81723,2.05143,-0.01246,37.72,47.29,TRANSIT
43.41224,0.81835,2.16657,-0.01546,37.72,47.29,TRANSIT
43.52739,0.81965,2.28172,-0.00939,45.55,53.23,TRANSIT
43.64254,0.82107,2.39686,0.00239,45.55,53.23,TRANSIT
43.75769,0.82245,2.51201,0.01284,45.55,53.23,TRANSIT
43.87285,0.82367,2.62715,0.02358,45.55,53.23,TRANSIT
43.98800,0.82457,2.74230,0.03412,45.55,53.23,TRANSIT
44.10315,0.82503,2.85745,0.04451,57.68,70.63,TRANSIT
44.21830,0.82489,2.97260,0.05468,57.68,70.63,TRANSIT
44.33345,0.82403,3.08775,0.06452,57.68,70.63,TRANSIT
44.44861,0.82231,3.20289,0.07421,57.68,70.63,TRANSIT
44.56376,0.81961,3.31801,0.08288,57.68,70.63,TRANSIT
44.67891,0.81581,3.43310,0.09347,78.13,101.31,TRANSIT
44.79406,0.81079,3.54814,0.09476,78.13,101.31,TRANSIT
44.90921,0.80477,3.66314,-0.02091,78.13,101.31,TRANSIT
45.02437,0.79902,3.77814,-0.12964,78.13,101.31,TRANSIT
45.13952,0.79500,3.89322,-0.24542,78.13,101.31,TRANSIT
45.25467,0.79425,4.00837,-0.37028,116.70,105.45,TRANSIT
45.36982,0.79844,4.12343,-0.50869,116.70,105.45,TRANSIT
45.48497,0.80938,4.23804,-0.65870,116.70,105.45,TRANSIT
45.60013,0.82915,4.35144,-0.89218,116.70,105.45,TRANSIT
45.71528,0.86082,4.46208,-1.30876,116.70,105.45,TRANSIT
45.83043,0.90931,4.56632,-2.03815,116.70,105.45,TRANSIT
45.94559,0.98142,4.65553,-3.32898,116.70,105.45,TRANSIT
