#{"t_start": 1787588238.8745835, "env_id": "None"}
r,l,t
-15.940597,24,3.244222
18.575785,81,8.540544
-10.377173,29,10.921692
-14.724541,17,12.658479
-18.337746,23,14.702802
-7.798518,43,17.877388
-16.040535,20,19.759963
-8.302968,28,22.091353
-5.774158,41,25.161634
-16.849483,21,27.09639
-11.313923,32,29.661438
-16.562603,19,31.483214
-8.94606,47,34.863151
-14.661683,22,36.863186
-14.985659,17,38.641579
-15.739621,22,40.62614
-12.832444,40,43.64793
-14.330094,21,45.59972
-9.986696,32,48.172915
-13.941206,29,50.548558
-6.367442,40,53.551226
-15.762071,27,55.827206
-9.289687,24,57.939947
-15.287131,17,59.666397
-1.850055,58,63.713797
-10.761177,30,66.173367
-9.073473,30,68.606295
-11.021559,31,71.133252
-15.877381,24,73.278559
-14.57692,17,75.007692
-14.494156,39,77.970523
-15.908168,23,80.026571
-9.505658,29,82.417264
-10.31138,26,84.635632
-16.052466,20,86.522327
-9.396461,25,88.695105
-17.294836,23,90.760237
-13.651571,30,93.230424
-16.156846,23,95.289966
-10.925435,32,97.845569
12.002757,87,103.459775
-16.294953,21,105.423896
-11.220598,33,108.034638
-14.708556,18,109.79994
-8.132643,30,112.242991
-7.737266,24,114.399675
-12.436686,20,116.287576
-15.213845,23,118.328164
-15.608573,23,120.383762
-14.271729,23,122.452083
-9.468343,29,124.840293
-9.125878,30,127.283376
-2.703137,60,131.40608
-9.176549,28,133.746101
-15.812876,22,135.744224
8.306618,80,141.013922
-8.733619,25,143.194563
-9.363911,27,145.477259
-3.923819,45,148.76118
-16.022853,24,150.877094
-16.435769,20,152.766572
-16.809704,21,154.688163
-14.558639,19,156.515117
-10.50307,24,158.624055
-16.37134,38,161.498511
-8.360025,23,163.574711
-15.044792,21,165.546276
-15.442144,18,167.350841
-10.077961,27,169.633939
-6.341668,43,172.808015
-18.73635,23,174.868488
-8.70463,22,176.868402
-15.078351,19,178.699579
-10.654667,25,180.915714
0.087995,52,184.579308
-14.913957,19,186.418012
-16.368573,26,188.662051
-14.365749,35,191.417503
-10.697704,32,193.987783
-15.54029,19,195.812663
-15.157634,15,197.43504
-11.632796,32,200.002143
-11.995592,27,202.2744
-19.043228,24,204.376049
-15.61819,19,206.195636
-17.154632,20,208.089101
-10.05278,25,210.257775
-8.650735,31,212.748608
-6.939954,21,214.761368
-10.284321,30,217.196564
-8.209327,21,219.147782
-16.050588,23,221.204221
-15.020075,19,223.045112
-2.424391,54,226.824929
-16.635227,24,228.930239
1.026494,59,232.988134
-18.209385,24,235.106902
-11.126903,28,237.424464
-17.148494,22,239.455493
-9.301123,32,242.065706
-18.984355,21,244.023329
-10.225598,29,246.421271
-13.745885,30,248.843584
-15.673347,16,250.510559
-9.386009,32,253.078292
-15.604642,18,254.854175
-9.772299,34,257.562185
-16.413829,20,259.457145
-15.739865,20,261.357407
-17.221061,20,263.239766
-11.100476,28,265.606832
-12.728494,41,268.641753
-12.782897,35,271.384245
8.21758,75,276.331903
-14.043737,37,279.201187
-15.020267,17,280.93591
-15.632674,22,282.93574
-12.282962,41,286.008938
-11.816552,30,288.508941
-8.722115,22,290.569889
4.550847,70,295.227901
-14.758749,17,296.959138
-16.865565,21,298.912616
-16.942994,28,301.237846
-5.651022,33,303.877783
-17.687865,20,305.764327
-11.415636,29,308.151481
-9.252696,28,310.495508
-16.233635,20,312.401161
-8.637741,45,315.725836
-17.69448,24,317.835
-0.059683,78,322.950499
12.346782,95,329.019482
-7.957518,30,331.461535
-15.913145,19,333.282311
-18.097499,25,335.433699
-14.891206,17,337.155679
-10.455227,26,339.368197
-14.128915,18,341.188546
-15.017753,18,342.963113
-11.947703,37,345.791127
-13.130368,29,348.180971
4.015764,61,352.355212
-16.382064,26,354.570399
-11.056361,26,356.827971
-2.266038,54,360.623807
-15.197355,21,362.552169
-15.667546,20,364.448212
-9.514768,30,366.940076
-11.052056,31,369.446855
-14.014934,17,371.166916
-14.968334,22,373.161613
-10.786571,31,375.658677
-6.117986,57,379.616223
-17.325292,24,381.730572
-11.425452,30,384.175372
-13.632618,35,386.89739
-6.873092,43,390.063943
-3.268768,35,392.79764
-15.171476,19,394.629772
-11.263665,56,398.522765
3.430116,60,402.644943
-16.650598,30,405.130683
-3.758683,35,408.10105
1.229307,34,410.808209
-1.515344,39,413.807339
-11.437966,34,416.545657
-16.443854,16,418.235297
-15.687022,21,420.193843
-15.090872,23,422.2401
-2.679318,52,426.25922
-17.477017,20,428.148401
-9.101078,23,430.565696
-8.103646,21,432.579332
-13.539988,12,434.133326
-15.296918,21,436.098288
-14.784335,20,437.978385
-2.552634,48,441.568187
-14.696774,17,443.295675
3.130892,33,446.33785
-14.419565,14,448.147169
-15.523154,16,449.930422
-14.772265,21,452.00182
-16.390702,21,453.940423
-10.239893,27,456.298077
-14.056899,36,459.274499
-8.647979,25,461.690971
-4.841641,38,465.05852
-13.891343,13,466.770496
-7.695414,21,468.898476
29.375698,77,474.280779
4.513394,73,479.189301
-7.986681,27,481.688117
-2.020342,36,484.640342
14.167725,86,490.377183
26.854876,96,496.520584
-2.646926,37,499.345262
-3.353458,49,502.844457
-7.713158,32,505.398428
-5.816011,46,508.799884
-10.012629,38,511.751595
11.35033,64,516.081667
29.499724,78,521.348716
-14.164946,24,523.523901
27.990918,83,528.922763
31.326636,71,533.91285
29.098597,78,539.194834
-13.958406,20,541.139234
26.650454,102,547.965867
30.610221,80,553.509695
31.054317,79,558.856206
27.600224,84,564.295549
33.079673,82,569.692255
28.170021,96,575.929791
32.433808,75,580.976551
-15.464263,24,583.135084
-0.948075,40,586.26071
39.010823,84,591.923098
30.931601,69,596.844473
0.796618,41,600.150281
-8.216187,32,602.695251
-14.291448,25,604.864116
6.191895,44,608.198979
44.121743,74,613.3357
6.24771,42,616.575536
36.456616,83,622.282548
-5.222534,26,624.499822
-5.986055,30,626.957886
42.606981,84,632.460685
36.602441,87,638.185616
-14.411487,23,640.241177
-6.821792,27,642.567956
42.304135,90,648.537899
41.426515,96,654.710187
39.44888,81,660.196632
36.498826,78,665.648124
38.777938,77,670.880198
41.371081,65,675.447654
39.874317,74,680.50987
-4.4205,23,682.626582
38.902914,66,687.226473
37.814244,70,692.010722
36.639606,61,696.341532
36.693559,63,700.902968
-6.312589,25,703.235371
-5.672814,18,705.176851
48.029952,63,709.675586
42.188408,78,714.95156
40.050958,69,719.726899
34.24355,82,725.251806
42.276807,62,729.744306
32.811101,71,734.63771
30.72567,66,739.238745
36.421983,73,744.382529
26.457781,76,749.715424
29.995568,61,754.329023
30.87295,59,758.540099
34.351816,74,763.520447
40.183453,67,768.143093
30.981859,62,772.509659
40.652963,67,777.514187
41.028925,74,782.519111
38.600527,68,787.286497
39.220812,75,792.397626
40.828321,66,797.048867
1.723527,36,800.002063
34.036155,61,804.295024
42.906274,61,808.514194
39.205812,66,813.137506
40.33044,74,818.03175
-5.246358,23,820.136254
33.655075,74,825.297499
43.914915,70,830.247675
44.293083,69,834.974581
41.040997,66,839.590431
40.169693,68,844.200363
41.560147,65,848.761491
40.069318,65,853.25152
40.698252,66,857.811941
35.526759,64,862.317781
41.844729,74,867.384641
44.313136,71,872.210162
-5.64389,22,874.264418
30.608547,58,878.451431
40.001016,82,883.86453
44.321012,71,888.757707
38.545388,71,893.700132
38.342971,71,898.59481
42.867614,70,903.487489
-0.883483,26,905.820552
31.204827,63,910.164469
46.610428,67,914.732671
23.880166,46,918.288151
15.003158,39,921.288314
8.831555,33,923.959886
21.134964,48,927.643916
35.87508,68,932.468295
39.575942,66,936.966583
41.851626,59,941.123563
42.045324,60,945.344616
40.852794,63,949.788328
39.409006,59,954.110517
12.265847,45,957.405124
-12.919347,17,959.123024
17.232114,42,962.35109
9.878464,34,965.016351
37.909384,69,969.653241
17.836806,40,972.85312
2.892291,29,975.44944
7.214585,34,978.284172
43.619222,61,982.563772
40.933927,65,987.005714
43.779541,61,991.274905
15.248586,43,994.442724
43.962909,60,998.723406
30.662952,59,1002.808263
33.464387,54,1006.71305
35.514115,56,1010.781029
45.694298,68,1015.390706
23.551837,49,1019.02126
42.573206,64,1023.532802
35.427883,61,1027.810389
25.947739,52,1031.544756
35.07565,66,1036.047581
36.256972,65,1040.553836
34.654499,61,1044.759784
44.093328,65,1049.31407
39.92789,58,1053.518825
17.694906,41,1056.740994
-13.858976,15,1058.476147
32.151102,62,1062.803967
-3.876406,20,1064.808446
38.898749,67,1069.366573
-5.797134,21,1071.312559
41.211898,65,1075.920088
34.77511,60,1080.236648
43.218911,61,1084.568563
38.538804,64,1089.261667
38.331056,67,1093.77688
41.012952,59,1098.09655
38.403913,60,1102.296347
39.73368,65,1106.803186
1.336864,28,1109.254308
9.607459,32,1111.99783
40.634613,60,1116.375355
-0.141614,33,1119.158631
45.213078,63,1123.546587
38.814793,63,1127.820477
42.448146,69,1132.505744
37.26934,66,1137.045625
37.058585,62,1141.483387
35.38971,70,1146.166371
39.986256,75,1151.198482
41.326134,69,1155.920934
37.819848,65,1160.522363
41.81767,61,1165.116656
35.57243,71,1170.088636
38.050564,68,1174.891385
42.135034,58,1179.034524
40.014503,64,1183.493268
43.91883,70,1188.16955
36.583309,63,1192.52264
47.21225,64,1196.971745
25.833176,50,1200.631223
42.027222,62,1205.169626
38.584398,67,1209.66901
39.409698,58,1213.994149
43.143184,73,1218.956173
43.638064,62,1223.587456
40.52022,61,1227.806841
40.73512,63,1232.132973
42.444779,66,1236.636633
45.376858,59,1240.857636
45.640333,63,1245.297378
37.844902,56,1249.527426
45.087446,65,1254.086404
43.273082,64,1258.640446
37.305124,60,1263.01985
30.714575,57,1267.12175
34.630382,66,1271.739974
45.869363,59,1276.174511
43.602767,71,1281.011715
34.033231,68,1285.635451
35.185402,79,1291.077622
33.8799,61,1295.249522
30.264476,71,1300.0778
44.783819,66,1304.64278
40.827978,61,1308.944758
46.2555,64,1313.339103
36.804372,59,1317.560051
42.64165,66,1322.06341
45.685794,59,1326.172761
39.988406,61,1330.7546
38.593803,60,1335.07254
42.057741,62,1339.340899
48.669117,66,1343.943783
39.680527,61,1348.246559
42.790068,59,1352.400601
43.613512,58,1356.558089
43.678521,57,1360.548792
41.232019,66,1365.114394
17.498465,38,1368.232519
42.595559,61,1372.458532
41.928351,68,1377.137635
42.332249,57,1381.365158
47.208436,62,1385.863556
35.704676,65,1390.501107
42.132841,69,1395.234805
42.931762,66,1399.884503
41.410653,65,1404.446625
36.470491,76,1409.749513
39.625316,64,1414.128306
42.379052,62,1418.404498
47.170168,60,1422.841928
43.154571,58,1426.944226
46.873251,65,1431.407819
45.643013,60,1435.682502
42.552996,62,1440.021101
42.838137,67,1444.523328
39.588011,61,1448.753997
42.778659,62,1453.12528
1.997965,27,1455.466429
42.859602,61,1459.742555
39.441419,59,1464.12133
39.616883,61,1468.34187
2.302751,30,1470.858747
42.05213,68,1475.512813
41.529188,63,1479.90757
47.020013,67,1484.462403
46.704836,69,1489.353537
42.206025,63,1493.679448
43.500257,59,1497.956734
45.47144,60,1502.222741
39.652805,63,1506.714462
37.985662,59,1511.116785
43.51295,62,1515.516012
42.629966,72,1520.618369
43.032101,61,1524.957994
43.995632,60,1529.23243
42.836056,63,1533.689659
37.045131,61,1537.957768
44.539536,56,1542.122449
45.071311,62,1546.352404
41.417474,62,1550.660802
39.76133,60,1555.021364
46.056322,59,1559.219429
44.033144,60,1563.505877
42.996013,65,1568.063688
44.470847,61,1572.402955
42.28079,65,1576.789146
39.69954,68,1581.412337
34.562065,62,1585.781279
46.305288,70,1590.546903
38.441209,65,1595.031759
45.268592,59,1599.189473
44.488746,59,1603.326512
45.96081,58,1607.643867
45.892364,58,1611.78862
38.904268,67,1616.363666
42.494108,66,1620.864481
49.476817,66,1625.40039
43.051387,62,1629.772996
45.617293,61,1633.952309
44.036317,60,1638.06487
40.258449,74,1643.012054
33.211678,64,1647.350306
43.912327,57,1651.514829
35.943971,56,1655.672049
43.430423,71,1660.567128
41.171614,65,1664.967235
42.770327,64,1669.354672
45.197466,60,1673.574588
46.318588,57,1677.787586
44.183818,58,1681.911536
43.941223,60,1686.255462
44.448436,57,1690.400679
44.179726,60,1694.677983
33.946747,60,1698.866992
44.17233,56,1703.06243
42.760918,57,1707.281843
44.848933,61,1711.516623
46.305496,64,1715.905297
40.761478,66,1720.387984
46.127924,61,1724.622337
45.260735,68,1729.399993
46.267538,57,1733.409609
42.635348,58,1737.671624
39.960813,67,1742.343436
44.792299,59,1746.523839
44.20881,58,1750.700874
44.89436,61,1755.080799
47.388277,62,1759.628509
43.946322,74,1764.764322
46.910008,68,1769.617627
39.526738,56,1773.594836
38.294293,66,1778.358705
44.322931,61,1782.695925
41.376268,61,1787.08853
48.919349,69,1791.809606
45.577033,60,1795.931667
39.971688,58,1800.194872
21.772469,52,1804.012189
44.56605,63,1808.386218
45.187167,62,1812.599008
44.154917,65,1817.2135
45.27111,62,1821.538906
45.247357,60,1825.670741
44.429606,58,1829.793789
48.171665,66,1834.409174
44.326165,62,1838.679122
45.263934,59,1842.912689
41.319741,63,1847.243696
44.044894,68,1851.859508
45.506684,68,1856.512677
43.849992,58,1860.614352
45.888112,56,1864.743234
43.375616,61,1869.068421
43.82111,62,1873.295375
50.43064,67,1878.008438
43.874304,64,1882.36198
45.641545,63,1886.754672
44.259425,62,1891.100529
50.281888,65,1895.606043
44.474842,60,1899.778769
48.368633,64,1904.247452
43.830317,62,1908.623194
41.468711,62,1913.008556
40.934322,61,1917.456628
45.453635,60,1921.614633
43.583852,66,1926.126489
48.548765,62,1930.72939
45.467155,62,1935.011381
44.553345,58,1939.137225
45.179383,63,1943.424685
43.870404,58,1947.596667
38.581193,58,1951.773107
42.718387,59,1956.086606
43.084974,61,1960.327454
43.410309,62,1964.652583
46.17709,59,1968.748221
46.685498,65,1973.343383
43.162019,64,1977.904522
43.22986,60,1982.137509
42.401165,62,1986.365521
43.147415,60,1990.59441
41.789292,64,1994.980748
33.547054,56,1998.988702
41.466616,61,2003.281494
45.864039,65,2008.037753
42.610426,64,2012.433951
41.33688,63,2016.866435
25.722188,52,2020.594165
3.299063,44,2024.034374
44.575721,59,2028.097687
43.129365,58,2032.296587
45.243198,60,2036.580399
48.791492,65,2041.168596
43.274306,61,2045.419416
44.740902,64,2049.748527
38.047094,59,2053.851811
46.627825,57,2057.945739
44.684527,62,2062.340379
45.629314,58,2066.518461
45.561956,65,2070.942725
48.824704,69,2075.568312
45.221036,58,2079.665528
44.892069,58,2083.901078
38.198254,59,2088.088873
44.637934,58,2092.26658
45.060267,58,2096.402133
44.310475,68,2101.074191
43.097404,61,2105.404629
44.583196,63,2109.673658
42.943382,61,2114.1188
45.745119,66,2118.546557
43.504977,65,2123.086192
45.301076,59,2127.35375
38.579733,59,2131.511735
44.98813,55,2135.663977
40.208641,55,2139.898566
45.266688,62,2144.325778
45.429399,63,2148.623427
44.96102,57,2152.761119
43.312234,61,2156.980362
44.436193,60,2161.152446
45.806825,59,2165.214478
51.338005,63,2169.601905
47.165053,64,2174.202449
39.129166,57,2178.256521
44.371351,60,2182.463722
47.926312,68,2187.142487
44.588653,56,2191.305411
45.698423,67,2195.922569
48.249775,57,2200.246626
49.260945,68,2204.933394
45.88139,61,2209.308424
42.603523,65,2213.796528
40.609472,68,2218.356969
45.207257,63,2222.633457
44.509126,61,2226.912825
50.280892,63,2231.507458
26.810317,52,2235.274136
49.705627,65,2239.896974
44.721964,61,2244.234862
48.173045,62,2248.739643
48.139944,70,2253.503216
44.612459,61,2257.750763
41.274385,66,2262.296608
35.880097,60,2266.485173
48.17372,62,2270.980847
48.00405,69,2275.662073
41.913585,64,2280.094752
45.171876,57,2284.196411
45.777772,56,2288.386054
42.506238,62,2292.66567
45.855072,59,2296.840223
44.511146,65,2301.426082
49.35582,64,2305.868493
41.235646,64,2310.359768
45.707185,60,2314.546589
43.03205,60,2318.81488
44.358264,61,2323.208761
49.49479,66,2327.748832
48.777596,63,2332.254389
44.699183,58,2336.530406
45.182571,59,2340.700898
46.128637,58,2344.863708
46.429626,70,2349.637067
47.621783,67,2354.383709
44.329009,59,2358.611013
45.970715,58,2362.782787
45.402791,60,2367.073476
46.1459,62,2371.361647
34.887876,61,2375.742705
46.035438,67,2380.396096
45.187051,68,2385.085468
43.708704,60,2389.375349
46.748147,59,2393.532868
46.607228,57,2397.761431
43.250289,64,2402.191154
48.525867,66,2406.895735
46.325137,73,2411.896032
46.414151,62,2416.134493
55.604802,84,2421.684146
49.810387,67,2426.325842
48.862297,67,2430.949409
45.775891,56,2435.058319
47.215419,68,2439.784549
45.414895,61,2444.006416
41.914634,61,2448.225524
45.104025,58,2452.515563
41.487417,66,2457.201044
44.120182,71,2462.115553
43.209974,62,2466.442781
45.712457,62,2470.82859
37.821473,61,2475.068996
46.764442,66,2479.735292
44.852099,56,2483.886794
47.759854,65,2488.362787
48.13174,65,2492.894718
42.342464,63,2497.2202
47.478922,72,2502.019444
50.751904,65,2506.458802
45.985011,66,2510.970604
46.116197,61,2515.247
44.649134,63,2519.578637
45.769228,72,2524.465686
50.951527,63,2528.846073
19.042162,40,2532.119081
43.541017,62,2536.390759
44.095327,62,2540.745574
45.419316,62,2545.011899
45.298743,61,2549.294711
41.621601,65,2553.691945
48.725156,68,2558.375428
44.205316,65,2562.881174
43.587933,63,2567.302517
43.162565,67,2571.912024
43.4007,62,2576.172693
49.03933,64,2580.623875
51.186296,63,2585.16151
42.341496,63,2589.514439
44.595271,63,2593.930102
42.717928,63,2598.374934
44.906104,69,2603.162902
40.201492,61,2607.391968
45.57592,60,2611.623411
48.915227,68,2616.337473
50.10361,72,2621.21749
48.271329,67,2625.84057
41.383251,64,2630.324529
34.831603,66,2634.9827
49.139559,73,2639.869974
49.268099,65,2644.354227
44.89361,59,2648.616418
35.536453,61,2652.773911
37.401553,61,2657.056568
37.668977,56,2661.209567
48.467586,64,2665.872679
42.692366,63,2670.280418
49.954909,61,2674.695108
45.453564,57,2678.868214
43.554969,66,2683.302473
39.206958,58,2687.454498
47.422649,65,2691.965422
40.106066,55,2696.119392
48.122757,60,2700.400825
39.005352,56,2704.592893
44.648868,61,2708.875775
44.032903,60,2713.214355
47.121183,66,2717.823156
43.945296,59,2722.107568
46.106291,67,2726.763683
40.901719,64,2731.324542
44.383683,61,2735.700119
49.946909,65,2740.188513
41.64429,71,2745.187207
46.526471,67,2749.852488
-3.113381,22,2751.880604
46.318892,68,2756.65433
-5.191443,27,2759.145967
45.671488,60,2763.339288
43.714156,61,2767.618379
45.872205,58,2771.954332
45.188383,57,2776.126475
39.536807,56,2780.236313
46.274128,58,2784.345184
43.043761,62,2788.689438
45.423366,68,2793.409472
45.766097,61,2797.703359
45.867638,73,2802.540504
46.911175,67,2807.245327
48.798199,64,2811.665669
39.178532,59,2815.762767
45.689786,70,2820.503002
44.580699,60,2824.695359
37.07208,53,2828.70759
44.667052,61,2832.971501
38.591776,56,2837.031436
43.007975,60,2841.305583
38.402814,59,2845.542115
41.589377,61,2849.866596
44.096539,64,2854.420112
46.173891,59,2858.538435
26.065271,45,2862.091041
47.506154,69,2866.699372
38.736303,71,2871.676955
47.093772,67,2876.277438
43.476324,63,2880.721386
45.039422,58,2884.900555
40.519009,69,2889.709732
49.306191,64,2894.332958
43.541147,67,2899.123511
49.39832,67,2903.620506
46.340207,56,2907.850508
44.917415,62,2912.270275
47.546734,67,2917.013465
41.268539,70,2921.84349
50.140112,67,2926.58623
51.558108,64,2931.074589
44.668172,57,2935.308461
48.458472,65,2939.974814
49.018034,67,2944.582626
46.009241,57,2948.824375
37.598688,58,2953.011785
42.630815,62,2957.47009
42.17182,59,2961.722465
51.334197,63,2966.115525
40.694922,67,2970.746734
47.676549,71,2975.542621
38.063576,56,2979.647479
50.408237,61,2983.998847
45.991743,60,2988.183638
43.488641,61,2992.576442
41.32813,62,2996.930668
45.188393,61,3001.205336
34.801996,74,3006.314531
42.583349,61,3010.583869
46.304228,74,3015.657596
46.438638,62,3019.879042
42.046758,61,3024.272846
49.978578,64,3028.780536
38.899071,58,3032.993497
44.585913,61,3037.266105
42.882487,63,3041.716689
48.175956,66,3046.262595
37.369366,58,3050.351652
47.861219,66,3055.02256
51.268778,67,3059.639428
44.82351,59,3063.861472
45.590903,58,3068.039563
43.276613,66,3072.775021
48.623702,64,3077.256527
44.112969,64,3081.785317
48.608047,65,3086.29548
19.07103,41,3089.456791
50.972268,70,3094.304964
45.57091,67,3098.970779
51.979561,72,3104.009705
45.731763,55,3108.229549
43.215568,62,3112.677847
33.710082,58,3116.768626
48.951871,67,3121.433462
48.117328,69,3126.034963
46.188173,60,3130.365702
48.81797,67,3135.128538
45.195536,71,3140.064677
45.859081,67,3144.666028
43.994645,60,3148.936549
42.468187,64,3153.442822
42.717403,67,3158.057912
43.752769,64,3162.507369
47.562748,70,3167.267731
43.936279,60,3171.504091
42.581983,69,3176.527601
43.386833,72,3181.479655
47.432981,63,3186.067079
45.095227,63,3190.820786
45.553854,60,3195.076881
44.397037,63,3199.41455
44.913153,61,3203.676461
48.750286,64,3208.112652
47.85235,64,3212.742507
48.825779,66,3217.281609
46.654351,62,3221.504368
37.628498,58,3225.667499
44.592505,65,3230.312747
48.529009,64,3234.876133
44.98436,59,3239.209909
44.162626,75,3244.263108
46.267581,59,3248.616034
49.825737,67,3253.121617
44.800627,63,3257.593491
46.976604,60,3261.818501
40.76028,55,3265.928961
46.571141,57,3270.050747
38.027963,56,3274.174858
37.800105,60,3278.297543
46.791072,60,3282.463084
48.506345,67,3287.13468
43.322066,69,3291.959587
44.299941,64,3296.320057
46.775989,60,3300.428423
47.469965,71,3305.320568
45.681135,63,3309.599886
46.184476,56,3313.722955
45.010339,61,3318.03847
39.996814,53,3321.939454
43.396843,62,3326.325482
41.12875,65,3330.804179
50.325939,67,3335.482827
46.760093,68,3340.140405
48.811901,68,3344.763512
46.738953,57,3348.928439
44.341668,54,3353.023887
44.347743,63,3357.354485
46.504797,70,3362.021092
49.525292,64,3366.450308
47.93657,65,3371.280244
46.108464,59,3375.493431
45.058927,68,3380.268585
46.545057,60,3384.448361
45.936468,60,3388.681741
45.894444,57,3392.848256
46.256294,58,3397.087848
36.273378,58,3401.129645
42.858066,71,3405.890399
38.653018,56,3409.979634
44.524944,61,3414.32454
45.617896,63,3418.62401
44.699907,64,3423.009431
40.489326,65,3427.576615
45.892878,61,3431.902199
46.143792,58,3436.058483
45.854071,59,3440.292429
45.144461,60,3444.623663
45.947414,63,3448.963424
44.444834,63,3453.301998
45.460299,65,3457.743568
40.38618,60,3461.874728
49.835031,65,3466.462698
42.059799,67,3471.037472
46.070259,62,3475.382847
44.395778,60,3479.611641
46.182672,75,3484.615695
44.483075,69,3489.389525
37.35062,51,3493.320312
45.405639,61,3497.532607
45.575186,56,3501.759526
43.994971,60,3506.092667
1.99261,29,3508.646507
43.348085,61,3513.048328
45.343632,63,3517.427371
44.441428,60,3521.619484
42.893713,62,3525.952038
45.101206,62,3530.316648
44.037843,68,3535.120477
44.844377,62,3539.611787
46.938924,67,3544.283123
44.01353,64,3548.725673
51.392105,62,3553.098662
43.635613,59,3557.291435
37.314191,57,3561.567804
41.63025,62,3565.851116
47.175024,57,3569.978333
45.419571,59,3574.201613
42.97082,65,3578.591781
46.500551,66,3583.281633
19.750493,44,3586.566791
45.829701,59,3590.729769
44.753274,61,3594.993827
42.935741,62,3599.274201
48.465073,63,3603.710088
46.471768,55,3607.758845
44.258393,61,3612.151595
40.994415,57,3616.231549
43.708571,60,3620.509458
46.438344,63,3624.784764
43.390854,64,3629.177806
47.619029,60,3633.34382
43.383068,62,3637.773848
49.501054,68,3642.611611
43.323835,58,3646.900566
44.951264,61,3651.122595
46.057569,69,3655.862779
49.557487,66,3660.368295
47.377699,59,3664.54661
46.512672,56,3668.537152
44.89983,71,3673.327417
46.720312,60,3677.679493
46.581493,58,3681.857554
47.105355,54,3685.913157
46.101265,71,3690.68753
42.151832,66,3695.226974
45.534635,61,3699.52484
44.667208,59,3703.835337
45.262415,58,3708.062985
42.026189,64,3712.727141
48.116298,71,3717.620553
48.873513,71,3722.576548
48.50016,57,3726.660777
45.524288,61,3730.931532
50.666788,66,3735.584696
39.141699,54,3739.667181
50.229079,70,3744.380656
48.036586,66,3749.073388
45.035247,59,3753.335628
51.569707,73,3758.201487
44.316714,61,3762.476568
45.681936,58,3766.649077
44.408546,62,3771.105741
45.057297,61,3775.339511
47.067981,71,3780.136322
46.162685,60,3784.390912
47.816251,70,3789.11987
42.780129,60,3793.428576
39.415749,58,3797.514928
46.421823,59,3801.744569
31.603515,66,3806.354922
45.464135,60,3810.57562
46.141576,65,3815.343084
46.293417,56,3819.495538
49.672863,65,3824.049078
44.365426,59,3828.332632
50.369933,66,3832.836741
40.986167,65,3837.340717
42.058329,63,3841.757864
45.5747,62,3846.031541
49.504329,63,3850.496211
46.147589,65,3855.113183
44.975614,58,3859.297227
45.473034,62,3863.567156
44.937887,63,3867.955612
45.006635,61,3872.229295
47.423521,68,3876.956535
47.500694,59,3881.01175
44.50505,63,3885.460218
44.238864,57,3889.469035
41.300036,60,3894.054474
46.455481,59,3898.288983
47.469278,65,3902.997306
9.538161,32,3905.646752
47.278075,59,3909.708833
50.447309,66,3914.260649
37.403578,60,3918.545215
39.319092,58,3922.645989
39.282324,56,3926.771393
50.425654,65,3931.621883
39.542786,67,3936.24128
44.946825,62,3940.513566
48.729554,63,3944.98428
47.660654,67,3949.640795
46.290373,58,3953.805835
46.503297,59,3958.014857
45.240753,60,3962.190888
45.434374,57,3966.30258
45.442266,61,3970.564153
43.761606,66,3975.171939
46.248685,59,3979.288454
46.358076,68,3983.927548
46.27443,70,3988.6665
50.927645,69,3993.344805
48.443673,65,3997.936129
49.360113,62,4002.452689
45.066051,60,4006.619765
43.505221,60,4010.990528
2.544946,26,4013.372555
46.521697,59,4017.482138
50.472012,64,4022.027834
40.657786,58,4026.033628
45.03334,67,4030.760496
44.439323,64,4035.105014
49.165796,67,4039.700511
43.533536,62,4044.123258
38.035947,59,4048.33654
51.532091,66,4052.911827
38.986461,55,4056.903636
45.98335,59,4061.074738
39.090865,57,4065.168471
47.621362,57,4069.222424
46.977266,57,4073.380664
46.713312,59,4077.497698
49.272911,68,4082.06875
38.082494,55,4086.132925
47.82679,58,4090.193054
47.193716,60,4094.35172
46.829393,56,4098.38619
45.364043,61,4102.738061
43.896557,61,4107.08181
46.08625,61,4111.315481
50.102381,62,4115.831769
41.481979,55,4120.099823
44.600229,62,4124.526014
51.419279,69,4129.349961
44.029521,63,4133.702433
47.116546,59,4137.861344
35.406256,54,4141.84689
46.258507,61,4146.073313
40.56648,56,4150.140945
49.212508,70,4154.85351
49.352852,66,4159.484504
44.852393,61,4163.767871
44.714335,62,4168.340648
44.24458,64,4172.943833
45.811053,59,4177.170919
44.544499,61,4181.461387
48.089769,65,4186.049281
48.144567,70,4190.894428
50.321563,61,4195.336082
48.478318,69,4200.161848
51.503773,63,4204.611449
45.925673,60,4208.795747
46.905302,60,4213.010663
47.315368,72,4218.0255
46.262058,57,4222.186491
45.610077,68,4226.811016
43.778811,60,4231.133621
45.239415,60,4235.341412
48.795997,66,4240.005959
38.934078,57,4244.045854
44.196166,58,4248.391454
42.554631,62,4252.786208
46.318788,56,4256.793907
46.595115,69,4261.539081
37.678421,52,4265.614002
48.277932,63,4269.986516
44.369863,58,4274.311859
46.981673,68,4278.926882
46.653733,56,4283.043095
45.450673,62,4287.375469
44.847928,62,4291.73551
44.561257,56,4295.953813
48.099266,65,4300.618807
43.834907,59,4304.923078
40.332166,56,4308.978561
46.862087,67,4313.734066
46.592096,71,4318.673594
39.883059,59,4322.818671
47.44198,55,4326.92211
46.095754,58,4331.088025
36.878515,60,4335.361051
46.831749,57,4339.521176
47.08498,55,4343.581985
45.960679,58,4347.731264
48.43608,66,4352.362024
46.560888,58,4356.456855
46.744434,56,4360.511567
42.611057,66,4365.229514
49.871498,70,4369.995248
46.028986,70,4374.909435
45.557093,63,4379.175341
44.298683,59,4383.480842
44.642916,62,4387.85361
45.472339,60,4392.039124
44.03993,54,4396.176861
46.649837,58,4400.382337
50.139416,67,4404.936083
44.344671,60,4409.122463
45.927953,59,4413.244972
46.271217,57,4417.319673
47.455546,59,4421.454066
46.18416,59,4425.615871
45.326157,57,4429.787311
47.173746,56,4433.792474
50.537367,64,4438.304417
50.145861,69,4443.017812
48.458667,71,4447.876661
46.550789,58,4452.045617
45.728153,60,4456.212682
47.22083,58,4460.344243
46.798754,57,4464.347942
51.162215,63,4468.793487
44.403973,60,4473.052608
45.672086,62,4477.32314
43.913157,62,4481.646688
44.958775,61,4485.915697
49.414657,61,4490.357548
46.367769,58,4494.529531
45.382841,61,4498.8007
45.016257,57,4502.998519
49.738201,65,4507.628682
50.412231,60,4512.071201
43.308945,74,4517.192681
43.006383,69,4521.864336
53.64244,74,4527.044708
49.064982,64,4531.534829
54.54901,77,4536.684651
47.208629,60,4540.904622
46.025697,58,4545.034618
47.320278,70,4549.976556
45.098901,61,4554.182763
47.263747,66,4558.693226
46.955119,54,4562.790379
46.586416,55,4566.906611
47.478124,68,4571.536876
50.133427,69,4576.445491
48.079922,66,4581.019936
48.183389,65,4585.530782
48.174764,68,4590.126109
49.010553,65,4594.686653
46.787137,60,4598.975861
46.991972,58,4603.031946
44.65774,63,4607.307091
48.867563,77,4612.464594
44.050265,70,4617.30144
43.435763,62,4621.627898
45.434788,57,4625.797711
46.663166,60,4629.899566
49.48424,63,4634.398693
51.845813,72,4639.333072
47.629364,58,4643.39553
45.243878,68,4648.161544
47.044689,63,4652.528806
49.94122,63,4656.872082
45.699149,63,4661.482585
26.75561,44,4664.844517
47.720189,69,4669.583691
45.936099,60,4673.854484
48.024729,66,4678.489357
48.062997,68,4683.036101
35.870697,56,4687.255533
46.550263,57,4691.275981
47.100206,53,4695.367792
43.344227,57,4699.81565
46.249665,66,4704.436481
50.649776,67,4708.99079
50.970791,67,4713.480441
45.991435,56,4717.529173
43.995559,57,4721.78287
43.35829,58,4726.107464
46.91474,56,4730.188619
49.702792,64,4734.798909
45.660805,53,4739.913846
47.189591,57,4744.414611
45.722891,54,4748.673483
48.34576,69,4753.616804
45.562063,65,4758.224701
50.675226,67,4762.712717
49.715887,58,4767.137692
64.678294,89,4773.212546
50.696726,61,4777.731001
49.535386,62,4782.291947
46.968442,58,4786.399555
46.153311,58,4790.462553
43.719257,64,4795.070612
46.61749,52,4799.132165
49.516959,61,4803.60823
46.288439,63,4808.017246
45.202202,60,4812.624946
51.749196,61,4817.074182
46.086297,56,4821.239065
45.728077,61,4825.396784
49.971782,64,4829.939759
46.954891,67,4834.560569
48.045866,66,4839.016843
48.316985,70,4843.682694
44.291238,77,4848.827381
48.069677,65,4853.309417
46.315547,59,4857.42859
48.719979,70,4862.090181
49.853531,65,4866.655317
-5.839187,27,4868.991579
45.548004,59,4873.183517
45.542612,59,4877.381047
46.016167,59,4881.480739
51.8563,64,4885.983361
50.511867,77,4891.057559
46.938984,63,4895.319566
50.513359,67,4899.833724
47.568762,61,4903.989254
47.251503,61,4908.221655
48.190271,69,4912.804561
46.765716,57,4916.801463
46.892323,59,4920.980998
48.069534,69,4925.757488
50.063815,66,4930.30953
42.995488,59,4934.620356
37.846308,42,4938.633934
48.619507,62,4943.143725
45.435281,57,4947.36454
45.230392,64,4951.744731
47.098456,66,4956.28531
43.520662,58,4960.394764
46.038808,58,4964.385518
48.268408,67,4968.897498
45.279831,59,4973.077147
49.744035,56,4977.465968
46.874644,57,4981.677507
46.149723,55,4986.031132
50.834737,58,4990.466254
56.56497,83,4996.245888
46.253219,57,5000.41887
50.510869,60,5004.924551
39.222874,42,5009.108371
42.953218,40,5013.4409
48.919845,44,5018.152048
45.857742,39,5022.384507
42.631106,45,5026.964038
44.927367,34,5031.259799
48.64245,39,5035.650481
44.567683,37,5040.040098
57.640095,52,5045.835218
46.970539,45,5050.75832
44.696269,41,5055.164726
53.379025,69,5060.088
42.506426,61,5064.426556
44.466309,60,5068.787427
46.476822,56,5072.977466
46.551133,69,5077.634731
45.302587,75,5082.828187
50.917989,53,5087.118228
44.740787,60,5091.373699
45.458303,58,5095.64987
48.388909,67,5100.195206
50.306849,64,5104.658525
56.195184,95,5110.710728
49.69439,69,5115.327608
49.420383,69,5119.938997
72.85004,103,5126.377742
46.619308,66,5130.931508
50.917306,75,5135.972139
47.282718,63,5140.226248
46.509624,58,5144.265301
46.503729,59,5148.36095
47.655251,59,5152.429486
76.721763,104,5159.141367
41.036776,58,5163.19475
47.466147,59,5167.304366
45.703592,63,5171.559417
48.937329,67,5176.113336
41.426303,55,5180.152977
53.27042,73,5185.04815
44.71092,60,5189.288158
60.173386,93,5195.400476
45.310262,62,5199.674409
43.640214,66,5204.234064
49.171321,67,5208.746474
44.026097,62,5213.002265
41.855568,68,5217.744918
45.971031,58,5221.801569
44.160671,63,5226.197131
46.657764,59,5230.277663
51.014993,66,5234.728902
47.106852,57,5238.780851
47.202606,62,5243.120035
43.544132,55,5247.5126
43.913415,44,5251.728657
48.175929,62,5256.323147
59.739425,75,5262.30489
45.742638,56,5266.58985
43.854065,54,5270.87246
48.666973,66,5275.528593
55.119181,87,5281.956891
48.061675,66,5286.503489
49.911346,79,5291.787207
115.97149,145,5301.088951
46.829216,69,5305.911587
45.128989,72,5310.750031
46.360902,59,5314.85256
46.316443,59,5319.019217
48.113283,71,5323.85636
47.62906,66,5328.325393
51.209975,57,5332.755625
